observationKey,season,playerId,playerName,teamName,conference,minutes,bartRole,pbpPlayerId,pbpMatchType,ht_inches,usg_%,TS_%,ORB_%,DRB_%,AST_%,FT_%,FT_rate,TP_%,ast_tov,TOV%,rim_pct_of_total_attempts,rim_%,mid_pct_of_total_attempts,mid_%,threePA_per_100,pct_rim_made_assisted,pct_three_made_assisted,pct_total_made_assisted,blk_%,stl_%,pf_per_40,stops_per_40,A0,A1,A2,A3,A4,A5,A6,A7,primaryArchetype,primaryArchetypeLabel,primaryArchetypeWeight,secondaryArchetype,secondaryArchetypeLabel,secondaryArchetypeWeight,unstableArchetypeFlag,stabilityTier,stabilityNote
133853::2026::Abilene Christian,2026,133853,Isaiah Carrillo,Abilene Christian,WAC,33.6,Pure PG,133853,pid_team,70,12.3,30,0,8.2,10.9,0.0,0,33.300000000000004,2.00000000,0,20.0,0.0,20.0,0.0,9.60512,0.0,100.0,100.0,0,6.6,0,4.518440476190476,0.369083,0.0,0.354517,0.2764,0.0,0.0,0.0,0.0,A0,Perimeter Spacer,0.369083,A2,Low-Production Player,0.354517,True,very_unstable,Below 150 minutes; scored out-of-sample relative to the 150+ minute core_v3 training population.
134961::2026::Abilene Christian,2026,134961,Tylan Lewis,Abilene Christian,WAC,107.3784,Wing G,134961,pid_team,72,7.8,11.11,0,9.2,13.6,0.0,0,0.0,1.62504222,28.4,55.55555555555556,20.0,33.33333333333333,0.0,0.738856,100.0,0.0,100.0,1.5,0.7,4.6,3.7223724696959533,0.0,0.054653,0.945347,0.0,0.0,0.0,0.0,0.0,A2,Low-Production Player,0.945347,A1,Connecting Guard,0.054653,True,borderline_unstable,Below 150 minutes; scored out-of-sample relative to the 150+ minute core_v3 training population.
134884::2026::Air Force,2026,134884,Brendan Martin,Air Force,MWC,64.1004,Wing G,134884,pid_team,78,18,50.11,0,9.7,7.7,0.0,9.5,26.700000000000003,1.00000000,10.2,19.047619047619047,75.0,9.523809523809524,100.0,13.8511,66.66666666666666,100.0,77.77777777777779,0,1.9,1.9,5.644975694379442,0.0,0.379191,0.50377,0.0,0.0,0.117039,0.0,0.0,A2,Low-Production Player,0.50377,A1,Connecting Guard,0.379191,True,unstable,Below 150 minutes; scored out-of-sample relative to the 150+ minute core_v3 training population.
135089::2026::Air Force,2026,135089,Chris Catchings,Air Force,MWC,10.5,Pure PG,135089,pid_team,76,25.3,0,11.6,11.9,70.1,0.0,0,0.0,4.00000000,22.2,33.33333333333333,0.0,0.0,0.0,11.5426,0.0,0.0,0.0,0,5.7,7.6,8.628761904761905,0.0,0.938739,0.061261,0.0,0.0,0.0,0.0,0.0,A1,Connecting Guard,0.938739,A2,Low-Production Player,0.061261,True,very_unstable,Below 150 minutes; scored out-of-sample relative to the 150+ minute core_v3 training population.
126734::2026::Air Force,2026,126734,Elliott Taite,Air Force,MWC,20.9004,Pure PG,126734,pid_team,75,30.7,66.79,0,11.9,45.8,0.0,7.7,57.099999999999994,2.00120050,9.2,38.46153846153847,60.0,7.6923076923076925,0.0,20.1995,33.33333333333333,75.0,57.14285714285714,0,0,0,4.558151997090964,0.039902,0.528441,0.088541,0.0,0.116572,0.226544,0.0,0.0,A1,Connecting Guard,0.528441,A5,Efficient Play Finisher,0.226544,True,very_unstable,Below 150 minutes; scored out-of-sample relative to the 150+ minute core_v3 training population.
79433::2026::Air Force,2026,79433,Josh Gatete,Air Force,MWC,64.0995,Scoring PG,79433,pid_team,81,17.4,25.16,1.9,9.7,14.8,50.0,28.6,25.0,0.45452067,58.4,28.57142857142857,0.0,14.285714285714285,0.0,3.69363,0.0,100.0,100.0,5.3,2.8,3.7,7.181210461860078,0.0,0.0,0.470457,0.529543,0.0,0.0,0.0,0.0,A3,Two-Way Guard,0.529543,A2,Low-Production Player,0.470457,True,unstable,Below 150 minutes; scored out-of-sample relative to the 150+ minute core_v3 training population.
126568::2026::Air Force,2026,126568,Kyle Marshall,Air Force,MWC,65.5,PF/C,126568,pid_team,76,17.4,37.99,9.3,11.4,28,0.0,17.6,0.0,8.00000000,5.2,73.68421052631578,50.0,5.263157894736842,0.0,1.8106,28.57142857142857,0.0,37.5,1.7,1.8,3.1,6.1102290076335875,0.0,0.0,0.274189,0.068981,0.0,0.0,0.0,0.65683,A7,Traditional Big,0.65683,A2,Low-Production Player,0.274189,True,unstable,Below 150 minutes; scored out-of-sample relative to the 150+ minute core_v3 training population.
134890::2026::Air Force,2026,134890,Sam Imade,Air Force,MWC,33.5,Wing G,134890,pid_team,78,13.8,40,0,3.7,0,0.0,0,50.0,0.00000000,0,30.0,33.33,30.0,0.0,7.10313,100.0,100.0,100.0,0,0,0,3.7139223880597014,0.395447,0.0,0.165508,0.0,0.0,0.439044,0.0,0.0,A5,Efficient Play Finisher,0.439044,A0,Perimeter Spacer,0.395447,True,very_unstable,Below 150 minutes; scored out-of-sample relative to the 150+ minute core_v3 training population.
127212::2026::Akron,2026,127212,Conner Groce,Akron,MAC,22.1694,Wing G,127212,pid_team,72,21.8,33.52,7,0,0,50.0,25,25.0,0.84589999,0,37.5,33.33,12.5,0.0,13.1585,100.0,100.0,100.0,0,0,6.9,3.227096809115267,0.669016,0.211141,0.030498,0.0,0.0,0.089345,0.0,0.0,A0,Perimeter Spacer,0.669016,A1,Connecting Guard,0.211141,True,very_unstable,Below 150 minutes; scored out-of-sample relative to the 150+ minute core_v3 training population.
76774::2026::Akron,2026,76774,Halil Barre,Akron,MAC,110.7839,C,76774,pid_team,81,20.7,75.65,9.1,22.7,1.4,77.4,182.4,0.0,0.18180331,28.3,62.5,80.0,8.333333333333332,0.0,0,91.66666666666666,0.0,94.44444444444444,9.9,1.1,7.6,8.94949536891191,0.0,0.0,0.0,0.0,0.0,0.0,0.0,1.0,A7,Traditional Big,1.0,A0,Perimeter Spacer,0.0,True,borderline_unstable,Below 150 minutes; scored out-of-sample relative to the 150+ minute core_v3 training population.
134272::2026::Akron,2026,134272,Ognjen Stankovic,Akron,MAC,104.0896,PF/C,134272,pid_team,80,19.8,49.86,8.8,14.8,9,58.8,89.5,25.0,0.74996250,26.7,63.1578947368421,33.33,15.789473684210526,100.0,2.34329,25.0,100.0,62.5,2.4,2.9,2.9,7.723999323659616,0.167006,0.117637,0.0,0.440385,0.274972,0.0,0.0,0.0,A3,Two-Way Guard,0.440385,A4,Scoring Playmaker,0.274972,True,borderline_unstable,Below 150 minutes; scored out-of-sample relative to the 150+ minute core_v3 training population.
127217::2026::Akron,2026,127217,Rich Brisco,Akron,MAC,20.64,C,127217,pid_team,80,14.6,0,0,21.6,0,0.0,0,0.0,0.00000000,50.9,50.0,0.0,25.0,0.0,0,0.0,0.0,0.0,0,0,5.3,5.074321705426356,0.0,0.0,1.0,0.0,0.0,0.0,0.0,0.0,A2,Low-Production Player,1.0,A0,Perimeter Spacer,0.0,True,very_unstable,Below 150 minutes; scored out-of-sample relative to the 150+ minute core_v3 training population.
75113::2026::Alabama,2026,75113,Charles Bediako,Alabama,SEC,107.6,C,75113,pid_team,84,15.9,75.93,8.7,12.5,1.6,69.6,104.5,0.0,0.25000000,12.6,63.63636363636363,80.95,0.0,0.0,0.503467,70.58823529411765,0.0,78.57142857142857,5.9,2,4.5,8.031933085501858,0.0,0.0,0.0,0.0,0.0,0.295548,0.0,0.704452,A7,Traditional Big,0.704452,A5,Efficient Play Finisher,0.295548,True,borderline_unstable,Below 150 minutes; scored out-of-sample relative to the 150+ minute core_v3 training population.
134799::2026::Alabama,2026,134799,Collins Onyejiaka,Alabama,SEC,9.4,C,134799,pid_team,83,26.8,33.9,11.1,51,0,0.0,100,0.0,0.00000000,42.8,66.66666666666666,50.0,0.0,0.0,0,100.0,0.0,100.0,0,0,17,12.361446808510637,0.0,0.0,0.0,0.247431,0.0,0.0,0.0,0.752569,A7,Traditional Big,0.752569,A3,Two-Way Guard,0.247431,True,very_unstable,Below 150 minutes; scored out-of-sample relative to the 150+ minute core_v3 training population.
134346::2026::Alabama,2026,134346,Davion Hannah,Alabama,SEC,127.9,Wing G,134346,pid_team,78,14.8,55.37,3.3,11.2,9.6,62.5,30.8,36.4,0.80000001,28.4,43.333333333333336,53.849999999999994,6.666666666666667,50.0,4.62525,71.42857142857143,100.0,86.66666666666667,1.4,3,2.8,7.6802501954652085,0.0,0.0,0.283739,0.716261,0.0,0.0,0.0,0.0,A3,Two-Way Guard,0.716261,A2,Low-Production Player,0.283739,True,borderline_unstable,Below 150 minutes; scored out-of-sample relative to the 150+ minute core_v3 training population.
137652::2026::Alabama,2026,137652,Jacob Martin,Alabama,SEC,13.1,C,137652,pid_team,82,8.7,76.92,8,0,11.4,50.0,200,0.0,1.00000001,0,50.0,100.0,0.0,0.0,0,100.0,0.0,100.0,20.8,0,3.1,7.0351755725190825,0.0,0.0,0.0,0.0,0.0,0.050217,0.0,0.949783,A7,Traditional Big,0.949783,A5,Efficient Play Finisher,0.050217,True,very_unstable,Below 150 minutes; scored out-of-sample relative to the 150+ minute core_v3 training population.
128203::2026::Alabama,2026,128203,Keitenn Bristow,Alabama,SEC,126.0,PF/C,128203,pid_team,82,18.7,44.86,12.4,19,6.1,73.3,45.5,11.1,0.62499999,18.3,65.71428571428571,47.83,2.857142857142857,0.0,3.86934,45.45454545454545,100.0,50.0,4.3,2.6,8.9,9.43879365079365,0.098841,0.123994,0.0,0.777165,0.0,0.0,0.0,0.0,A3,Two-Way Guard,0.777165,A1,Connecting Guard,0.123994,True,borderline_unstable,Below 150 minutes; scored out-of-sample relative to the 150+ minute core_v3 training population.
133815::2026::Alabama,2026,133815,Preston Murphy Jr.,Alabama,SEC,14.6,PF/C,133815,pid_team,73,18,25.32,7.2,19.7,27.5,100.0,66.7,0.0,3.00000000,20.5,0.0,0.0,33.33333333333333,0.0,7.65269,0.0,0.0,0.0,0,0,5.5,6.742328767123288,0.327282,0.514712,0.158006,0.0,0.0,0.0,0.0,0.0,A1,Connecting Guard,0.514712,A0,Perimeter Spacer,0.327282,True,very_unstable,Below 150 minutes; scored out-of-sample relative to the 150+ minute core_v3 training population.
134426::2026::Alabama A&M,2026,134426,Jalen Carruth,Alabama A&M,SWAC,91.3,Wing F,134426,pid_team,79,11.9,60.34,3.6,10.8,2,60.0,25,50.0,0.49965010,10,10.0,100.0,30.0,16.669999999999998,7.09821,0.0,100.0,66.66666666666666,1.1,1.8,2.8,6.77380065717415,0.0,0.0,0.191553,0.431898,0.044796,0.237849,0.08783,0.006075,A3,Two-Way Guard,0.431898,A5,Efficient Play Finisher,0.237849,True,unstable,Below 150 minutes; scored out-of-sample relative to the 150+ minute core_v3 training population.
135394::2026::Alabama A&M,2026,135394,Peyton Daniels,Alabama A&M,SWAC,76.8,Scoring PG,135394,pid_team,74,17.4,52.76,0,13.5,8.6,75.0,22.2,40.0,0.44442716,24.1,5.555555555555555,0.0,11.11111111111111,0.0,12.6972,0.0,16.666666666666664,16.666666666666664,1.6,3.4,4.5,7.086093749999999,0.952327,0.0,0.047673,0.0,0.0,0.0,0.0,0.0,A0,Perimeter Spacer,0.952327,A2,Low-Production Player,0.047673,True,unstable,Below 150 minutes; scored out-of-sample relative to the 150+ minute core_v3 training population.
75026::2026::Alabama A&M,2026,75026,Samuel Onu,Alabama A&M,SWAC,110.2008,C,75026,pid_team,84,12.3,48.3,3.3,13,1.7,43.8,160,0.0,0.14278776,30.6,81.81818181818183,55.559999999999995,0.0,0.0,0.539516,60.0,0.0,66.66666666666666,4.1,2.2,9.1,7.414428933365275,0.0,0.0,0.028659,0.385775,0.0,0.0,0.0,0.585565,A7,Traditional Big,0.585565,A3,Two-Way Guard,0.385775,True,borderline_unstable,Below 150 minutes; scored out-of-sample relative to the 150+ minute core_v3 training population.
134429::2026::Alabama A&M,2026,134429,Tajden Davis,Alabama A&M,SWAC,87.21,Wing G,134429,pid_team,77,13.4,44.51,4.5,12,0,66.7,42.9,25.0,0.42857145,22.2,50.0,57.14,21.428571428571427,0.0,2.97551,25.0,100.0,40.0,0,0.7,3.5,5.0054351565187485,0.0,0.0,0.190781,0.117445,0.040683,0.0,0.28564,0.365451,A7,Traditional Big,0.365451,A6,Two-Way Forward,0.28564,True,unstable,Below 150 minutes; scored out-of-sample relative to the 150+ minute core_v3 training population.
133623::2026::Alabama St.,2026,133623,Jordon Marshall,Alabama St.,SWAC,18.5835,PF/C,133623,pid_team,74,17,29.2,0,14,19.3,66.7,150,0.0,0.49992499,39.5,0.0,0.0,50.0,0.0,3.24156,0.0,0.0,0.0,0,0,11.9,5.037866924960315,0.0,0.0,0.108817,0.549604,0.341578,0.0,0.0,0.0,A3,Two-Way Guard,0.549604,A4,Scoring Playmaker,0.341578,True,very_unstable,Below 150 minutes; scored out-of-sample relative to the 150+ minute core_v3 training population.
128056::2026::Alabama St.,2026,128056,Kevin Alabi,Alabama St.,SWAC,42.4165,C,128056,pid_team,81,12.6,22.86,7.7,14.4,0,20.0,250,0.0,0.00000000,10.9,60.0,33.33,20.0,0.0,0,100.0,0.0,100.0,0,2.7,5.9,7.096238492096235,0.0,0.0,0.125199,0.347275,0.0,0.0,0.0,0.527526,A7,Traditional Big,0.527526,A3,Two-Way Guard,0.347275,True,very_unstable,Below 150 minutes; scored out-of-sample relative to the 150+ minute core_v3 training population.
76289::2026::Alabama St.,2026,76289,Trey Miller,Alabama St.,SWAC,44.2666,Pure PG,76289,pid_team,74,25.2,38.89,0,5.5,29.1,0.0,0,40.0,1.71431012,25.9,16.666666666666664,66.67,55.55555555555556,20.0,6.48313,50.0,100.0,50.0,0,3.9,6.5,6.938215268396489,0.0,0.07695,0.92305,0.0,0.0,0.0,0.0,0.0,A2,Low-Production Player,0.92305,A1,Connecting Guard,0.07695,True,very_unstable,Below 150 minutes; scored out-of-sample relative to the 150+ minute core_v3 training population.
79206::2026::Albany,2026,79206,Bautista Giralt,Albany,AE,34.5058,Pure PG,79206,pid_team,84,15.6,41.67,10.3,10.6,6.6,50.0,800,0.0,1.00000000,16.8,100.0,0.0,0.0,0.0,0,0.0,0.0,0.0,0,2.6,5.2,4.092425041587211,0.0,0.0,0.0,0.672731,0.0,0.0,0.0,0.327269,A3,Two-Way Guard,0.672731,A7,Traditional Big,0.327269,True,very_unstable,Below 150 minutes; scored out-of-sample relative to the 150+ minute core_v3 training population.
78062::2026::Albany,2026,78062,Ife West-Ingram,Albany,AE,85.5336,Wing G,78062,pid_team,79,12.4,65.96,0,15.7,0,50.0,11.1,0.0,1.16664169,7,42.857142857142854,88.89,28.57142857142857,66.67,2.58467,75.0,0.0,80.0,0,2.6,6.8,5.536911810095682,0.0,0.567415,0.0,0.0,0.0,0.432585,0.0,0.0,A1,Connecting Guard,0.567415,A5,Efficient Play Finisher,0.432585,True,unstable,Below 150 minutes; scored out-of-sample relative to the 150+ minute core_v3 training population.
75760::2026::Albany,2026,75760,Yaya Keita,Albany,AE,87.0,C,75760,pid_team,81,18.7,53.71,15.7,8.8,11,77.8,47.4,0.0,1.16684729,15.6,63.1578947368421,58.330000000000005,36.84210526315789,28.57,0,57.14285714285714,0.0,66.66666666666666,0,2.2,10,5.526896551724138,0.082016,0.553056,0.0,0.0,0.364928,0.0,0.0,0.0,A1,Connecting Guard,0.553056,A4,Scoring Playmaker,0.364928,True,unstable,Below 150 minutes; scored out-of-sample relative to the 150+ minute core_v3 training population.
134586::2026::Alcorn St.,2026,134586,Jeremy Ellis,Alcorn St.,SWAC,137.0006,C,134586,pid_team,80,11.1,48.22,6.7,10,4.1,83.3,28.6,0.0,0.60008798,19,46.42857142857143,53.849999999999994,28.57142857142857,25.0,0,71.42857142857143,0.0,73.33333333333333,7.8,0.8,5.5,6.13927238274869,0.488799,0.207367,0.303834,0.0,0.0,0.0,0.0,0.0,A0,Perimeter Spacer,0.488799,A2,Low-Production Player,0.303834,True,borderline_unstable,Below 150 minutes; scored out-of-sample relative to the 150+ minute core_v3 training population.
134823::2026::Alcorn St.,2026,134823,William Henderson,Alcorn St.,SWAC,112.5003,C,134823,pid_team,82,20.1,42.18,6.1,13.3,1.9,40.0,15.6,20.0,0.09090000,28.1,15.151515151515152,20.0,66.66666666666666,50.0,2.55485,0.0,100.0,30.76923076923077,6.6,1,6.4,6.511200414576672,0.0,0.0,0.0552,0.0,0.28652,0.0,0.65828,0.0,A6,Two-Way Forward,0.65828,A4,Scoring Playmaker,0.28652,True,borderline_unstable,Below 150 minutes; scored out-of-sample relative to the 150+ minute core_v3 training population.
135002::2026::American,2026,135002,Carson McDonald,American,Pat,42.75,PF/C,135002,pid_team,81,22.2,68.32,6.4,36.2,4.2,63.6,68.8,0.0,0.33333333,14.8,52.94117647058824,66.67,35.294117647058826,83.33,1.08748,50.0,0.0,50.0,4.4,4.4,5.1,13.781614035087719,0.0,0.0,0.0,0.84202,0.0,0.0,0.15798,0.0,A3,Two-Way Guard,0.84202,A6,Two-Way Forward,0.15798,True,very_unstable,Below 150 minutes; scored out-of-sample relative to the 150+ minute core_v3 training population.
134585::2026::American,2026,134585,Jack Anderson,American,Pat,13.5,Combo G,134585,pid_team,76,4.7,0,0,0,0,0.0,0,0.0,0.00000000,0,0.0,0.0,0.0,0.0,6.25302,0.0,0.0,0.0,0,0,0,2.3550785185185186,0.390199,0.0,0.609801,0.0,0.0,0.0,0.0,0.0,A2,Low-Production Player,0.609801,A0,Perimeter Spacer,0.390199,True,very_unstable,Below 150 minutes; scored out-of-sample relative to the 150+ minute core_v3 training population.
135604::2026::American,2026,135604,Luke Brown,American,Pat,103.23,Wing F,135604,pid_team,81,10,41.84,8.4,17.4,8.2,100.0,18.2,0.0,1.60000002,14.4,33.33333333333333,50.0,41.66666666666667,40.0,1.42926,100.0,0.0,80.0,1.5,2.1,3.8,5.6561852174755405,0.34477,0.65523,0.0,0.0,0.0,0.0,0.0,0.0,A1,Connecting Guard,0.65523,A0,Perimeter Spacer,0.34477,True,borderline_unstable,Below 150 minutes; scored out-of-sample relative to the 150+ minute core_v3 training population.
127676::2026::Appalachian St.,2026,127676,Cameron O'Kelley,Appalachian St.,SB,15.84,Pure PG,127676,pid_team,75,20,100,0,0,0,0.0,0,0.0,1.50000004,0,100.0,100.0,0.0,0.0,0,100.0,0.0,100.0,0,52,0,2.790984848484848,0.0,0.0,0.0,1.0,0.0,0.0,0.0,0.0,A3,Two-Way Guard,1.0,A0,Perimeter Spacer,0.0,True,very_unstable,Below 150 minutes; scored out-of-sample relative to the 150+ minute core_v3 training population.
134387::2026::Appalachian St.,2026,134387,Jacari Brim,Appalachian St.,SB,126.91,Pure PG,134387,pid_team,74,6.1,15,1.2,9.2,10.8,0.0,0,11.1,14.98461586,10.6,10.0,0.0,0.0,0.0,5.86476,0.0,100.0,100.0,0,1.3,2.9,4.28757387124734,0.0,1.0,0.0,0.0,0.0,0.0,0.0,0.0,A1,Connecting Guard,1.0,A0,Perimeter Spacer,0.0,True,borderline_unstable,Below 150 minutes; scored out-of-sample relative to the 150+ minute core_v3 training population.
127341::2026::Arizona,2026,127341,Addison Arnold,Arizona,B12,43.7,Wing G,127341,pid_team,75,17.3,26.85,5.4,15.8,12.9,100.0,30.8,0.0,2.00000000,14.7,46.15384615384615,33.33,38.46153846153847,0.0,2.55112,50.0,0.0,50.0,2.3,0,8.2,6.950608695652174,0.287787,0.712213,0.0,0.0,0.0,0.0,0.0,0.0,A1,Connecting Guard,0.712213,A0,Perimeter Spacer,0.287787,True,very_unstable,Below 150 minutes; scored out-of-sample relative to the 150+ minute core_v3 training population.
75846::2026::Arizona,2026,75846,Evan Nelson,Arizona,B12,85.2,Combo G,75846,pid_team,74,11.6,53.85,1.4,12.8,11.8,0.0,0,40.0,1.00000000,39.5,15.384615384615385,50.0,7.6923076923076925,0.0,6.61401,0.0,100.0,80.0,1.2,2,1.4,7.4729577464788735,0.0,0.0,0.570197,0.429803,0.0,0.0,0.0,0.0,A2,Low-Production Player,0.570197,A3,Two-Way Guard,0.429803,True,unstable,Below 150 minutes; scored out-of-sample relative to the 150+ minute core_v3 training population.
79094::2026::Arizona,2026,79094,Jackson Cook,Arizona,B12,13.4,PF/C,79094,pid_team,74,10.6,0,8.9,7.4,0,0.0,33.3,0.0,0.00000000,0,33.33333333333333,0.0,0.0,0.0,7.93681,0.0,0.0,0.0,0,0,6,5.22,0.30879,0.0,0.69121,0.0,0.0,0.0,0.0,0.0,A2,Low-Production Player,0.69121,A0,Perimeter Spacer,0.30879,True,very_unstable,Below 150 minutes; scored out-of-sample relative to the 150+ minute core_v3 training population.
76494::2026::Arizona,2026,76494,Jackson Francois,Arizona,B12,13.7,PF/C,76494,pid_team,77,18.8,66.67,17.3,14.4,0,0.0,0,0.0,0.00000000,43.4,33.33333333333333,100.0,66.66666666666666,50.0,0,0.0,0.0,0.0,0,0,17.5,6.647386861313869,0.0,0.0,0.512733,0.0,0.116623,0.0,0.0,0.370645,A2,Low-Production Player,0.512733,A7,Traditional Big,0.370645,True,very_unstable,Below 150 minutes; scored out-of-sample relative to the 150+ minute core_v3 training population.
133776::2026::Arizona,2026,133776,Sidi Gueye,Arizona,B12,89.2996,C,133776,pid_team,82,15.5,71.04,6.6,16.6,9.2,63.6,61.1,0.0,1.00000000,20.1,58.333333333333336,71.43,16.666666666666664,75.0,0,70.0,0.0,66.66666666666666,9.1,1.3,5.4,9.074262370716106,0.0,0.164043,0.0,0.0,0.157531,0.025024,0.047781,0.605621,A7,Traditional Big,0.605621,A1,Connecting Guard,0.164043,True,unstable,Below 150 minutes; scored out-of-sample relative to the 150+ minute core_v3 training population.
127426::2026::Arizona,2026,127426,Sven Djopmo,Arizona,B12,32.7009,Combo G,127426,pid_team,74,16.1,53.33,3.6,9.1,19.3,40.0,71.4,0.0,4.00190117,10.6,71.42857142857143,80.0,0.0,0.0,3.40149,25.0,0.0,25.0,0,1.7,3.7,6.611548917613888,0.0,0.0,0.0,0.0,0.0,0.0,0.0,1.0,A7,Traditional Big,1.0,A0,Perimeter Spacer,0.0,True,very_unstable,Below 150 minutes; scored out-of-sample relative to the 150+ minute core_v3 training population.
133646::2026::Arizona St.,2026,133646,Trevor Best,Arizona St.,B12,104.2992,Wing G,133646,pid_team,75,15.3,42.24,3.4,8.7,3.3,63.6,50,16.7,0.33333335,21.3,20.833333333333336,60.0,20.833333333333336,40.0,6.52521,100.0,100.0,75.0,0,0.5,3.1,5.046520011658766,0.0,0.0,0.0,0.0,0.0,0.710683,0.289317,0.0,A5,Efficient Play Finisher,0.710683,A6,Two-Way Forward,0.289317,True,borderline_unstable,Below 150 minutes; scored out-of-sample relative to the 150+ minute core_v3 training population.
135246::2026::Arkansas,2026,135246,Amere Brown,Arkansas,SEC,12.6,PF/C,135246,pid_team,69,19.5,8.47,0,0,0,25.0,100,0.0,0.00000000,0,25.0,0.0,50.0,0.0,4.59878,0.0,0.0,0.0,0,0,0,3.3793333333333333,0.308284,0.0,0.472796,0.0,0.218919,0.0,0.0,0.0,A2,Low-Production Player,0.472796,A0,Perimeter Spacer,0.308284,True,very_unstable,Below 150 minutes; scored out-of-sample relative to the 150+ minute core_v3 training population.
126523::2026::Arkansas,2026,126523,Ayden Kelley,Arkansas,SEC,11.4002,Scoring PG,126523,pid_team,70,10.9,67.8,0,0,0,50.0,100,100.0,0.00000000,0,0.0,0.0,50.0,0.0,4.59878,0.0,0.0,0.0,0,0,0,3.3792740478237224,0.431219,0.0,0.029623,0.0,0.539158,0.0,0.0,0.0,A4,Scoring Playmaker,0.539158,A0,Perimeter Spacer,0.431219,True,very_unstable,Below 150 minutes; scored out-of-sample relative to the 150+ minute core_v3 training population.
134159::2026::Arkansas,2026,134159,Elmir Dzafic,Arkansas,SEC,16.3002,C,134159,pid_team,84,23.7,52.63,7.3,0,0,50.0,0,0.0,0.00000000,57.1,0.0,0.0,0.0,0.0,0,0.0,0.0,0.0,6.3,3.4,9.8,7.270757414019462,0.0,0.0,0.236957,0.763043,0.0,0.0,0.0,0.0,A3,Two-Way Guard,0.763043,A2,Low-Production Player,0.236957,True,very_unstable,Below 150 minutes; scored out-of-sample relative to the 150+ minute core_v3 training population.
135107::2026::Arkansas,2026,135107,Isaiah Sealy,Arkansas,SEC,132.8005,PF/C,135107,pid_team,79,19.3,58.14,4.5,16,12.4,75.0,82.4,0.0,2.19946788,10.8,55.00000000000001,77.27000000000001,12.5,0.0,2.89361,64.70588235294117,0.0,72.72727272727273,3.8,2.1,7.5,7.8050910952895505,0.0,0.934859,0.0,0.065141,0.0,0.0,0.0,0.0,A1,Connecting Guard,0.934859,A3,Two-Way Guard,0.065141,True,borderline_unstable,Below 150 minutes; scored out-of-sample relative to the 150+ minute core_v3 training population.
127051::2026::Arkansas,2026,127051,Jaden Karuletwa,Arkansas,SEC,24.5997,Combo G,127051,pid_team,76,12.6,42.02,0,13.6,5.4,100.0,40,20.0,1.00000000,17.9,0.0,0.0,0.0,0.0,11.4969,0.0,100.0,100.0,0,2.2,6.5,6.935417911600548,0.326014,0.0,0.0,0.673986,0.0,0.0,0.0,0.0,A3,Two-Way Guard,0.673986,A0,Perimeter Spacer,0.326014,True,very_unstable,Below 150 minutes; scored out-of-sample relative to the 150+ minute core_v3 training population.
127918::2026::Arkansas Pine Bluff,2026,127918,Anthony Sellars,Arkansas Pine Bluff,SWAC,89.0071,Wing F,127918,pid_team,79,10.2,47.75,3.5,7.1,2.6,100.0,37.5,0.0,0.42854084,33.1,33.33333333333333,66.67,22.22222222222222,50.0,2.54124,0.0,0.0,25.0,1.6,1.7,8.4,4.367211155065157,0.15852,0.0,0.22116,0.0,0.620321,0.0,0.0,0.0,A4,Scoring Playmaker,0.620321,A2,Low-Production Player,0.22116,True,unstable,Below 150 minutes; scored out-of-sample relative to the 150+ minute core_v3 training population.
126933::2026::Arkansas Pine Bluff,2026,126933,Dennis Asoro,Arkansas Pine Bluff,SWAC,148.68,C,126933,pid_team,80,13.3,59.23,8.8,14,5.3,28.599999999999998,31.8,0.0,0.35718879,32.1,86.95652173913044,70.0,8.695652173913043,0.0,0,64.28571428571429,0.0,60.0,2.3,1.6,12.2,6.6282485875706225,0.0,0.0,0.317954,0.000547,0.0,0.0,0.0,0.681499,A7,Traditional Big,0.681499,A2,Low-Production Player,0.317954,True,borderline_unstable,Below 150 minutes; scored out-of-sample relative to the 150+ minute core_v3 training population.
135271::2026::Arkansas Pine Bluff,2026,135271,Jai’chaunn Hayes,Arkansas Pine Bluff,SWAC,138.72,Wing G,135271,pid_team,79,15.1,51.01,1.9,5,3.2,81.8,33.3,30.0,1.20000005,6.2,24.242424242424242,62.5,15.151515151515152,20.0,9.41201,100.0,100.0,100.0,0,0.5,4.7,3.7499423298731256,0.101121,0.0,0.157068,0.0,0.0,0.436159,0.0,0.305651,A5,Efficient Play Finisher,0.436159,A7,Traditional Big,0.305651,True,borderline_unstable,Below 150 minutes; scored out-of-sample relative to the 150+ minute core_v3 training population.
135041::2026::Arkansas Pine Bluff,2026,135041,Travis Pourciau,Arkansas Pine Bluff,SWAC,5.7999,C,135041,pid_team,82,27.9,25.64,19.9,0,0,50.0,200,0.0,0.00000000,34.7,0.0,0.0,100.0,0.0,0,0.0,0.0,0.0,0,0,6.9,3.4642390386041138,0.0,0.0,0.377966,0.0,0.622034,0.0,0.0,0.0,A4,Scoring Playmaker,0.622034,A2,Low-Production Player,0.377966,True,very_unstable,Below 150 minutes; scored out-of-sample relative to the 150+ minute core_v3 training population.
76071::2026::Arkansas Pine Bluff,2026,76071,Trejon Ware,Arkansas Pine Bluff,SWAC,17.6,PF/C,76071,pid_team,69,9.4,0,0,6.7,9.1,0.0,0,0.0,0.50000000,68.2,0.0,0.0,100.0,0.0,0,0.0,0.0,0.0,0,3.2,6.8,6.587159090909091,0.0,0.0,1.0,0.0,0.0,0.0,0.0,0.0,A2,Low-Production Player,1.0,A0,Perimeter Spacer,0.0,True,very_unstable,Below 150 minutes; scored out-of-sample relative to the 150+ minute core_v3 training population.
128186::2026::Army,2026,128186,Alex Engro,Army,Pat,139.748,Wing G,128186,pid_team,74,12.6,30.15,7.6,13.8,5.6,50.0,22.2,16.7,2.00000000,7.4,25.925925925925924,42.86,7.4074074074074066,0.0,8.36512,66.66666666666666,66.66666666666666,66.66666666666666,1,1.8,7.1,6.106649111257407,0.0,0.0,0.277822,0.0,0.0,0.0,0.048574,0.673604,A7,Traditional Big,0.673604,A2,Low-Production Player,0.277822,True,borderline_unstable,Below 150 minutes; scored out-of-sample relative to the 150+ minute core_v3 training population.
128185::2026::Army,2026,128185,Brendon O'Keefe,Army,Pat,17.1108,Pure PG,128185,pid_team,70,25,50,0,22.1,40.8,0.0,0,50.0,2.33309998,0,0.0,0.0,33.33333333333333,0.0,21.6873,0.0,100.0,100.0,0,0,0,3.8881642003880597,0.67447,0.0,0.0,0.0,0.32553,0.0,0.0,0.0,A0,Perimeter Spacer,0.67447,A4,Scoring Playmaker,0.32553,True,very_unstable,Below 150 minutes; scored out-of-sample relative to the 150+ minute core_v3 training population.
128187::2026::Army,2026,128187,Dayon Polk,Army,Pat,72.63,Wing G,128187,pid_team,73,14.8,25,5.6,13,9,0.0,0,12.5,0.66666671,41.2,10.0,100.0,10.0,0.0,8.13275,0.0,100.0,50.0,0,6.1,3.4,7.382073523337464,0.0,0.0,1.0,0.0,0.0,0.0,0.0,0.0,A2,Low-Production Player,1.0,A0,Perimeter Spacer,0.0,True,unstable,Below 150 minutes; scored out-of-sample relative to the 150+ minute core_v3 training population.
134523::2026::Army,2026,134523,Dillon Watt,Army,Pat,105.3822,Combo G,134523,pid_team,71,15.6,47.77,0,2.7,3.7,84.2,135.7,0.0,0.71433064,24.2,35.714285714285715,60.0,28.57142857142857,0.0,3.16861,0.0,0.0,0.0,0,3.8,4.2,5.969584996327652,0.0,0.0,0.450085,0.0,0.065481,0.0,0.0,0.484435,A7,Traditional Big,0.484435,A2,Low-Production Player,0.450085,True,borderline_unstable,Below 150 minutes; scored out-of-sample relative to the 150+ minute core_v3 training population.
134315::2026::Army,2026,134315,Dylan Benner,Army,Pat,96.3628,PF/C,134315,pid_team,79,18.2,42.91,3.5,9.5,14.2,62.5,34.8,20.0,0.87485162,21.1,13.043478260869565,100.0,0.0,0.0,12.8412,33.33333333333333,100.0,71.42857142857143,4,0.6,10.7,5.826148679780994,0.0,0.0,0.478274,0.308393,0.0,0.0,0.0,0.213332,A2,Low-Production Player,0.478274,A3,Two-Way Guard,0.308393,True,unstable,Below 150 minutes; scored out-of-sample relative to the 150+ minute core_v3 training population.
128189::2026::Army,2026,128189,Dylan Murans,Army,Pat,39.5738,PF/C,128189,pid_team,79,12.3,31.45,0,4.4,0,50.0,28.6,0.0,0.00000000,0,14.285714285714285,100.0,14.285714285714285,100.0,10.1659,0.0,0.0,0.0,4.3,2.1,2.8,4.603833849668215,0.0,0.0,0.24564,0.0,0.0,0.202327,0.0,0.552033,A7,Traditional Big,0.552033,A2,Low-Production Player,0.24564,True,very_unstable,Below 150 minutes; scored out-of-sample relative to the 150+ minute core_v3 training population.
76261::2026::Army,2026,76261,Jackson Mayo,Army,Pat,82.25,Wing G,76261,pid_team,72,19.4,28.62,4.4,11.9,5,50.0,7.4,19.2,1.40000000,12.4,3.7037037037037033,0.0,0.0,0.0,20.7985,0.0,80.0,80.0,0,0,5.9,4.556644376899696,0.737506,0.217117,0.045378,0.0,0.0,0.0,0.0,0.0,A0,Perimeter Spacer,0.737506,A1,Connecting Guard,0.217117,True,unstable,Below 150 minutes; scored out-of-sample relative to the 150+ minute core_v3 training population.
134524::2026::Army,2026,134524,Jahaan Green,Army,Pat,25.52,Combo G,134524,pid_team,77,9.1,33.33,4.3,0,13.9,0.0,0,0.0,1.00000000,25.6,100.0,33.33,0.0,0.0,0,0.0,0.0,0.0,0,0,3.1,3.834373040752351,0.0,0.0,0.986696,0.0,0.013304,0.0,0.0,0.0,A2,Low-Production Player,0.986696,A4,Scoring Playmaker,0.013304,True,very_unstable,Below 150 minutes; scored out-of-sample relative to the 150+ minute core_v3 training population.
133596::2026::Army,2026,133596,Nnaemeka Ikechi,Army,Pat,10.0,Wing G,133596,pid_team,79,6.6,0,0,20.5,0,0.0,0,0.0,2.00030008,0,0.0,0.0,0.0,0.0,9.75931,0.0,0.0,0.0,0,0,0,3.4943200000000005,0.213395,0.617515,0.16909,0.0,0.0,0.0,0.0,0.0,A1,Connecting Guard,0.617515,A0,Perimeter Spacer,0.213395,True,very_unstable,Below 150 minutes; scored out-of-sample relative to the 150+ minute core_v3 training population.
135357::2026::Auburn,2026,135357,Abdullahi Bashir,Auburn,SEC,54.3,Scoring PG,135357,pid_team,79,15.5,37.62,0,6.6,9,100.0,13.3,15.4,1.00000000,20.6,0.0,0.0,13.333333333333334,100.0,14.0134,0.0,100.0,100.0,0,1.1,2.2,4.75068876611418,0.948453,0.0,0.0,0.0,0.051547,0.0,0.0,0.0,A0,Perimeter Spacer,0.948453,A4,Scoring Playmaker,0.051547,True,unstable,Below 150 minutes; scored out-of-sample relative to the 150+ minute core_v3 training population.
78679::2026::Auburn,2026,78679,Blake Muschalek,Auburn,SEC,147.3012,Combo G,78679,pid_team,75,10.2,31.07,7,5.7,5.2,60.0,47.6,14.299999999999999,1.25050642,15.5,33.33333333333333,28.57,0.0,0.0,5.50208,50.0,100.0,75.0,0,4.7,7.1,7.318093810505277,0.552257,0.049661,0.398082,0.0,0.0,0.0,0.0,0.0,A0,Perimeter Spacer,0.552257,A2,Low-Production Player,0.398082,True,borderline_unstable,Below 150 minutes; scored out-of-sample relative to the 150+ minute core_v3 training population.
77245::2026::Auburn,2026,77245,CJ Williams,Auburn,SEC,5.7,Pure PG,77245,pid_team,74,37,75,20.1,0,100,0.0,0,50.0,3.00000007,27.4,0.0,0.0,0.0,0.0,18.8643,0.0,100.0,100.0,0,0,0,3.192245614035088,0.020409,0.859957,0.0,0.0,0.119634,0.0,0.0,0.0,A1,Connecting Guard,0.859957,A4,Scoring Playmaker,0.119634,True,very_unstable,Below 150 minutes; scored out-of-sample relative to the 150+ minute core_v3 training population.
134297::2026::Auburn,2026,134297,Emeka Opurum,Auburn,SEC,57.7002,C,134297,pid_team,84,12.8,72.56,7.9,22.9,3.4,50.0,46.2,0.0,1.00020004,0,65.0,76.92,0.0,0.0,0,90.0,0.0,94.11764705882352,11.8,2,5.5,9.186380636462268,0.0,0.322522,0.0,0.0,0.0,0.087336,0.0,0.590142,A7,Traditional Big,0.590142,A1,Connecting Guard,0.322522,True,unstable,Below 150 minutes; scored out-of-sample relative to the 150+ minute core_v3 training population.
78361::2026::Auburn,2026,78361,Reed Trapp,Auburn,SEC,7.0002,PF/C,78361,pid_team,78,13.7,50,16.4,0,0,0.0,0,0.0,0.00000000,0,100.0,50.0,0.0,0.0,0,100.0,0.0,100.0,0,0,0,3.192154509871146,0.511433,0.087955,0.400612,0.0,0.0,0.0,0.0,0.0,A0,Perimeter Spacer,0.511433,A2,Low-Production Player,0.400612,True,very_unstable,Below 150 minutes; scored out-of-sample relative to the 150+ minute core_v3 training population.
134296::2026::Auburn,2026,134296,Simon Walker,Auburn,SEC,67.4999,Wing G,134296,pid_team,76,15.6,78.57,5.1,5.3,5.8,0.0,0,52.900000000000006,0.66637779,16.5,4.761904761904762,100.0,14.285714285714285,66.67,14.5769,100.0,100.0,91.66666666666666,0,0.9,4.7,4.538045241548505,0.0,0.0,0.293326,0.0,0.0,0.640691,0.0,0.065983,A5,Efficient Play Finisher,0.640691,A2,Low-Production Player,0.293326,True,unstable,Below 150 minutes; scored out-of-sample relative to the 150+ minute core_v3 training population.
77031::2026::Austin Peay,2026,77031,Hansel Enmanuel,Austin Peay,ASun,61.0362,PF/C,77031,pid_team,78,10.6,33.9,11.4,9.2,0,66.7,100,0.0,0.00000000,10.6,100.0,16.669999999999998,0.0,0.0,0,100.0,0.0,100.0,4.6,0,7.9,4.680651809909529,0.63556,0.0,0.330697,0.0,0.0,0.0,0.0,0.033744,A0,Perimeter Spacer,0.63556,A2,Low-Production Player,0.330697,True,unstable,Below 150 minutes; scored out-of-sample relative to the 150+ minute core_v3 training population.
128130::2026::Austin Peay,2026,128130,Quan Lax,Austin Peay,ASun,110.2224,Combo G,128130,pid_team,74,11.4,31.9,1,13,9.4,60.0,27.8,0.0,1.33328330,25.7,38.88888888888889,28.57,22.22222222222222,75.0,3.42713,0.0,0.0,60.0,0,3.4,5.9,8.085906313054334,0.462833,0.0,0.537167,0.0,0.0,0.0,0.0,0.0,A2,Low-Production Player,0.537167,A0,Perimeter Spacer,0.462833,True,borderline_unstable,Below 150 minutes; scored out-of-sample relative to the 150+ minute core_v3 training population.
134134::2026::Austin Peay,2026,134134,Tyler Wagner,Austin Peay,ASun,149.1903,Stretch 4,134134,pid_team,77,11.1,50.83,0.9,19.2,0,0.0,3.2,33.300000000000004,1.49885064,8.1,3.225806451612903,100.0,0.0,0.0,13.4749,0.0,80.0,72.72727272727273,0,1.3,4.4,5.836867410280695,0.0,0.662456,0.31679,0.0,0.0,0.020754,0.0,0.0,A1,Connecting Guard,0.662456,A2,Low-Production Player,0.31679,True,borderline_unstable,Below 150 minutes; scored out-of-sample relative to the 150+ minute core_v3 training population.
72910::2026::BYU,2026,72910,Dawson Baker,BYU,B12,118.9002,Combo G,72910,pid_team,75,15.1,63.78,1.9,7.4,4.1,88.9,29,47.4,0.60002400,15.7,22.58064516129032,42.86,16.129032258064516,40.0,8.99313,0.0,100.0,78.57142857142857,0,1.4,3.4,5.593598665098964,0.194424,0.0,0.0,0.408797,0.316408,0.080371,0.0,0.0,A3,Two-Way Guard,0.408797,A4,Scoring Playmaker,0.316408,True,borderline_unstable,Below 150 minutes; scored out-of-sample relative to the 150+ minute core_v3 training population.
76781::2026::BYU,2026,76781,Jared McGregor,BYU,B12,9.1,Pure PG,76781,pid_team,74,30.3,0,24.7,0,29.9,0.0,0,0.0,1.99989997,0,16.666666666666664,0.0,0.0,0.0,33.527,0.0,0.0,0.0,0,6.2,0,7.919384615384616,0.757885,0.242115,0.0,0.0,0.0,0.0,0.0,0.0,A0,Perimeter Spacer,0.757885,A1,Connecting Guard,0.242115,True,very_unstable,Below 150 minutes; scored out-of-sample relative to the 150+ minute core_v3 training population.
135469::2026::BYU,2026,135469,Xavion Staton,BYU,B12,43.4997,C,135469,pid_team,84,7.6,50.51,2.6,7.5,10,50.0,50,0.0,2.99999987,17.2,60.0,66.67,20.0,0.0,0,100.0,0.0,100.0,12.3,0,7.4,6.814529755377623,0.0,1.0,0.0,0.0,0.0,0.0,0.0,0.0,A1,Connecting Guard,1.0,A0,Perimeter Spacer,0.0,True,very_unstable,Below 150 minutes; scored out-of-sample relative to the 150+ minute core_v3 training population.
134279::2026::Ball St.,2026,134279,Easton Foster,Ball St.,MAC,12.4,Wing G,134279,pid_team,78,34.2,33.33,0,0,0,0.0,0,0.0,1.00000000,0,66.66666666666666,50.0,0.0,0.0,17.3728,100.0,0.0,100.0,0,0,10.3,1.1141516129032258,0.0,0.0,0.406686,0.0,0.0,0.0,0.0,0.593314,A7,Traditional Big,0.593314,A2,Low-Production Player,0.406686,True,very_unstable,Below 150 minutes; scored out-of-sample relative to the 150+ minute core_v3 training population.
126784::2026::Ball St.,2026,126784,Jai Anthoni Bearden,Ball St.,MAC,69.5148,Wing G,126784,pid_team,79,16.6,63.86,9.2,2.1,7,81.8,91.7,20.0,2.00140058,6.1,58.333333333333336,71.43,0.0,0.0,5.0114,60.0,100.0,66.66666666666666,0,1,6,3.7697929074096446,0.030537,0.898616,0.0,0.0,0.0,0.070847,0.0,0.0,A1,Connecting Guard,0.898616,A5,Efficient Play Finisher,0.070847,True,unstable,Below 150 minutes; scored out-of-sample relative to the 150+ minute core_v3 training population.
78390::2026::Ball St.,2026,78390,Joey Hart,Ball St.,MAC,77.1,Combo G,78390,pid_team,77,17.3,69.77,2.9,8.3,12.4,100.0,36.4,40.0,4.00000000,4.6,31.818181818181817,71.43,22.727272727272727,60.0,7.89675,60.0,100.0,58.333333333333336,0,0.8,3.6,4.818702983138781,0.0,0.0,0.0,0.0,0.180925,0.34987,0.350066,0.11914,A6,Two-Way Forward,0.350066,A5,Efficient Play Finisher,0.34987,True,unstable,Below 150 minutes; scored out-of-sample relative to the 150+ minute core_v3 training population.
126785::2026::Ball St.,2026,126785,Kody Clancy,Ball St.,MAC,47.6,Pure PG,126785,pid_team,75,5,75,0,0,0,0.0,0,50.0,2.50044992,41.2,0.0,0.0,0.0,0.0,4.16948,0.0,100.0,100.0,0,2.1,0,2.8839075630252102,0.0,0.827052,0.172948,0.0,0.0,0.0,0.0,0.0,A1,Connecting Guard,0.827052,A2,Low-Production Player,0.172948,True,very_unstable,Below 150 minutes; scored out-of-sample relative to the 150+ minute core_v3 training population.
135310::2026::Baylor,2026,135310,Drew Perry,Baylor,B12,23.2888,Scoring PG,135310,pid_team,70,18.9,51.09,0,0,0,66.7,150,25.0,0.00000000,16,0.0,0.0,0.0,0.0,12.5021,0.0,100.0,100.0,0,3,8.4,4.709954999828244,0.033874,0.0,0.0,0.811398,0.0,0.0,0.0,0.154728,A3,Two-Way Guard,0.811398,A7,Traditional Big,0.154728,True,very_unstable,Below 150 minutes; scored out-of-sample relative to the 150+ minute core_v3 training population.
76927::2026::Baylor,2026,76927,JJ White,Baylor,B12,26.9,Wing G,76927,pid_team,73,8.5,50,0,12.9,0,0.0,0,33.300000000000004,0.00000000,0,0.0,0.0,14.285714285714285,100.0,13.1272,0.0,100.0,66.66666666666666,0,0,1.5,4.997799256505576,0.847755,0.0,0.152245,0.0,0.0,0.0,0.0,0.0,A0,Perimeter Spacer,0.847755,A2,Low-Production Player,0.152245,True,very_unstable,Below 150 minutes; scored out-of-sample relative to the 150+ minute core_v3 training population.
143669::2026::Baylor,2026,143669,James Nnaji,Baylor,B12,147.2004,C,143669,pid_team,84,10.7,66.16,9.5,20.5,3.1,57.099999999999994,107.7,0.0,0.37511251,29.4,55.55555555555556,90.0,16.666666666666664,0.0,0,77.77777777777779,0.0,78.57142857142857,3.5,2,4.6,7.936771910945894,0.0,0.0,0.0,0.14751,0.0,0.0,0.0,0.85249,A7,Traditional Big,0.85249,A3,Two-Way Guard,0.14751,True,borderline_unstable,Below 150 minutes; scored out-of-sample relative to the 150+ minute core_v3 training population.
79095::2026::Baylor,2026,79095,Will Kuykendall,Baylor,B12,30.7552,Wing G,79095,pid_team,74,25.6,68.49,0,9.9,0,100.0,20,50.0,0.19996401,29,0.0,0.0,40.0,50.0,14.5858,0.0,100.0,80.0,0,0,3.4,3.5585917178233277,0.714714,0.0,0.0,0.0,0.285286,0.0,0.0,0.0,A0,Perimeter Spacer,0.714714,A4,Scoring Playmaker,0.285286,True,very_unstable,Below 150 minutes; scored out-of-sample relative to the 150+ minute core_v3 training population.
134622::2026::Bellarmine,2026,134622,Dominique Murphy Jr,Bellarmine,ASun,12.55,PF/C,134622,pid_team,77,29,50,37,0,0,0.0,0,0.0,0.33333333,0,100.0,50.0,0.0,0.0,0,100.0,0.0,100.0,0,0,0,0.9649370517928285,0.544264,0.159775,0.295961,0.0,0.0,0.0,0.0,0.0,A0,Perimeter Spacer,0.544264,A2,Low-Production Player,0.295961,True,very_unstable,Below 150 minutes; scored out-of-sample relative to the 150+ minute core_v3 training population.
127011::2026::Bellarmine,2026,127011,Grant Neal,Bellarmine,ASun,35.9181,Combo G,127011,pid_team,75,34.3,48.87,6.2,5.4,9,57.099999999999994,63.6,0.0,1.00000000,7.5,45.45454545454545,80.0,27.27272727272727,33.33,7.8637,25.0,0.0,20.0,0,5.2,3.4,4.713489856089271,0.0,0.0,0.0,0.0,0.223976,0.313689,0.0,0.462336,A7,Traditional Big,0.462336,A5,Efficient Play Finisher,0.313689,True,very_unstable,Below 150 minutes; scored out-of-sample relative to the 150+ minute core_v3 training population.
133666::2026::Bellarmine,2026,133666,Tommy Clark,Bellarmine,ASun,45.3432,Scoring PG,133666,pid_team,75,21.8,44.69,0,17.9,15.8,100.0,25,25.0,2.57160009,0,0.0,0.0,0.0,0.0,22.1349,0.0,100.0,100.0,0,5.7,3.8,4.207431323770709,0.500977,0.0,0.0,0.499023,0.0,0.0,0.0,0.0,A0,Perimeter Spacer,0.500977,A3,Two-Way Guard,0.499023,True,very_unstable,Below 150 minutes; scored out-of-sample relative to the 150+ minute core_v3 training population.
127362::2026::Belmont,2026,127362,Cooper Haynes,Belmont,MVC,67.6662,Combo G,127362,pid_team,74,16.8,57.84,2.3,7.5,14,66.7,20,75.0,2.00000000,17.7,40.0,33.33,33.33333333333333,40.0,3.95705,50.0,66.66666666666666,42.857142857142854,0,0,3.5,4.3338328441673974,0.150528,0.510525,0.338947,0.0,0.0,0.0,0.0,0.0,A1,Connecting Guard,0.510525,A2,Low-Production Player,0.338947,True,unstable,Below 150 minutes; scored out-of-sample relative to the 150+ minute core_v3 training population.
127634::2026::Belmont,2026,127634,Graydon Lemke,Belmont,MVC,20.862,PF/C,127634,pid_team,82,24.5,61.11,0,24.7,11.2,0.0,0,42.9,1.00000000,13.2,11.11111111111111,100.0,11.11111111111111,0.0,22.753,0.0,100.0,75.0,7.5,0,6.9,7.140465918895601,0.157557,0.455284,0.0,0.0,0.0,0.38716,0.0,0.0,A1,Connecting Guard,0.455284,A5,Efficient Play Finisher,0.38716,True,very_unstable,Below 150 minutes; scored out-of-sample relative to the 150+ minute core_v3 training population.
77235::2026::Belmont,2026,77235,Jake Dykstra,Belmont,MVC,38.7338,Combo G,77235,pid_team,76,13.8,50,3.9,9.7,4.6,0.0,0,33.300000000000004,1.99850095,12.4,0.0,0.0,0.0,0.0,15.1687,0.0,100.0,100.0,0,0,2.4,4.631386540953895,0.321117,0.678883,0.0,0.0,0.0,0.0,0.0,0.0,A1,Connecting Guard,0.678883,A0,Perimeter Spacer,0.321117,True,very_unstable,Below 150 minutes; scored out-of-sample relative to the 150+ minute core_v3 training population.
77238::2026::Belmont,2026,77238,Keith Robbins,Belmont,MVC,38.08,Wing G,77238,pid_team,77,12.8,88.89,8.4,3.4,11.6,0.0,0,66.7,2.80000006,0,33.33333333333333,66.67,0.0,0.0,10.9215,50.0,100.0,83.33333333333334,0,0,6.4,3.8069852941176463,0.0,0.0,0.0,0.0,0.0,0.522465,0.07045,0.407084,A5,Efficient Play Finisher,0.522465,A7,Traditional Big,0.407084,True,very_unstable,Below 150 minutes; scored out-of-sample relative to the 150+ minute core_v3 training population.
135064::2026::Bethune Cookman,2026,135064,Dailon Minor,Bethune Cookman,SWAC,38.0448,Pure PG,135064,pid_team,73,29.7,46.22,0,8.8,18.6,75.0,40,50.0,0.36360661,50.1,20.0,0.0,40.0,25.0,5.96554,0.0,50.0,33.33333333333333,0,1.5,5.3,5.732399697199092,0.0,0.0,0.0,0.446942,0.553058,0.0,0.0,0.0,A4,Scoring Playmaker,0.553058,A3,Two-Way Guard,0.446942,True,very_unstable,Below 150 minutes; scored out-of-sample relative to the 150+ minute core_v3 training population.
77440::2026::Bethune Cookman,2026,77440,David Onanina,Bethune Cookman,SWAC,63.0224,C,77440,pid_team,80,14.2,54.05,9.2,15,3.8,0.0,16.7,0.0,0.59989201,15.4,41.66666666666667,60.0,58.333333333333336,57.14,0,33.33333333333333,0.0,42.857142857142854,1.9,0,7.8,4.888046155017898,0.0,0.177028,0.718416,0.0,0.104556,0.0,0.0,0.0,A2,Low-Production Player,0.718416,A1,Connecting Guard,0.177028,True,unstable,Below 150 minutes; scored out-of-sample relative to the 150+ minute core_v3 training population.
76020::2026::Bethune Cookman,2026,76020,Simeon Womack,Bethune Cookman,SWAC,3.4666,PF/C,76020,pid_team,74,26.4,52.63,0,0,0,50.0,0,0.0,0.00000000,0,0.0,0.0,0.0,0.0,0,0.0,0.0,0.0,0,0,0,1.8242889286332427,0.65377,0.0,0.102243,0.0,0.243987,0.0,0.0,0.0,A0,Perimeter Spacer,0.65377,A4,Scoring Playmaker,0.243987,True,very_unstable,Below 150 minutes; scored out-of-sample relative to the 150+ minute core_v3 training population.
134776::2026::Binghamton,2026,134776,Jayden Kelsey,Binghamton,AE,17.5,Pure PG,134776,pid_team,79,8.1,0,0,5.7,16.9,0.0,0,0.0,2.50000000,0,0.0,0.0,0.0,0.0,8.86339,0.0,0.0,0.0,0,0,3.8,4.8741257142857135,0.148372,0.0,0.851628,0.0,0.0,0.0,0.0,0.0,A2,Low-Production Player,0.851628,A0,Perimeter Spacer,0.148372,True,very_unstable,Below 150 minutes; scored out-of-sample relative to the 150+ minute core_v3 training population.
127858::2026::Binghamton,2026,127858,Nevin Ibroci,Binghamton,AE,25.9716,Wing G,127858,pid_team,74,13.6,42.86,0,9.8,0,0.0,0,28.599999999999998,0.00000000,0,0.0,0.0,0.0,0.0,16.921,0.0,50.0,50.0,0,0,17.8,4.830630380877575,0.40635,0.0,0.423552,0.0,0.0,0.0,0.0,0.170098,A2,Low-Production Player,0.423552,A0,Perimeter Spacer,0.40635,True,very_unstable,Below 150 minutes; scored out-of-sample relative to the 150+ minute core_v3 training population.
135225::2026::Boise St.,2026,135225,Bhan Buom,Boise St.,MWC,84.9555,Wing F,135225,pid_team,80,17,63.29,1.5,15.9,11.5,58.3,66.7,33.300000000000004,1.00000000,20.3,30.0,100.0,15.0,33.33,6.21042,50.0,100.0,66.66666666666666,0,1.4,7.3,6.785575978012019,0.0,0.314109,0.0,0.0,0.137211,0.54868,0.0,0.0,A5,Efficient Play Finisher,0.54868,A1,Connecting Guard,0.314109,True,unstable,Below 150 minutes; scored out-of-sample relative to the 150+ minute core_v3 training population.
133614::2026::Boise St.,2026,133614,Brennan Ramirez,Boise St.,MWC,2.9,Combo G,133614,pid_team,74,4.8,150,0,0,0,0.0,0,100.0,0.00000000,0,0.0,0.0,0.0,0.0,24.4967,0.0,100.0,100.0,0,0,0,4.097075862068967,0.191034,0.0,0.0,0.0,0.0,0.808966,0.0,0.0,A5,Efficient Play Finisher,0.808966,A0,Perimeter Spacer,0.191034,True,very_unstable,Below 150 minutes; scored out-of-sample relative to the 150+ minute core_v3 training population.
127441::2026::Boise St.,2026,127441,Ethan Lathan,Boise St.,MWC,8.64,C,127441,pid_team,82,27.1,71.43,14.3,27.9,0,75.0,133.3,0.0,0.00000000,0,25.0,100.0,50.0,50.0,0,100.0,0.0,100.0,0,0,26.7,7.714629629629631,0.0,0.0,0.0,0.0,0.0,0.0,0.0,1.0,A7,Traditional Big,1.0,A0,Perimeter Spacer,0.0,True,very_unstable,Below 150 minutes; scored out-of-sample relative to the 150+ minute core_v3 training population.
127506::2026::Boise St.,2026,127506,Julian Bowie,Boise St.,MWC,34.8,Combo G,127506,pid_team,75,11.6,80,0,4.3,6.6,0.0,0,66.7,0.40000000,35.1,20.0,100.0,20.0,0.0,6.12417,100.0,100.0,100.0,0,2,1.4,4.967287356321839,0.0,0.0,0.770747,0.0,0.0,0.229253,0.0,0.0,A2,Low-Production Player,0.770747,A5,Efficient Play Finisher,0.229253,True,very_unstable,Below 150 minutes; scored out-of-sample relative to the 150+ minute core_v3 training population.
134023::2026::Boise St.,2026,134023,Rayzhon Bergersen,Boise St.,MWC,9.3335,Pure PG,134023,pid_team,74,8.4,100,0,13.4,42,0.0,0,0.0,1.66649997,0,100.0,100.0,0.0,0.0,0,0.0,0.0,0.0,0,0,4.3,5.4117319333583325,0.0,0.47896,0.0,0.0,0.52104,0.0,0.0,0.0,A4,Scoring Playmaker,0.52104,A1,Connecting Guard,0.47896,True,very_unstable,Below 150 minutes; scored out-of-sample relative to the 150+ minute core_v3 training population.
126855::2026::Boston College,2026,126855,Kany Tchanda,Boston College,ACC,17.6,C,126855,pid_team,81,11.5,0,6.1,19.1,0,0.0,0,0.0,0.00000000,29.8,0.0,0.0,0.0,0.0,10.2493,0.0,0.0,0.0,0,0,4.5,6.251,0.106675,0.0,0.893325,0.0,0.0,0.0,0.0,0.0,A2,Low-Production Player,0.893325,A0,Perimeter Spacer,0.106675,True,very_unstable,Below 150 minutes; scored out-of-sample relative to the 150+ minute core_v3 training population.
127200::2026::Boston College,2026,127200,Will Eggemeier,Boston College,ACC,0.7,Combo G,127200,pid_team,74,20,0,0,0,0,0.0,0,0.0,0.00000000,0,0.0,0.0,0.0,0.0,47.83,0.0,0.0,0.0,0,0,0,3.6276,0.942943,0.0,0.057057,0.0,0.0,0.0,0.0,0.0,A0,Perimeter Spacer,0.942943,A2,Low-Production Player,0.057057,True,very_unstable,Below 150 minutes; scored out-of-sample relative to the 150+ minute core_v3 training population.
134215::2026::Boston University,2026,134215,Andrew Bhesania,Boston University,Pat,20.8666,Wing F,134215,pid_team,80,8,0,0,22.6,0,0.0,0,0.0,0.00000000,0,0.0,0.0,0.0,0.0,11.5845,0.0,0.0,0.0,0,0,0,1.4754027968140473,0.495815,0.0,0.504185,0.0,0.0,0.0,0.0,0.0,A2,Low-Production Player,0.504185,A0,Perimeter Spacer,0.495815,True,very_unstable,Below 150 minutes; scored out-of-sample relative to the 150+ minute core_v3 training population.
79073::2026::Boston University,2026,79073,Kyrone Alexander,Boston University,Pat,11.5,PF/C,79073,pid_team,76,18,16.95,0,21.6,0,50.0,100,0.0,0.00000000,30.3,0.0,0.0,50.0,0.0,5.79224,0.0,0.0,0.0,0,0,0,5.499165217391305,0.099493,0.0,0.486975,0.09781,0.315722,0.0,0.0,0.0,A2,Low-Production Player,0.486975,A4,Scoring Playmaker,0.315722,True,very_unstable,Below 150 minutes; scored out-of-sample relative to the 150+ minute core_v3 training population.
127922::2026::Boston University,2026,127922,Peter Carr,Boston University,Pat,15.04,PF/C,127922,pid_team,77,23.5,0,25.6,0,0,0.0,0,0.0,0.50000000,49.6,0.0,0.0,50.0,100.0,11.5845,0.0,0.0,0.0,0,0,0,1.197210106382979,0.0,0.0,1.0,0.0,0.0,0.0,0.0,0.0,A2,Low-Production Player,1.0,A0,Perimeter Spacer,0.0,True,very_unstable,Below 150 minutes; scored out-of-sample relative to the 150+ minute core_v3 training population.
127211::2026::Bowling Green,2026,127211,Alijah Adem,Bowling Green,MAC,6.56,Scoring PG,127211,pid_team,74,29.8,25.64,0,0,0,50.0,200,0.0,0.40000001,0,0.0,0.0,0.0,0.0,16.1652,0.0,0.0,0.0,0,0,0,1.6698658536585365,0.723967,0.0,0.009717,0.0,0.266316,0.0,0.0,0.0,A0,Perimeter Spacer,0.723967,A4,Scoring Playmaker,0.266316,True,very_unstable,Below 150 minutes; scored out-of-sample relative to the 150+ minute core_v3 training population.
135248::2026::Bowling Green,2026,135248,Camden Karel,Bowling Green,MAC,96.475,C,135248,pid_team,81,14,44.44,4.6,7.7,2.1,60.0,90.9,0.0,0.28571429,26.7,63.63636363636363,57.14,27.27272727272727,0.0,0.746085,75.0,0.0,75.0,4.8,0.8,8.5,4.781135009069708,0.0,0.0,0.421052,0.0,0.0,0.0,0.0,0.578948,A7,Traditional Big,0.578948,A2,Low-Production Player,0.421052,True,unstable,Below 150 minutes; scored out-of-sample relative to the 150+ minute core_v3 training population.
134092::2026::Bowling Green,2026,134092,Christian Dedivanaj,Bowling Green,MAC,4.76,PF/C,134092,pid_team,75,14.7,100,38.5,77.9,0,0.0,0,0.0,1.20000005,0,100.0,100.0,0.0,0.0,0,100.0,0.0,100.0,0,0,0,7.638932773109244,0.0,0.0,0.0,0.0,0.0,0.0,0.726162,0.273838,A6,Two-Way Forward,0.726162,A7,Traditional Big,0.273838,True,very_unstable,Below 150 minutes; scored out-of-sample relative to the 150+ minute core_v3 training population.
135317::2026::Bowling Green,2026,135317,Jason Kimbrough Jr.,Bowling Green,MAC,70.615,Pure PG,135317,pid_team,72,13.9,0,0,9.8,29.1,0.0,0,0.0,3.74975619,34,0.0,0.0,33.33333333333333,0.0,6.25749,0.0,0.0,0.0,3.4,0,10.1,2.849417262621256,0.0,0.711222,0.288778,0.0,0.0,0.0,0.0,0.0,A1,Connecting Guard,0.711222,A2,Low-Production Player,0.288778,True,unstable,Below 150 minutes; scored out-of-sample relative to the 150+ minute core_v3 training population.
133637::2026::Bowling Green,2026,133637,Mohamed Maxamud,Bowling Green,MAC,5.6,C,133637,pid_team,82,31.9,50,38.5,0,0,0.0,0,0.0,0.00000000,0,100.0,50.0,0.0,0.0,0,100.0,0.0,100.0,0,0,13.3,2.212757142857143,0.12335,0.013995,0.358435,0.0,0.0,0.0,0.0,0.50422,A7,Traditional Big,0.50422,A2,Low-Production Player,0.358435,True,very_unstable,Below 150 minutes; scored out-of-sample relative to the 150+ minute core_v3 training population.
134892::2026::Bradley,2026,134892,Dietrich Richardson,Bradley,MVC,124.3839,Wing G,134892,pid_team,79,28.5,42.33,5.8,6.3,13.3,66.7,31.6,9.1,0.47366425,33.6,37.5,46.67,30.0,50.0,5.54982,28.57142857142857,0.0,37.5,2.1,2.5,3.4,6.1039411049179195,0.0,0.0,0.562708,0.0,0.0,0.0,0.0,0.437292,A2,Low-Production Player,0.562708,A7,Traditional Big,0.437292,True,borderline_unstable,Below 150 minutes; scored out-of-sample relative to the 150+ minute core_v3 training population.
127088::2026::Bradley,2026,127088,Gus Rugaard,Bradley,MVC,9.1716,Wing G,127088,pid_team,70,5.1,0,0,15.1,0,0.0,0,0.0,0.00000000,0,0.0,0.0,0.0,0.0,7.23158,0.0,0.0,0.0,0,0,0,4.64616860744036,0.41751,0.0,0.58249,0.0,0.0,0.0,0.0,0.0,A2,Low-Production Player,0.58249,A0,Perimeter Spacer,0.41751,True,very_unstable,Below 150 minutes; scored out-of-sample relative to the 150+ minute core_v3 training population.
133931::2026::Bradley,2026,133931,Matthew Zobrist,Bradley,MVC,61.1076,Wing F,133931,pid_team,77,10.1,48.68,0,4.3,0,71.39999999999999,77.8,16.7,0.50000000,0,22.22222222222222,100.0,11.11111111111111,0.0,6.1985,50.0,100.0,66.66666666666666,2.2,0,4.9,4.315037736713601,0.0,0.0,0.270949,0.0,0.0,0.27243,0.0,0.456621,A7,Traditional Big,0.456621,A5,Efficient Play Finisher,0.27243,True,unstable,Below 150 minutes; scored out-of-sample relative to the 150+ minute core_v3 training population.
77332::2026::Brown,2026,77332,Drew Kania,Brown,Ivy,38.5,PF/C,77332,pid_team,80,19.3,43.58,3.5,14.8,5.5,71.39999999999999,100,0.0,0.50000000,18.7,85.71428571428571,33.33,14.285714285714285,0.0,0,100.0,0.0,100.0,0,1.8,6.1,5.509236363636364,0.568988,0.1283,0.302712,0.0,0.0,0.0,0.0,0.0,A0,Perimeter Spacer,0.568988,A2,Low-Production Player,0.302712,True,very_unstable,Below 150 minutes; scored out-of-sample relative to the 150+ minute core_v3 training population.
127658::2026::Brown,2026,127658,Wyatt DeGraaf,Brown,Ivy,111.8,C,127658,pid_team,82,13.4,59.86,3.6,16.3,4.1,40.0,31.3,0.0,0.44449998,32.1,66.66666666666666,71.43,9.523809523809524,0.0,0,80.0,0.0,85.71428571428571,9.4,1.9,2.9,6.787584973166369,0.0,0.0,0.634819,0.0,0.0,0.033943,0.0,0.331238,A2,Low-Production Player,0.634819,A7,Traditional Big,0.331238,True,borderline_unstable,Below 150 minutes; scored out-of-sample relative to the 150+ minute core_v3 training population.
135553::2026::Bryant,2026,135553,Daniel Akoue,Bryant,AE,141.6996,PF/C,135553,pid_team,83,17.5,57.05,5,16.4,4.6,77.8,78.3,18.2,0.23077633,32.4,34.61538461538461,88.89,11.538461538461538,0.0,4.79681,75.0,100.0,84.61538461538461,8.6,1.8,5.4,7.565836459665378,0.068765,0.0,0.194848,0.144864,0.0,0.447794,0.0,0.143728,A5,Efficient Play Finisher,0.447794,A2,Low-Production Player,0.194848,True,borderline_unstable,Below 150 minutes; scored out-of-sample relative to the 150+ minute core_v3 training population.
127740::2026::Bryant,2026,127740,Frankie Vassalluzzo,Bryant,AE,7.357,PF/C,127740,pid_team,72,18.9,0,15.2,0,0,0.0,0,0.0,0.00000000,0,33.33333333333333,0.0,33.33333333333333,0.0,7.53784,0.0,0.0,0.0,0,0,5.2,3.376767704227266,0.271145,0.0,0.728855,0.0,0.0,0.0,0.0,0.0,A2,Low-Production Player,0.728855,A0,Perimeter Spacer,0.271145,True,very_unstable,Below 150 minutes; scored out-of-sample relative to the 150+ minute core_v3 training population.
134408::2026::Bryant,2026,134408,Joseph Green,Bryant,AE,34.3777,Combo G,134408,pid_team,75,19.4,25,3.8,8,13,0.0,0,0.0,0.49992499,62.2,75.0,33.33,25.0,0.0,0,0.0,0.0,0.0,0,2,6.5,4.897837842554911,0.0,0.0,0.866552,0.133448,0.0,0.0,0.0,0.0,A2,Low-Production Player,0.866552,A3,Two-Way Guard,0.133448,True,very_unstable,Below 150 minutes; scored out-of-sample relative to the 150+ minute core_v3 training population.
127741::2026::Bryant,2026,127741,Langston Bailey,Bryant,AE,12.6,Wing G,127741,pid_team,70,37.6,64.75,11.5,0,0,100.0,33.3,33.300000000000004,0.00000000,16.2,33.33333333333333,50.0,16.666666666666664,100.0,17.5883,0.0,0.0,0.0,0,0,15.7,2.939955555555555,0.0,0.0,0.0,0.0,0.327371,0.0,0.0,0.672629,A7,Traditional Big,0.672629,A4,Scoring Playmaker,0.327371,True,very_unstable,Below 150 minutes; scored out-of-sample relative to the 150+ minute core_v3 training population.
134463::2026::Bryant,2026,134463,Michael DeOrsey,Bryant,AE,4.64,Combo G,134463,pid_team,71,9.5,0,0,0,0,0.0,0,0.0,0.00000000,0,100.0,0.0,0.0,0.0,0,0.0,0.0,0.0,0,0,0,2.999551724137931,0.221954,0.0,0.778046,0.0,0.0,0.0,0.0,0.0,A2,Low-Production Player,0.778046,A0,Perimeter Spacer,0.221954,True,very_unstable,Below 150 minutes; scored out-of-sample relative to the 150+ minute core_v3 training population.
77160::2026::Bucknell,2026,77160,Josh Fulton,Bucknell,Pat,89.6,Wing G,77160,pid_team,78,14.2,79.47,9.3,16.7,21.6,85.7,87.5,0.0,1.25000000,37.6,55.55555555555556,100.0,22.22222222222222,50.0,0.669135,60.0,0.0,42.857142857142854,0,5.3,7.1,9.030982142857143,0.0,0.0,0.0,0.0,0.0,0.078255,0.008045,0.913699,A7,Traditional Big,0.913699,A5,Efficient Play Finisher,0.078255,True,unstable,Below 150 minutes; scored out-of-sample relative to the 150+ minute core_v3 training population.
126778::2026::Bucknell,2026,126778,Kellen Welch,Bucknell,Pat,18.7,PF/C,126778,pid_team,79,22.9,31.45,19.1,26.7,11.2,50.0,28.6,0.0,0.99989997,0,57.14285714285714,50.0,14.285714285714285,0.0,6.40458,100.0,0.0,100.0,14.2,3.2,2.1,10.429689839572195,0.160391,0.563516,0.0,0.157229,0.0,0.0,0.038628,0.080236,A1,Connecting Guard,0.563516,A0,Perimeter Spacer,0.160391,True,very_unstable,Below 150 minutes; scored out-of-sample relative to the 150+ minute core_v3 training population.
126777::2026::Bucknell,2026,126777,Matt Lange,Bucknell,Pat,18.9999,Combo G,126777,pid_team,74,11.4,68.97,6.3,6.6,0,25.0,400,100.0,0.00000000,27.7,0.0,0.0,0.0,0.0,3.20229,0.0,100.0,100.0,0,0,4.2,4.255011868483518,0.607662,0.025732,0.0,0.146494,0.220113,0.0,0.0,0.0,A0,Perimeter Spacer,0.607662,A4,Scoring Playmaker,0.220113,True,very_unstable,Below 150 minutes; scored out-of-sample relative to the 150+ minute core_v3 training population.
134630::2026::Buffalo,2026,134630,Matas Buteliauskas,Buffalo,MAC,27.6,Wing F,134630,pid_team,79,6.4,37.5,7.4,15,0,0.0,0,25.0,0.00000000,0,0.0,0.0,0.0,0.0,7.22916,0.0,100.0,100.0,0,0,0,5.937463768115943,0.714476,0.0,0.285524,0.0,0.0,0.0,0.0,0.0,A0,Perimeter Spacer,0.714476,A2,Low-Production Player,0.285524,True,very_unstable,Below 150 minutes; scored out-of-sample relative to the 150+ minute core_v3 training population.
77734::2026::Butler,2026,77734,Ethan McComb,Butler,BE,7.3002,Pure PG,77734,pid_team,73,10,100,0,0,51.5,0.0,0,0.0,1.99979997,0,100.0,100.0,0.0,0.0,0,0.0,0.0,0.0,14,7.8,0,11.55787512670886,0.0,0.0,0.0,0.165388,0.0,0.388495,0.0,0.446117,A7,Traditional Big,0.446117,A5,Efficient Play Finisher,0.388495,True,very_unstable,Below 150 minutes; scored out-of-sample relative to the 150+ minute core_v3 training population.
134506::2026::Butler,2026,134506,Jack McCaffery,Butler,BE,85.7997,Stretch 4,134506,pid_team,81,16.1,52.52,9.3,9.1,8.1,75.0,40,21.4,1.00000000,16.5,28.57142857142857,83.33,0.0,0.0,9.30531,40.0,100.0,66.66666666666666,2.4,1.3,2.8,6.16435721803223,0.357369,0.327895,0.0,0.0,0.0,0.314737,0.0,0.0,A0,Perimeter Spacer,0.357369,A1,Connecting Guard,0.327895,True,unstable,Below 150 minutes; scored out-of-sample relative to the 150+ minute core_v3 training population.
76386::2026::Butler,2026,76386,Jalen Jackson,Butler,BE,135.1998,Scoring PG,76386,pid_team,74,27.2,54.78,5.9,11.6,33.6,57.9,44.2,40.0,1.27776670,27.9,50.0,72.72999999999999,36.36363636363637,25.0,2.10903,18.75,100.0,26.08695652173913,0.8,3.4,3,7.615307123235389,0.0,0.0,0.198173,0.0,0.369866,0.234143,0.197819,0.0,A4,Scoring Playmaker,0.369866,A5,Efficient Play Finisher,0.234143,True,borderline_unstable,Below 150 minutes; scored out-of-sample relative to the 150+ minute core_v3 training population.
127276::2026::Cal Baptist,2026,127276,Jalen Dollar,Cal Baptist,WAC,35.8,Scoring PG,127276,pid_team,70,9.9,94.94,0,6.3,5.4,75.0,66.7,80.0,1.00000001,0,0.0,0.0,16.666666666666664,0.0,8.29107,0.0,100.0,100.0,0,1.7,6.7,6.114122905027933,0.27402,0.175954,0.0,0.435397,0.01839,0.096239,0.0,0.0,A3,Two-Way Guard,0.435397,A0,Perimeter Spacer,0.27402,True,very_unstable,Below 150 minutes; scored out-of-sample relative to the 150+ minute core_v3 training population.
72614::2026::Cal Baptist,2026,72614,Monty Bowser,Cal Baptist,WAC,110.0996,Wing G,72614,pid_team,79,12.7,48.56,2,16.4,3.3,75.0,33.3,29.4,0.66637779,12.7,24.0,50.0,4.0,0.0,9.16164,33.33333333333333,100.0,77.77777777777779,0,2.2,2.2,7.520753935527468,0.0,0.0,0.0,0.708911,0.0,0.0,0.077101,0.213987,A3,Two-Way Guard,0.708911,A7,Traditional Big,0.213987,True,borderline_unstable,Below 150 minutes; scored out-of-sample relative to the 150+ minute core_v3 training population.
134451::2026::Cal Baptist,2026,134451,Nate Garcia,Cal Baptist,WAC,97.8,PF/C,134451,pid_team,84,18.3,67.53,4.5,16.1,3.8,84.0,147.1,0.0,0.33333333,19.9,82.35294117647058,57.14,17.647058823529413,33.33,0,62.5,0.0,55.55555555555556,0,1.2,3.7,6.908057259713701,0.000702,0.0,0.0,0.10997,0.466968,0.0,0.0,0.422359,A4,Scoring Playmaker,0.466968,A7,Traditional Big,0.422359,True,unstable,Below 150 minutes; scored out-of-sample relative to the 150+ minute core_v3 training population.
76552::2026::Cal Poly,2026,76552,"Aaron Price, Jr.",Cal Poly,BW,116.4434,Wing F,76552,pid_team,80,15.6,56.63,5.9,12.7,7,50.0,13.8,50.0,0.74986873,21.6,50.0,63.160000000000004,10.526315789473683,0.0,2.90941,83.33333333333334,100.0,86.95652173913044,1,3.4,4,8.02326280407477,0.0,0.0,0.352783,0.647217,0.0,0.0,0.0,0.0,A3,Two-Way Guard,0.647217,A2,Low-Production Player,0.352783,True,borderline_unstable,Below 150 minutes; scored out-of-sample relative to the 150+ minute core_v3 training population.
127482::2026::Cal Poly,2026,127482,Eric Brown,Cal Poly,BW,14.0,C,127482,pid_team,80,15.6,16.95,0,14.9,0,50.0,100,0.0,0.00000000,47,100.0,0.0,0.0,0.0,0,0.0,0.0,0.0,0,0,2.8,6.195171428571428,0.0,0.0,0.63349,0.36651,0.0,0.0,0.0,0.0,A2,Low-Production Player,0.63349,A3,Two-Way Guard,0.36651,True,very_unstable,Below 150 minutes; scored out-of-sample relative to the 150+ minute core_v3 training population.
134528::2026::Cal Poly,2026,134528,Jason Scott,Cal Poly,BW,40.425,Scoring PG,134528,pid_team,76,19,63.03,0,5.9,20.9,25.0,40,66.7,1.33333333,22.9,20.0,50.0,20.0,0.0,8.72824,0.0,100.0,80.0,0,0,3.3,4.475290043290044,0.026774,0.11538,0.0,0.0,0.275358,0.582487,0.0,0.0,A5,Efficient Play Finisher,0.582487,A4,Scoring Playmaker,0.275358,True,very_unstable,Below 150 minutes; scored out-of-sample relative to the 150+ minute core_v3 training population.
134527::2026::Cal Poly,2026,134527,Jess Esso Essis,Cal Poly,BW,122.0002,Stretch 4,134527,pid_team,82,20.6,64.83,3.5,18.3,11.4,88.9,21.4,41.4,0.63637519,23,17.77777777777778,62.5,11.11111111111111,60.0,12.4838,100.0,75.0,77.27272727272727,2.6,1.3,3.3,7.937790265917598,0.424238,0.0,0.0,0.0,0.0,0.575762,0.0,0.0,A5,Efficient Play Finisher,0.575762,A0,Perimeter Spacer,0.424238,True,borderline_unstable,Below 150 minutes; scored out-of-sample relative to the 150+ minute core_v3 training population.
79033::2026::Cal State Bakersfield,2026,79033,Caleb McCarty,Cal State Bakersfield,BW,43.0835,C,79033,pid_team,80,14.6,68.35,12.7,19.9,8.7,75.0,33.3,0.0,1.99940002,7.4,64.28571428571429,77.78,21.428571428571427,33.33,0,71.42857142857143,0.0,80.0,2.2,0,10.2,7.752768461243863,0.0,0.845559,0.0,0.0,0.0,0.0,0.0,0.154441,A1,Connecting Guard,0.845559,A7,Traditional Big,0.154441,True,very_unstable,Below 150 minutes; scored out-of-sample relative to the 150+ minute core_v3 training population.
134922::2026::Cal State Bakersfield,2026,134922,Dylan Purnell,Cal State Bakersfield,BW,121.0132,Wing F,134922,pid_team,77,21.1,40.89,9.5,13.9,5.4,33.300000000000004,46.9,11.1,0.50000000,23,44.11764705882353,60.0,23.52941176470588,37.5,4.37086,55.55555555555556,0.0,53.333333333333336,0,1.9,3.5,6.184845950689677,0.217397,0.038328,0.577047,0.0,0.167228,0.0,0.0,0.0,A2,Low-Production Player,0.577047,A0,Perimeter Spacer,0.217397,True,borderline_unstable,Below 150 minutes; scored out-of-sample relative to the 150+ minute core_v3 training population.
134320::2026::Cal State Bakersfield,2026,134320,TJ James Jr.,Cal State Bakersfield,BW,32.24,Wing G,134320,pid_team,73,14.9,21.11,0,12.8,7.1,0.0,11.1,0.0,1.60000002,0,22.22222222222222,100.0,0.0,0.0,14.5254,0.0,0.0,0.0,0,2.1,0,5.255,0.0,0.0,0.704109,0.0,0.080772,0.0,0.0,0.21512,A2,Low-Production Player,0.704109,A7,Traditional Big,0.21512,True,very_unstable,Below 150 minutes; scored out-of-sample relative to the 150+ minute core_v3 training population.
134095::2026::Cal State Fullerton,2026,134095,Benjamin Winker,Cal State Fullerton,BW,25.575,C,134095,pid_team,82,9.3,0,6.8,29.4,9.5,0.0,300,0.0,1.00000000,0,100.0,0.0,0.0,0.0,0,0.0,0.0,0.0,0,0,7.7,4.640484848484848,0.0,0.49746,0.205254,0.297286,0.0,0.0,0.0,0.0,A1,Connecting Guard,0.49746,A3,Two-Way Guard,0.297286,True,very_unstable,Below 150 minutes; scored out-of-sample relative to the 150+ minute core_v3 training population.
135029::2026::Cal State Fullerton,2026,135029,Matthew Quinlan,Cal State Fullerton,BW,15.825,Combo G,135029,pid_team,72,14.5,50,0,0,0,0.0,0,33.300000000000004,0.00000000,0,0.0,0.0,0.0,0.0,20.7361,0.0,100.0,100.0,0,0,0,2.1788107424960503,0.932458,0.0,0.067542,0.0,0.0,0.0,0.0,0.0,A0,Perimeter Spacer,0.932458,A2,Low-Production Player,0.067542,True,very_unstable,Below 150 minutes; scored out-of-sample relative to the 150+ minute core_v3 training population.
127435::2026::Cal State Northridge,2026,127435,Greg Gazarian,Cal State Northridge,BW,21.7777,PF/C,127435,pid_team,72,32.6,33.9,0,0,0,100.0,100,0.0,0.16664167,64.7,0.0,0.0,50.0,0.0,5.13081,0.0,0.0,0.0,0,0,4,2.040637900237399,0.0,0.0,0.618716,0.0,0.381284,0.0,0.0,0.0,A2,Low-Production Player,0.618716,A4,Scoring Playmaker,0.381284,True,very_unstable,Below 150 minutes; scored out-of-sample relative to the 150+ minute core_v3 training population.
127436::2026::Cal State Northridge,2026,127436,Robert Thibiant,Cal State Northridge,BW,13.125,Combo G,127436,pid_team,74,29,30,0,0,0,0.0,0,25.0,0.00000000,22.4,0.0,0.0,20.0,0.0,27.3643,0.0,100.0,100.0,0,0,4.9,2.7586803809523808,0.663679,0.0,0.336321,0.0,0.0,0.0,0.0,0.0,A0,Perimeter Spacer,0.663679,A2,Low-Production Player,0.336321,True,very_unstable,Below 150 minutes; scored out-of-sample relative to the 150+ minute core_v3 training population.
127679::2026::California,2026,127679,BJ Fisher,California,ACC,7.9716,Wing G,127679,pid_team,73,23.5,33.33,0,0,0,0.0,0,0.0,0.00000000,30.7,66.66666666666666,50.0,0.0,0.0,7.22221,0.0,0.0,0.0,0,0,15,4.50191680465653,0.0,0.0,0.899682,0.0,0.0,0.0,0.0,0.100318,A2,Low-Production Player,0.899682,A7,Traditional Big,0.100318,True,very_unstable,Below 150 minutes; scored out-of-sample relative to the 150+ minute core_v3 training population.
78817::2026::California,2026,78817,Dhiaukuei Manyiel Dut,California,ACC,44.3004,C,78817,pid_team,84,10.3,42.02,7.9,22.2,3.8,50.0,40,0.0,0.49970005,25.4,60.0,66.67,20.0,0.0,1.31313,50.0,0.0,50.0,18.1,1.3,10.8,10.824371788968046,0.0,0.0,0.0,0.255069,0.0,0.0,0.0,0.744931,A7,Traditional Big,0.744931,A3,Two-Way Guard,0.255069,True,very_unstable,Below 150 minutes; scored out-of-sample relative to the 150+ minute core_v3 training population.
135007::2026::California,2026,135007,Luke Butler,California,ACC,5.4858,PF/C,135007,pid_team,76,10.5,0,20.6,19.2,0,0.0,0,0.0,0.00000000,0,0.0,0.0,100.0,0.0,0,0.0,0.0,0.0,0,10.1,0,13.745743556090266,0.0,0.0,0.474687,0.525313,0.0,0.0,0.0,0.0,A3,Two-Way Guard,0.525313,A2,Low-Production Player,0.474687,True,very_unstable,Below 150 minutes; scored out-of-sample relative to the 150+ minute core_v3 training population.
126652::2026::California,2026,126652,Mantas Kocanas,California,ACC,143.5644,Wing F,126652,pid_team,83,15.3,53.44,7.1,16.9,2.4,40.0,35.7,42.9,0.18179999,27.7,64.51612903225806,55.00000000000001,3.225806451612903,0.0,2.70833,72.72727272727273,100.0,82.35294117647058,0.8,1.5,7.5,7.792656118090557,0.233971,0.0,0.748328,0.017701,0.0,0.0,0.0,0.0,A2,Low-Production Player,0.748328,A0,Perimeter Spacer,0.233971,True,borderline_unstable,Below 150 minutes; scored out-of-sample relative to the 150+ minute core_v3 training population.
77622::2026::California,2026,77622,Rytis Petraitis,California,ACC,117.7001,PF/C,77622,pid_team,79,14.8,63.3,6,20.5,11.3,63.6,45.8,40.0,1.75008754,13.2,64.0,68.75,12.0,33.33,2.46212,72.72727272727273,100.0,73.33333333333333,5.8,2,3.4,8.799346814488688,0.0,0.848884,0.0,0.031286,0.0,0.11983,0.0,0.0,A1,Connecting Guard,0.848884,A5,Efficient Play Finisher,0.11983,True,borderline_unstable,Below 150 minutes; scored out-of-sample relative to the 150+ minute core_v3 training population.
127544::2026::California,2026,127544,Sammie Yeanay,California,ACC,40.3002,PF/C,127544,pid_team,80,17.1,41.84,11.6,13.6,9.1,50.0,18.2,25.0,2.00000000,8.4,45.45454545454545,60.0,18.181818181818183,0.0,5.77777,33.33333333333333,100.0,50.0,5.7,0,8.9,6.807360757514851,0.0,1.0,0.0,0.0,0.0,0.0,0.0,0.0,A1,Connecting Guard,1.0,A0,Perimeter Spacer,0.0,True,very_unstable,Below 150 minutes; scored out-of-sample relative to the 150+ minute core_v3 training population.
127238::2026::California,2026,127238,Stephon Marbury II,California,ACC,3.525,PF/C,127238,pid_team,73,39.2,0,0,0,0,0.0,0,0.0,0.00000000,73.5,100.0,0.0,0.0,0.0,0,0.0,0.0,0.0,0,0,10,4.780255319148936,0.0,0.0,1.0,0.0,0.0,0.0,0.0,0.0,A2,Low-Production Player,1.0,A0,Perimeter Spacer,0.0,True,very_unstable,Below 150 minutes; scored out-of-sample relative to the 150+ minute core_v3 training population.
75198::2026::Campbell,2026,75198,Broc Bidwell,Campbell,CAA,49.417,Scoring PG,75198,pid_team,72,12.1,20.41,4,0,0,50.0,133.3,0.0,1.00000000,33.5,0.0,0.0,33.33333333333333,0.0,4.03431,0.0,0.0,0.0,3.5,2,4.3,3.274241657729121,0.0,0.0,0.570733,0.276306,0.152962,0.0,0.0,0.0,A2,Low-Production Player,0.570733,A3,Two-Way Guard,0.276306,True,very_unstable,Below 150 minutes; scored out-of-sample relative to the 150+ minute core_v3 training population.
133978::2026::Campbell,2026,133978,Dominykas Butka,Campbell,CAA,143.5308,Wing G,133978,pid_team,78,14.8,44.62,3.9,11.7,5.9,64.3,77.8,14.299999999999999,0.75004787,30.1,50.0,44.440000000000005,11.11111111111111,50.0,3.45157,25.0,100.0,33.33333333333333,0,2.5,2.1,5.329559927207261,0.467608,0.0,0.532392,0.0,0.0,0.0,0.0,0.0,A2,Low-Production Player,0.532392,A0,Perimeter Spacer,0.467608,True,borderline_unstable,Below 150 minutes; scored out-of-sample relative to the 150+ minute core_v3 training population.
79321::2026::Campbell,2026,79321,Enoch Kalambay,Campbell,CAA,78.66,PF/C,79321,pid_team,78,22,36.96,13.3,19.7,11.2,0.0,0,8.3,0.62499999,26.5,34.78260869565217,75.0,13.043478260869565,33.33,10.0477,33.33333333333333,100.0,37.5,1.4,1.7,5.3,6.349707602339182,0.0,0.0,0.032786,0.164215,0.0,0.0,0.628173,0.174825,A6,Two-Way Forward,0.628173,A7,Traditional Big,0.174825,True,unstable,Below 150 minutes; scored out-of-sample relative to the 150+ minute core_v3 training population.
72526::2026::Campbell,2026,72526,Terren Frank,Campbell,CAA,51.3002,Wing F,72526,pid_team,80,15.6,37.24,4.4,7.1,10.5,66.7,25,0.0,1.00000000,21.3,33.33333333333333,75.0,58.333333333333336,14.29,1.10943,100.0,0.0,75.0,1.9,2.2,7.8,6.49936647420478,0.0,0.295191,0.686921,0.0,0.017888,0.0,0.0,0.0,A2,Low-Production Player,0.686921,A1,Connecting Guard,0.295191,True,unstable,Below 150 minutes; scored out-of-sample relative to the 150+ minute core_v3 training population.
134977::2026::Canisius,2026,134977,Andreo Ash,Canisius,MAAC,31.5552,PF/C,134977,pid_team,80,10.1,75,0,19.8,9.8,0.0,0,0.0,0.50000000,24.9,60.0,66.67,20.0,100.0,0,100.0,0.0,100.0,5.3,2.5,6.5,6.531893317107798,0.0,0.247956,0.272646,0.0,0.0,0.207705,0.0,0.271693,A2,Low-Production Player,0.272646,A7,Traditional Big,0.271693,True,very_unstable,Below 150 minutes; scored out-of-sample relative to the 150+ minute core_v3 training population.
78437::2026::Canisius,2026,78437,Nicco DiGiulio,Canisius,MAAC,14.6125,Pure PG,78437,pid_team,70,26.1,25.32,0,9.2,42.2,100.0,66.7,0.0,1.50000000,35.9,33.33333333333333,0.0,0.0,0.0,9.39239,0.0,0.0,0.0,0,4.7,3,7.002306244653551,0.577998,0.0,0.286215,0.074518,0.061269,0.0,0.0,0.0,A0,Perimeter Spacer,0.577998,A2,Low-Production Player,0.286215,True,very_unstable,Below 150 minutes; scored out-of-sample relative to the 150+ minute core_v3 training population.
133654::2026::Canisius,2026,133654,Trevor Augustine,Canisius,MAAC,14.175,Combo G,133654,pid_team,74,11.5,102.56,0,9.6,0,50.0,200,100.0,0.00000000,42.3,0.0,0.0,0.0,0.0,4.6962,0.0,0.0,0.0,0,0,0,4.179442680776014,0.0,0.0,0.087369,0.0,0.143233,0.0,0.0,0.769398,A7,Traditional Big,0.769398,A4,Scoring Playmaker,0.143233,True,very_unstable,Below 150 minutes; scored out-of-sample relative to the 150+ minute core_v3 training population.
134821::2026::Canisius,2026,134821,Zach Christian,Canisius,MAAC,16.275,Combo G,134821,pid_team,75,18.8,33.52,0,8.5,0,0.0,25,50.0,0.00000000,23,0.0,0.0,50.0,0.0,8.60969,0.0,100.0,100.0,0,4.3,5.6,6.607336405529953,0.0,0.0,0.385514,0.614486,0.0,0.0,0.0,0.0,A3,Two-Way Guard,0.614486,A2,Low-Production Player,0.385514,True,very_unstable,Below 150 minutes; scored out-of-sample relative to the 150+ minute core_v3 training population.
135135::2026::Central Arkansas,2026,135135,Chris Mason,Central Arkansas,ASun,29.55,Wing F,135135,pid_team,79,19.8,25,8.9,4.8,6.6,0.0,0,0.0,0.25000000,23,50.0,50.0,12.5,0.0,6.99331,0.0,0.0,0.0,0,0,1.6,3.6840879864636213,0.0,0.0,0.899162,0.0,0.100838,0.0,0.0,0.0,A2,Low-Production Player,0.899162,A4,Scoring Playmaker,0.100838,True,very_unstable,Below 150 minutes; scored out-of-sample relative to the 150+ minute core_v3 training population.
127142::2026::Central Arkansas,2026,127142,Ethan Thomas,Central Arkansas,ASun,29.1669,Pure PG,127142,pid_team,73,10.2,44.44,0,4.9,11.8,60.0,500,0.0,2.99999987,22.8,0.0,0.0,100.0,0.0,0,0.0,0.0,0.0,0,2.3,3.2,5.092704401221933,0.0,0.0,0.0,0.080786,0.169266,0.0,0.0,0.749948,A7,Traditional Big,0.749948,A4,Scoring Playmaker,0.169266,True,very_unstable,Below 150 minutes; scored out-of-sample relative to the 150+ minute core_v3 training population.
135134::2026::Central Arkansas,2026,135134,John Shulman,Central Arkansas,ASun,27.667,Wing G,135134,pid_team,74,5.3,0,0,21.5,0,0.0,0,0.0,0.00000000,0,0.0,0.0,0.0,0.0,7.81605,0.0,0.0,0.0,0,0,1.8,4.9237430874326815,0.412286,0.0,0.587714,0.0,0.0,0.0,0.0,0.0,A2,Low-Production Player,0.587714,A0,Perimeter Spacer,0.412286,True,very_unstable,Below 150 minutes; scored out-of-sample relative to the 150+ minute core_v3 training population.
128028::2026::Central Arkansas,2026,128028,Owen Derhmann,Central Arkansas,ASun,31.3362,Combo G,128028,pid_team,76,3.7,75,0,9.5,6.1,0.0,0,50.0,0.81809997,0,0.0,0.0,0.0,0.0,4.42909,0.0,100.0,100.0,0,0,3.1,3.9550551758030648,0.504857,0.495143,0.0,0.0,0.0,0.0,0.0,0.0,A0,Perimeter Spacer,0.504857,A1,Connecting Guard,0.495143,True,very_unstable,Below 150 minutes; scored out-of-sample relative to the 150+ minute core_v3 training population.
135444::2026::Central Arkansas,2026,135444,Rashad Bolden,Central Arkansas,ASun,46.3334,Combo G,135444,pid_team,72,20.8,30.77,0,19.1,3.4,60.0,22.7,18.2,1.49992499,0,0.0,0.0,50.0,27.27,12.4923,0.0,50.0,20.0,0,3.4,2.3,8.958979915136812,1.0,0.0,0.0,0.0,0.0,0.0,0.0,0.0,A0,Perimeter Spacer,1.0,A1,Connecting Guard,0.0,True,very_unstable,Below 150 minutes; scored out-of-sample relative to the 150+ minute core_v3 training population.
76684::2026::Central Connecticut,2026,76684,Gabe Spinelli,Central Connecticut,NEC,133.1181,Combo G,76684,pid_team,75,15.8,51.11,0,10.7,5.7,100.0,25.9,33.300000000000004,1.19997794,27.1,64.28571428571429,50.0,10.714285714285714,0.0,2.8478,22.22222222222222,50.0,25.0,0,2.4,3.7,6.068686376984047,0.360105,0.0,0.229208,0.0,0.0,0.410687,0.0,0.0,A5,Efficient Play Finisher,0.410687,A0,Perimeter Spacer,0.360105,True,borderline_unstable,Below 150 minutes; scored out-of-sample relative to the 150+ minute core_v3 training population.
135145::2026::Central Connecticut,2026,135145,Ja'Kobe Williams,Central Connecticut,NEC,108.6,Combo G,135145,pid_team,75,17.7,32.37,2.4,14.1,18.1,62.5,33.3,14.299999999999999,2.00000000,19.5,20.833333333333336,40.0,50.0,25.0,4.02189,50.0,100.0,33.33333333333333,0,2.3,2.6,6.477090239410681,0.143266,0.291296,0.565438,0.0,0.0,0.0,0.0,0.0,A2,Low-Production Player,0.565438,A1,Connecting Guard,0.291296,True,borderline_unstable,Below 150 minutes; scored out-of-sample relative to the 150+ minute core_v3 training population.
126710::2026::Central Connecticut,2026,126710,Jayden Mott,Central Connecticut,NEC,106.8852,C,126710,pid_team,80,18.2,34.4,11.5,12.9,1.8,37.5,44.4,0.0,0.36362477,31,47.368421052631575,33.33,42.10526315789473,37.5,0.627389,66.66666666666666,0.0,85.71428571428571,3.4,0.6,5.3,5.473199282969017,0.0,0.0,0.617956,0.0,0.0,0.0,0.0,0.382044,A2,Low-Production Player,0.617956,A7,Traditional Big,0.382044,True,borderline_unstable,Below 150 minutes; scored out-of-sample relative to the 150+ minute core_v3 training population.
134994::2026::Central Michigan,2026,134994,Jorden Brooks,Central Michigan,MAC,39.333,Scoring PG,134994,pid_team,73,9.7,21.43,3.6,3.6,4.8,0.0,0,16.7,2.00120050,0,14.285714285714285,0.0,0.0,0.0,10.4291,0.0,100.0,100.0,0,1.8,6,4.325212925533267,0.431097,0.0,0.568903,0.0,0.0,0.0,0.0,0.0,A2,Low-Production Player,0.568903,A0,Perimeter Spacer,0.431097,True,very_unstable,Below 150 minutes; scored out-of-sample relative to the 150+ minute core_v3 training population.
135302::2026::Central Michigan,2026,135302,Kayden Nation,Central Michigan,MAC,79.3716,Wing G,135302,pid_team,79,22.4,52.86,0,7.4,12.2,100.0,26.9,33.300000000000004,1.16658886,8,23.076923076923077,50.0,30.76923076923077,37.5,10.8016,66.66666666666666,75.0,60.0,0,0.9,4.9,4.062158253077927,0.30302,0.0,0.0,0.0,0.28059,0.298887,0.0,0.117503,A0,Perimeter Spacer,0.30302,A5,Efficient Play Finisher,0.298887,True,unstable,Below 150 minutes; scored out-of-sample relative to the 150+ minute core_v3 training population.
78755::2026::Central Michigan,2026,78755,Rodney Johnson Jr.,Central Michigan,MAC,137.9552,Stretch 4,78755,pid_team,77,24.3,51.35,7.9,20.3,11.1,60.0,8.6,36.8,1.12498596,14.2,17.24137931034483,60.0,50.0,44.83,8.18583,66.66666666666666,100.0,57.692307692307686,1.7,0,3.8,6.015286121871448,0.380135,0.238408,0.137917,0.0,0.24354,0.0,0.0,0.0,A0,Perimeter Spacer,0.380135,A4,Scoring Playmaker,0.24354,True,borderline_unstable,Below 150 minutes; scored out-of-sample relative to the 150+ minute core_v3 training population.
76411::2026::Charleston,2026,76411,Bryce Baker,Charleston,CAA,107.4,Stretch 4,76411,pid_team,77,12.2,27.14,5.4,6.7,4.7,50.0,8.7,10.5,1.00000000,13.3,13.043478260869565,100.0,4.3478260869565215,0.0,10.2985,100.0,100.0,100.0,0,1.6,2.6,5.643277467411545,0.0,0.0,0.966936,0.0,0.0,0.033064,0.0,0.0,A2,Low-Production Player,0.966936,A5,Efficient Play Finisher,0.033064,True,borderline_unstable,Below 150 minutes; scored out-of-sample relative to the 150+ minute core_v3 training population.
78763::2026::Charleston,2026,78763,Djordje Curcic,Charleston,CAA,56.8888,Pure PG,78763,pid_team,74,15.1,12.66,0,4.6,13.9,50.0,66.7,0.0,2.00000000,17.1,22.22222222222222,0.0,0.0,0.0,9.06391,0.0,0.0,0.0,0,5.2,2.6,6.152247894137335,0.522991,0.113831,0.363178,0.0,0.0,0.0,0.0,0.0,A0,Perimeter Spacer,0.522991,A2,Low-Production Player,0.363178,True,unstable,Below 150 minutes; scored out-of-sample relative to the 150+ minute core_v3 training population.
127053::2026::Charleston,2026,127053,Joey Scarpitti,Charleston,CAA,2.925,PF/C,127053,pid_team,71,26.4,0,0,0,0,0.0,0,0.0,0.75000000,0,0.0,0.0,100.0,0.0,0,0.0,0.0,0.0,0,0,0,1.7427555555555556,0.095028,0.0,0.662893,0.0,0.242079,0.0,0.0,0.0,A2,Low-Production Player,0.662893,A4,Scoring Playmaker,0.242079,True,very_unstable,Below 150 minutes; scored out-of-sample relative to the 150+ minute core_v3 training population.
134176::2026::Charleston,2026,134176,Kendall Taylor,Charleston,CAA,102.69,PF/C,134176,pid_team,77,18.5,13.25,6.9,12.2,11.8,33.300000000000004,12,0.0,1.20000005,18.6,12.0,66.67,40.0,10.0,8.22607,100.0,0.0,66.66666666666666,0,0.7,5.2,4.8880708929788685,0.0,0.04363,0.734041,0.0,0.0,0.0,0.066467,0.155862,A2,Low-Production Player,0.734041,A7,Traditional Big,0.155862,True,borderline_unstable,Below 150 minutes; scored out-of-sample relative to the 150+ minute core_v3 training population.
127668::2026::Charleston,2026,127668,Mister Dean,Charleston,CAA,52.2,Scoring PG,127668,pid_team,78,36.1,58.27,6.7,15.8,38.9,68.8,84.2,0.0,1.12498599,24.7,38.095238095238095,87.5,42.857142857142854,33.33,2.21973,28.57142857142857,0.0,33.33333333333333,2.2,4.5,4.6,9.361992337164752,0.0,0.0,0.0,0.037151,0.106608,0.0,0.276251,0.579991,A7,Traditional Big,0.579991,A6,Two-Way Forward,0.276251,True,unstable,Below 150 minutes; scored out-of-sample relative to the 150+ minute core_v3 training population.
134861::2026::Charleston,2026,134861,Will Mortimore,Charleston,CAA,50.6002,C,134861,pid_team,82,17,63.27,11.5,20.4,0,72.7,122.2,0.0,0.00000000,13.5,77.77777777777779,71.43,22.22222222222222,0.0,0,80.0,0.0,80.0,2.2,3.5,9.5,9.558223090027312,0.0,0.0,0.0,0.462576,0.0,0.0,0.0,0.537424,A7,Traditional Big,0.537424,A3,Two-Way Guard,0.462576,True,unstable,Below 150 minutes; scored out-of-sample relative to the 150+ minute core_v3 training population.
126937::2026::Charleston Southern,2026,126937,Devin Brafford,Charleston Southern,BSth,122.7587,PF/C,126937,pid_team,85,19.4,52.05,8.5,22.7,9.1,41.699999999999996,46.2,22.2,0.76921956,29.8,46.666666666666664,64.29,10.0,66.67,4.32852,66.66666666666666,100.0,82.35294117647058,14.7,2.4,7.8,10.909662614543818,0.0,0.0,0.0,0.331477,0.0,0.0,0.440352,0.228171,A6,Two-Way Forward,0.440352,A3,Two-Way Guard,0.331477,True,borderline_unstable,Below 150 minutes; scored out-of-sample relative to the 150+ minute core_v3 training population.
134965::2026::Charleston Southern,2026,134965,Easton Hupp,Charleston Southern,BSth,13.02,Combo G,134965,pid_team,76,43.6,0,0,0,0,0.0,0,0.0,0.00000000,59.3,0.0,0.0,0.0,0.0,22.845,0.0,0.0,0.0,0,0,0,0.5836098310291858,0.128988,0.0,0.871012,0.0,0.0,0.0,0.0,0.0,A2,Low-Production Player,0.871012,A0,Perimeter Spacer,0.128988,True,very_unstable,Below 150 minutes; scored out-of-sample relative to the 150+ minute core_v3 training population.
78430::2026::Charlotte,2026,78430,Andrew Bailey,Charlotte,Amer,3.2,PF/C,78430,pid_team,78,38,0,0,0,0,0.0,0,0.0,0.00000000,51.3,0.0,0.0,0.0,0.0,0,0.0,0.0,0.0,0,0,12.5,3.6535625000000005,0.0,0.0,1.0,0.0,0.0,0.0,0.0,0.0,A2,Low-Production Player,1.0,A0,Perimeter Spacer,0.0,True,very_unstable,Below 150 minutes; scored out-of-sample relative to the 150+ minute core_v3 training population.
134076::2026::Charlotte,2026,134076,David Gomez,Charlotte,Amer,39.3,PF/C,134076,pid_team,81,10,71.43,3.2,17.9,5,0.0,0,66.7,1.00000000,15.8,42.857142857142854,33.33,14.285714285714285,100.0,4.79017,0.0,100.0,50.0,9,1.6,6.1,7.971603053435115,0.119923,0.841797,0.03828,0.0,0.0,0.0,0.0,0.0,A1,Connecting Guard,0.841797,A0,Perimeter Spacer,0.119923,True,very_unstable,Below 150 minutes; scored out-of-sample relative to the 150+ minute core_v3 training population.
75719::2026::Charlotte,2026,75719,Kuluel Mading,Charlotte,Amer,138.3613,PF/C,75719,pid_team,83,18.7,65.5,6.2,10.8,1.6,77.8,22.5,33.300000000000004,0.11120000,21.3,38.63636363636363,94.12,18.181818181818183,25.0,6.615,62.5,100.0,74.07407407407408,5,0.4,6,5.874937572861776,0.207887,0.0,0.0,0.0,0.0,0.792113,0.0,0.0,A5,Efficient Play Finisher,0.792113,A0,Perimeter Spacer,0.207887,True,borderline_unstable,Below 150 minutes; scored out-of-sample relative to the 150+ minute core_v3 training population.
128170::2026::Chattanooga,2026,128170,Latif Diouf,Chattanooga,SC,57.92,Wing F,128170,pid_team,81,18.7,50.34,0,8.7,18.2,50.0,30.8,25.0,2.24999991,18.4,61.53846153846154,62.5,7.6923076923076925,0.0,4.57631,80.0,100.0,83.33333333333334,0,1.1,8.4,5.0024999999999995,0.0,1.0,0.0,0.0,0.0,0.0,0.0,0.0,A1,Connecting Guard,1.0,A0,Perimeter Spacer,0.0,True,unstable,Below 150 minutes; scored out-of-sample relative to the 150+ minute core_v3 training population.
77858::2026::Chattanooga,2026,77858,Ryan Lopez,Chattanooga,SC,16.0,Wing G,77858,pid_team,68,9,0,17.3,31,0,0.0,0,0.0,1.99930009,0,0.0,0.0,0.0,0.0,8.58058,0.0,0.0,0.0,0,0,0,3.353325,0.155153,0.681044,0.163803,0.0,0.0,0.0,0.0,0.0,A1,Connecting Guard,0.681044,A2,Low-Production Player,0.163803,True,very_unstable,Below 150 minutes; scored out-of-sample relative to the 150+ minute core_v3 training population.
77739::2026::Chattanooga,2026,77739,Sean Cusano,Chattanooga,SC,54.7332,Wing F,77739,pid_team,81,9.1,59,4.9,6.6,6.9,100.0,12.5,20.0,5.99880004,0,37.5,100.0,0.0,0.0,5.8504,33.33333333333333,100.0,50.0,0,2.3,9.4,5.725336724328196,0.0,0.0,0.0,0.0,0.0,0.385352,0.073192,0.541455,A7,Traditional Big,0.541455,A5,Efficient Play Finisher,0.385352,True,unstable,Below 150 minutes; scored out-of-sample relative to the 150+ minute core_v3 training population.
78264::2026::Chattanooga,2026,78264,Sebastian Hartmann,Chattanooga,SC,112.0715,Stretch 4,78264,pid_team,77,17.3,63.52,9.3,14.9,6.1,77.8,32.1,47.099999999999994,0.87496720,17,34.48275862068966,40.0,3.4482758620689653,100.0,8.33542,75.0,87.5,71.42857142857143,0,2.4,4.9,7.708221983287456,0.476991,0.359242,0.0,0.0,0.0,0.163767,0.0,0.0,A0,Perimeter Spacer,0.476991,A1,Connecting Guard,0.359242,True,borderline_unstable,Below 150 minutes; scored out-of-sample relative to the 150+ minute core_v3 training population.
76279::2026::Chicago St.,2026,76279,CJ Delancy,Chicago St.,NEC,46.6665,PF/C,76279,pid_team,81,4.5,50,0,7,4.9,0.0,0,0.0,1.00000000,36.9,66.66666666666666,50.0,0.0,0.0,0,100.0,0.0,100.0,0,1.6,7.6,4.127106168236315,0.0,0.0,0.777991,0.0,0.0,0.0,0.0,0.222009,A2,Low-Production Player,0.777991,A7,Traditional Big,0.222009,True,very_unstable,Below 150 minutes; scored out-of-sample relative to the 150+ minute core_v3 training population.
127788::2026::Chicago St.,2026,127788,Dakari Thomas,Chicago St.,NEC,90.666,Combo G,127788,pid_team,73,7.1,43.8,1.3,13.7,2.1,55.60000000000001,150,0.0,1.00000000,10.1,66.66666666666666,25.0,33.33333333333333,50.0,0,100.0,0.0,100.0,0,4.3,4.7,7.183067522555313,0.020311,0.619881,0.0,0.359808,0.0,0.0,0.0,0.0,A1,Connecting Guard,0.619881,A3,Two-Way Guard,0.359808,True,unstable,Below 150 minutes; scored out-of-sample relative to the 150+ minute core_v3 training population.
76650::2026::Chicago St.,2026,76650,Deshawn Jean-Charles,Chicago St.,NEC,35.1,PF/C,76650,pid_team,79,8.3,30.61,6.4,11.1,9.8,75.0,133.3,0.0,2.00000000,0,66.66666666666666,0.0,33.33333333333333,0.0,0,0.0,0.0,0.0,0,1.7,5.7,5.689720797720798,0.19055,0.80945,0.0,0.0,0.0,0.0,0.0,0.0,A1,Connecting Guard,0.80945,A0,Perimeter Spacer,0.19055,True,very_unstable,Below 150 minutes; scored out-of-sample relative to the 150+ minute core_v3 training population.
77392::2026::Cincinnati,2026,77392,Grant Darbyshire,Cincinnati,B12,11.4002,PF/C,77392,pid_team,74,20,0,9.7,0,0,0.0,0,0.0,0.00000000,25.3,50.0,0.0,50.0,0.0,0,0.0,0.0,0.0,0,0,0,4.020666304099928,0.0,0.0,1.0,0.0,0.0,0.0,0.0,0.0,A2,Low-Production Player,1.0,A0,Perimeter Spacer,0.0,True,very_unstable,Below 150 minutes; scored out-of-sample relative to the 150+ minute core_v3 training population.
134738::2026::Cincinnati,2026,134738,Jordi Rodriguez,Cincinnati,B12,120.1995,Wing G,134738,pid_team,78,17.9,42.77,4.6,11.1,10.3,60.0,28.6,27.6,1.40024001,13.5,8.571428571428571,33.33,8.571428571428571,33.33,13.9245,0.0,100.0,90.0,0,1.4,1.7,6.476798988348539,0.345895,0.256077,0.0,0.398027,0.0,0.0,0.0,0.0,A3,Two-Way Guard,0.398027,A0,Perimeter Spacer,0.345895,True,borderline_unstable,Below 150 minutes; scored out-of-sample relative to the 150+ minute core_v3 training population.
126540::2026::Clemson,2026,126540,Dallas Thomas,Clemson,ACC,99.4994,Wing F,126540,pid_team,81,18.8,70.4,2.4,8.4,4.3,62.5,25.8,57.099999999999994,0.50000000,13.1,25.806451612903224,50.0,6.451612903225806,0.0,12.854,25.0,91.66666666666666,75.0,1.3,1.2,2.8,5.781220791281153,0.056065,0.0,0.0,0.185684,0.0,0.263938,0.209704,0.284609,A7,Traditional Big,0.284609,A5,Efficient Play Finisher,0.263938,True,unstable,Below 150 minutes; scored out-of-sample relative to the 150+ minute core_v3 training population.
133687::2026::Clemson,2026,133687,Trent Steinour,Clemson,ACC,15.0,C,133687,pid_team,82,30.7,43.8,24.3,32,0,66.7,150,0.0,0.00000000,13.3,60.0,33.33,20.0,0.0,0,100.0,0.0,100.0,0,0,5.3,7.458453333333334,0.24021,0.0,0.0,0.0,0.0,0.0,0.02487,0.73492,A7,Traditional Big,0.73492,A0,Perimeter Spacer,0.24021,True,very_unstable,Below 150 minutes; scored out-of-sample relative to the 150+ minute core_v3 training population.
134241::2026::Cleveland St.,2026,134241,Ivan Spirov,Cleveland St.,Horz,106.8942,Stretch 4,134241,pid_team,80,15.2,52.08,12.6,11.1,3.6,0.0,0,37.5,0.44446545,24.6,36.0,66.67,28.000000000000004,28.57,4.30747,50.0,66.66666666666666,50.0,0,0,7.2,4.804937966699784,0.0,0.0,0.147628,0.0,0.0,0.117747,0.46599,0.268634,A6,Two-Way Forward,0.46599,A7,Traditional Big,0.268634,True,borderline_unstable,Below 150 minutes; scored out-of-sample relative to the 150+ minute core_v3 training population.
134240::2026::Cleveland St.,2026,134240,Kevo St.Hilaire,Cleveland St.,Horz,62.9604,C,134240,pid_team,82,15.1,53.96,12.1,11.8,6.5,25.0,33.3,0.0,0.66650002,18.8,83.33333333333334,70.0,16.666666666666664,0.0,0,85.71428571428571,0.0,85.71428571428571,1.9,3.8,6.7,7.464882688165896,0.0,0.28713,0.272228,0.253893,0.0,0.0,0.0,0.186749,A1,Connecting Guard,0.28713,A2,Low-Production Player,0.272228,True,unstable,Below 150 minutes; scored out-of-sample relative to the 150+ minute core_v3 training population.
134331::2026::Cleveland St.,2026,134331,Lucas Burton,Cleveland St.,Horz,73.231,C,134331,pid_team,80,13,65.28,4.9,7.8,13,66.7,42.9,0.0,3.00065021,11.7,64.70588235294117,72.72999999999999,11.76470588235294,50.0,0.755545,37.5,0.0,36.36363636363637,3.1,1.5,5.9,6.007455858857588,0.0,1.0,0.0,0.0,0.0,0.0,0.0,0.0,A1,Connecting Guard,1.0,A0,Perimeter Spacer,0.0,True,unstable,Below 150 minutes; scored out-of-sample relative to the 150+ minute core_v3 training population.
135105::2026::Cleveland St.,2026,135105,Manny Hill,Cleveland St.,Horz,111.435,Wing G,135105,pid_team,72,18.9,44.48,1.2,13,13,63.6,45.8,25.0,1.16666660,24.2,45.83333333333333,63.63999999999999,37.5,11.110000000000001,2.28506,14.285714285714285,100.0,22.22222222222222,0,2.3,3.3,5.875891775474492,0.113843,0.0,0.695326,0.0,0.0,0.19083,0.0,0.0,A2,Low-Production Player,0.695326,A5,Efficient Play Finisher,0.19083,True,borderline_unstable,Below 150 minutes; scored out-of-sample relative to the 150+ minute core_v3 training population.
128047::2026::Coastal Carolina,2026,128047,Connor Martin,Coastal Carolina,SB,6.8666,Combo G,128047,pid_team,76,11.6,0,0,0,0,0.0,0,0.0,0.00000000,0,0.0,0.0,0.0,0.0,15.4248,0.0,0.0,0.0,0,0,0,1.9984446450936415,0.529843,0.0,0.470157,0.0,0.0,0.0,0.0,0.0,A0,Perimeter Spacer,0.529843,A2,Low-Production Player,0.470157,True,very_unstable,Below 150 minutes; scored out-of-sample relative to the 150+ minute core_v3 training population.
126724::2026::Coastal Carolina,2026,126724,Jackson Keil,Coastal Carolina,SB,18.0835,Pure PG,126724,pid_team,74,11.1,0,0,11.4,0,0.0,0,0.0,1.00000000,58.4,0.0,0.0,0.0,0.0,6.61061,0.0,0.0,0.0,0,6.4,8.8,5.087599192634169,0.0,0.0,0.437166,0.562834,0.0,0.0,0.0,0.0,A3,Two-Way Guard,0.562834,A2,Low-Production Player,0.437166,True,very_unstable,Below 150 minutes; scored out-of-sample relative to the 150+ minute core_v3 training population.
127413::2026::Colgate,2026,127413,Cameron Brennan,Colgate,Pat,52.1235,C,127413,pid_team,84,19.6,45.87,8.8,11.1,3.9,100.0,44.4,0.0,0.50010836,29.1,30.0,33.33,60.0,33.33,0,100.0,0.0,100.0,11.3,2.8,12.4,7.160670331040701,0.2419,0.0,0.360497,0.069401,0.0,0.0,0.0,0.328201,A2,Low-Production Player,0.360497,A7,Traditional Big,0.328201,True,unstable,Below 150 minutes; scored out-of-sample relative to the 150+ minute core_v3 training population.
133645::2026::Colgate,2026,133645,Ethan Brown,Colgate,Pat,120.6592,Stretch 4,133645,pid_team,82,13.3,49.74,4.2,14.9,2.7,80.0,88.2,33.300000000000004,0.39986401,19.1,35.294117647058826,33.33,29.411764705882355,20.0,3.05207,100.0,100.0,80.0,6,1,4.1,6.821129263247229,0.683774,0.046842,0.269384,0.0,0.0,0.0,0.0,0.0,A0,Perimeter Spacer,0.683774,A2,Low-Production Player,0.269384,True,borderline_unstable,Below 150 minutes; scored out-of-sample relative to the 150+ minute core_v3 training population.
134962::2026::Colgate,2026,134962,Jonathan Niv,Colgate,Pat,18.6,PF/C,134962,pid_team,77,22.2,75,16.6,0,0,0.0,0,100.0,0.00000000,36.6,0.0,0.0,50.0,0.0,7.88452,0.0,100.0,100.0,0,0,0,1.3942408602150536,0.399333,0.0,0.552979,0.0,0.047687,0.0,0.0,0.0,A2,Low-Production Player,0.552979,A0,Perimeter Spacer,0.399333,True,very_unstable,Below 150 minutes; scored out-of-sample relative to the 150+ minute core_v3 training population.
126723::2026::Colorado,2026,126723,Andrew Crawford,Colorado,B12,46.7,Wing G,126723,pid_team,79,14.9,63.93,2.5,12.4,11,50.0,20,60.0,1.00000000,24.7,36.36363636363637,25.0,9.090909090909092,100.0,6.11271,100.0,100.0,83.33333333333334,2.3,3.7,6,8.110775160599571,0.308009,0.563712,0.0,0.128279,0.0,0.0,0.0,0.0,A1,Connecting Guard,0.563712,A0,Perimeter Spacer,0.308009,True,very_unstable,Below 150 minutes; scored out-of-sample relative to the 150+ minute core_v3 training population.
127262::2026::Colorado,2026,127262,Nick Randall,Colorado,B12,2.2,PF/C,127262,pid_team,80,11.9,100,0,52.6,0,0.0,0,0.0,0.00000000,0,100.0,100.0,0.0,0.0,0,0.0,0.0,0.0,0,0,0,9.55681818181818,0.0,0.0,0.0,0.0,0.0,0.153294,0.494231,0.352475,A6,Two-Way Forward,0.494231,A7,Traditional Big,0.352475,True,very_unstable,Below 150 minutes; scored out-of-sample relative to the 150+ minute core_v3 training population.
126730::2026::Colorado St.,2026,126730,Charlie Dortch,Colorado St.,MWC,12.96,C,126730,pid_team,81,33.8,66.67,23.3,0,0,0.0,0,0.0,1.00000000,31.1,66.66666666666666,50.0,33.33333333333333,100.0,0,100.0,0.0,50.0,0,0,0,1.602324074074074,0.0,0.0,0.549107,0.0,0.450893,0.0,0.0,0.0,A2,Low-Production Player,0.549107,A4,Scoring Playmaker,0.450893,True,very_unstable,Below 150 minutes; scored out-of-sample relative to the 150+ minute core_v3 training population.
128136::2026::Colorado St.,2026,128136,Darnez Slater,Colorado St.,MWC,149.7914,Wing G,128136,pid_team,75,12,32.94,1,9.7,5,85.7,29.2,0.0,0.79990797,18.7,33.33333333333333,37.5,29.166666666666668,42.86,4.02964,66.66666666666666,0.0,66.66666666666666,1.8,0.9,4.9,5.18601201404086,0.0,0.0,0.332402,0.0,0.0,0.0,0.0,0.667598,A7,Traditional Big,0.667598,A2,Low-Production Player,0.332402,True,borderline_unstable,Below 150 minutes; scored out-of-sample relative to the 150+ minute core_v3 training population.
127258::2026::Colorado St.,2026,127258,Jon Mekonnen,Colorado St.,MWC,49.545,Wing F,127258,pid_team,80,24,31.65,10.8,12.7,0,100.0,66.7,0.0,1.00000000,13.5,41.66666666666667,20.0,8.333333333333332,0.0,9.72673,0.0,0.0,0.0,0,6.5,6.3,7.211456251892219,0.816931,0.0,0.027732,0.052491,0.0,0.0,0.0,0.102846,A0,Perimeter Spacer,0.816931,A7,Traditional Big,0.102846,True,very_unstable,Below 150 minutes; scored out-of-sample relative to the 150+ minute core_v3 training population.
77471::2026::Columbia,2026,77471,Avery Brown,Columbia,Ivy,44.6001,Wing G,77471,pid_team,76,21.2,50.39,5.3,10.5,3.8,50.0,36.4,75.0,0.16665000,37.7,36.36363636363637,25.0,27.27272727272727,0.0,5.38718,0.0,33.33333333333333,25.0,0,0,5.4,4.9506436084224035,0.0,0.0,0.33777,0.063021,0.514775,0.0,0.084433,0.0,A4,Scoring Playmaker,0.514775,A2,Low-Production Player,0.33777,True,very_unstable,Below 150 minutes; scored out-of-sample relative to the 150+ minute core_v3 training population.
127588::2026::Columbia,2026,127588,Josiah Cunningham,Columbia,Ivy,27.2,Combo G,127588,pid_team,74,24.7,36.53,0,7,0,0.0,20,0.0,0.25000000,43.5,80.0,50.0,0.0,0.0,3.53534,100.0,0.0,100.0,0,3.6,0,4.168352941176471,0.0,0.0,0.898533,0.022172,0.0,0.0,0.0,0.079295,A2,Low-Production Player,0.898533,A7,Traditional Big,0.079295,True,very_unstable,Below 150 minutes; scored out-of-sample relative to the 150+ minute core_v3 training population.
127140::2026::Columbia,2026,127140,Leland Coleman,Columbia,Ivy,68.2929,PF/C,127140,pid_team,79,18.5,35.29,7.8,12.7,0,0.0,0,0.0,1.33349998,14,50.0,55.559999999999995,33.33333333333333,16.669999999999998,2.57115,40.0,0.0,57.14285714285714,2.4,0,6.1,3.794356367938687,0.0,0.460171,0.539829,0.0,0.0,0.0,0.0,0.0,A2,Low-Production Player,0.539829,A1,Connecting Guard,0.460171,True,unstable,Below 150 minutes; scored out-of-sample relative to the 150+ minute core_v3 training population.
75946::2026::Columbia,2026,75946,Zine Eddine Bedri,Columbia,Ivy,122.1,PF/C,75946,pid_team,81,31.5,59.18,6.8,28.7,18.8,58.8,37,44.4,0.52380956,32.5,65.3061224489796,59.38,10.204081632653061,40.0,4.38869,52.63157894736842,100.0,57.692307692307686,1.8,1.5,3.6,8.165700245700245,0.0,0.0,0.105504,0.451906,0.220076,0.0,0.222514,0.0,A3,Two-Way Guard,0.451906,A6,Two-Way Forward,0.222514,True,borderline_unstable,Below 150 minutes; scored out-of-sample relative to the 150+ minute core_v3 training population.
127935::2026::Connecticut,2026,127935,Alec Millender,Connecticut,BE,60.8004,Scoring PG,127935,pid_team,73,14.7,44.27,8,1.9,18.4,66.7,27.3,14.299999999999999,2.33293341,20.4,36.36363636363637,75.0,0.0,0.0,6.95579,33.33333333333333,100.0,50.0,0,3,3.3,5.654607535476741,0.084393,0.0,0.361037,0.0,0.0,0.55457,0.0,0.0,A5,Efficient Play Finisher,0.55457,A2,Low-Production Player,0.361037,True,unstable,Below 150 minutes; scored out-of-sample relative to the 150+ minute core_v3 training population.
73599::2026::Connecticut,2026,73599,Dwayne Koroma,Connecticut,BE,92.6007,PF/C,73599,pid_team,80,15.4,56.54,9.2,10,5.5,54.50000000000001,68.8,0.0,0.60013601,21.4,83.33333333333334,60.0,5.555555555555555,0.0,0,77.77777777777779,0.0,81.81818181818183,1.3,4.6,7.3,8.086634334297688,0.0,0.08996,0.0,0.793975,0.0,0.0,0.0,0.116064,A3,Two-Way Guard,0.793975,A7,Traditional Big,0.116064,True,unstable,Below 150 minutes; scored out-of-sample relative to the 150+ minute core_v3 training population.
134416::2026::Connecticut,2026,134416,Jacob Furphy,Connecticut,BE,35.4004,Wing G,134416,pid_team,78,11.6,42.86,0,3.3,0,0.0,0,0.0,0.00000000,29.6,14.285714285714285,100.0,57.14285714285714,50.0,3.43273,0.0,0.0,0.0,0,1.7,1.1,4.90985412594208,0.0,0.0,0.626149,0.0,0.351352,0.022499,0.0,0.0,A2,Low-Production Player,0.626149,A4,Scoring Playmaker,0.351352,True,very_unstable,Below 150 minutes; scored out-of-sample relative to the 150+ minute core_v3 training population.
135638::2026::Connecticut,2026,135638,Rrezon Elezaj,Connecticut,BE,4.4,C,135638,pid_team,85,20.8,0,27.5,52.7,0,0.0,0,0.0,0.00000000,0,50.0,0.0,0.0,0.0,12.5867,0.0,0.0,0.0,26.5,0,0,14.063363636363635,0.18026,0.0,0.080435,0.0,0.0,0.0,0.737585,0.00172,A6,Two-Way Forward,0.737585,A0,Perimeter Spacer,0.18026,True,very_unstable,Below 150 minutes; scored out-of-sample relative to the 150+ minute core_v3 training population.
134344::2026::Connecticut,2026,134344,Uroš Paunović,Connecticut,BE,13.9006,Wing G,134344,pid_team,75,7.1,50,0,16.7,11.6,0.0,0,0.0,0.99960003,0,0.0,0.0,50.0,100.0,4.19556,0.0,0.0,100.0,0,0,0,5.472914838208423,0.471901,0.528099,0.0,0.0,0.0,0.0,0.0,0.0,A1,Connecting Guard,0.528099,A0,Perimeter Spacer,0.471901,True,very_unstable,Below 150 minutes; scored out-of-sample relative to the 150+ minute core_v3 training population.
135486::2026::Coppin St.,2026,135486,Josiah Brown,Coppin St.,MEAC,67.65,Combo G,135486,pid_team,77,8.4,50.63,6.1,4.5,3.5,100.0,66.7,0.0,1.49970001,12.5,83.33333333333334,40.0,0.0,0.0,1.04184,0.0,0.0,0.0,0,4.2,2.9,5.579222468588322,0.459302,0.0,0.101073,0.0,0.0,0.188652,0.0,0.250973,A0,Perimeter Spacer,0.459302,A7,Traditional Big,0.250973,True,unstable,Below 150 minutes; scored out-of-sample relative to the 150+ minute core_v3 training population.
78068::2026::Cornell,2026,78068,AJ LaBeau,Cornell,Ivy,33.52,PF/C,78068,pid_team,82,16.6,22.35,6.4,19.1,23.5,0.0,25,0.0,2.00000000,18.2,25.0,0.0,50.0,50.0,2.98226,0.0,0.0,0.0,5.8,0,4.3,3.770668257756563,0.0,0.375033,0.624967,0.0,0.0,0.0,0.0,0.0,A2,Low-Production Player,0.624967,A1,Connecting Guard,0.375033,True,very_unstable,Below 150 minutes; scored out-of-sample relative to the 150+ minute core_v3 training population.
78329::2026::Cornell,2026,78329,Ian Imegwu,Cornell,Ivy,75.2271,Stretch 4,78329,pid_team,81,31.1,64.03,3.7,23.7,41.3,50.0,4.8,45.7,4.66650002,5.6,11.627906976744185,60.0,4.651162790697675,0.0,30.3036,33.33333333333333,100.0,90.0,0,0,5.5,5.477706837030804,0.022646,0.0,0.0,0.0,0.150738,0.31823,0.508386,0.0,A6,Two-Way Forward,0.508386,A5,Efficient Play Finisher,0.31823,True,unstable,Below 150 minutes; scored out-of-sample relative to the 150+ minute core_v3 training population.
134402::2026::Cornell,2026,134402,Jax Abalos,Cornell,Ivy,65.417,PF/C,134402,pid_team,80,17.2,59.7,2.5,5,10.8,100.0,17.6,33.300000000000004,1.99940002,0,5.88235294117647,100.0,5.88235294117647,100.0,17.8936,100.0,100.0,85.71428571428571,0,0,5.1,3.10581653087118,0.0,0.177267,0.0,0.0,0.0,0.822733,0.0,0.0,A5,Efficient Play Finisher,0.822733,A1,Connecting Guard,0.177267,True,unstable,Below 150 minutes; scored out-of-sample relative to the 150+ minute core_v3 training population.
128276::2026::Cornell,2026,128276,Mateen Rafiq,Cornell,Ivy,149.3314,Combo G,128276,pid_team,72,16.4,77.32,0.9,11.8,19,71.39999999999999,17.5,53.300000000000004,4.49999991,10.5,12.5,80.0,12.5,60.0,12.9873,75.0,93.75,82.6086956521739,0,0.9,3.4,4.897750908382296,0.0,0.0,0.0,0.0,0.027548,0.737737,0.234716,0.0,A5,Efficient Play Finisher,0.737737,A6,Two-Way Forward,0.234716,True,borderline_unstable,Below 150 minutes; scored out-of-sample relative to the 150+ minute core_v3 training population.
134403::2026::Cornell,2026,134403,Ryan Burbach,Cornell,Ivy,33.12,Wing G,134403,pid_team,75,15.4,25,3.9,11.6,0,0.0,0,16.7,0.50000000,11.9,40.0,25.0,0.0,0.0,11.1064,100.0,100.0,100.0,0,3.7,9.1,7.214830917874397,0.0,0.0,0.417184,0.476165,0.0,0.0,0.0,0.106651,A3,Two-Way Guard,0.476165,A2,Low-Production Player,0.417184,True,very_unstable,Below 150 minutes; scored out-of-sample relative to the 150+ minute core_v3 training population.
127129::2026::Cornell,2026,127129,Ty Iwanonkiw,Cornell,Ivy,7.7,Wing F,127129,pid_team,81,4.6,150,0,0,0,0.0,0,100.0,0.66670001,0,0.0,0.0,0.0,0.0,17.8936,0.0,100.0,100.0,0,0,14.3,1.5003844155844157,0.124313,0.117919,0.0,0.0,0.0,0.757768,0.0,0.0,A5,Efficient Play Finisher,0.757768,A0,Perimeter Spacer,0.124313,True,very_unstable,Below 150 minutes; scored out-of-sample relative to the 150+ minute core_v3 training population.
126755::2026::Creighton,2026,126755,Jackson McAndrew,Creighton,BE,82.2,Stretch 4,126755,pid_team,82,19.4,42.39,8.5,16,4.4,50.0,20.7,28.599999999999998,2.00000000,3.7,17.24137931034483,40.0,10.344827586206897,33.33,14.9736,50.0,100.0,77.77777777777779,1.1,2.1,3.9,7.400389294403893,0.0,0.0,0.0,0.0,0.0,0.0,0.574971,0.425029,A6,Two-Way Forward,0.574971,A7,Traditional Big,0.425029,True,unstable,Below 150 minutes; scored out-of-sample relative to the 150+ minute core_v3 training population.
78730::2026::Creighton,2026,78730,Josh Townley-Thomas,Creighton,BE,5.4,C,78730,pid_team,82,37.2,75,0,0,0,0.0,0,0.0,0.00000000,29.1,33.33333333333333,100.0,33.33333333333333,50.0,0,100.0,0.0,100.0,0,0,14.8,4.188177777777778,0.0,0.0,0.078374,0.0,0.0,0.425999,0.0,0.495627,A7,Traditional Big,0.495627,A5,Efficient Play Finisher,0.425999,True,very_unstable,Below 150 minutes; scored out-of-sample relative to the 150+ minute core_v3 training population.
71840::2026::Creighton,2026,71840,Liam McChesney,Creighton,BE,8.5,PF/C,71840,pid_team,82,36.2,25,13.7,12.9,0,0.0,0,0.0,0.00000000,38,20.0,100.0,20.0,0.0,14.2605,0.0,0.0,0.0,11.1,6.9,4.7,12.2232,0.0,0.0,0.367328,0.041237,0.0,0.0,0.078365,0.51307,A7,Traditional Big,0.51307,A2,Low-Production Player,0.367328,True,very_unstable,Below 150 minutes; scored out-of-sample relative to the 150+ minute core_v3 training population.
79222::2026::Creighton,2026,79222,Shane Thomas,Creighton,BE,65.7,Wing G,79222,pid_team,75,17.6,44.64,8.9,11.6,10.8,37.5,61.5,0.0,1.00000000,20.2,53.333333333333336,62.5,13.333333333333334,50.0,2.67385,60.0,0.0,62.5,1.4,2.7,3,7.263196347031963,0.025412,0.493358,0.101387,0.170846,0.208997,0.0,0.0,0.0,A1,Connecting Guard,0.493358,A4,Scoring Playmaker,0.208997,True,unstable,Below 150 minutes; scored out-of-sample relative to the 150+ minute core_v3 training population.
134114::2026::Dartmouth,2026,134114,Anton Strelnikov,Dartmouth,Ivy,90.4896,PF/C,134114,pid_team,80,25.9,63.07,10.8,7.7,10.4,45.5,30.6,100.0,0.50015004,15.3,86.11111111111111,67.74,11.11111111111111,25.0,0.659292,47.61904761904761,0.0,43.47826086956522,6.2,2,6.9,6.9542577268548,0.0,0.094028,0.0,0.186481,0.558601,0.16089,0.0,0.0,A4,Scoring Playmaker,0.558601,A3,Two-Way Guard,0.186481,True,unstable,Below 150 minutes; scored out-of-sample relative to the 150+ minute core_v3 training population.
79277::2026::Dartmouth,2026,79277,Ben Brown,Dartmouth,Ivy,136.9695,Scoring PG,79277,pid_team,74,11.7,39.29,0,4.2,2.8,0.0,0,26.1,0.40000000,18.5,10.714285714285714,0.0,7.142857142857142,100.0,9.99427,0.0,100.0,75.0,0.8,2.2,4.2,5.7482870274039115,0.468823,0.10889,0.381115,0.041172,0.0,0.0,0.0,0.0,A0,Perimeter Spacer,0.468823,A2,Low-Production Player,0.381115,True,borderline_unstable,Below 150 minutes; scored out-of-sample relative to the 150+ minute core_v3 training population.
79278::2026::Dartmouth,2026,79278,Patrick Tivnan Jr.,Dartmouth,Ivy,70.7388,PF/C,79278,pid_team,80,12.1,39.74,9.2,10.4,5.9,14.299999999999999,87.5,0.0,2.50065035,14.9,87.5,57.14,0.0,0.0,0.896225,50.0,0.0,50.0,0,0.9,4.4,5.126606614757389,0.0,1.0,0.0,0.0,0.0,0.0,0.0,0.0,A1,Connecting Guard,1.0,A0,Perimeter Spacer,0.0,True,unstable,Below 150 minutes; scored out-of-sample relative to the 150+ minute core_v3 training population.
127047::2026::Dartmouth,2026,127047,Shanon Simango,Dartmouth,Ivy,34.08,Wing F,127047,pid_team,80,24.7,51.43,9.7,27.5,8.1,50.0,250,0.0,0.50000000,19.2,75.0,66.67,25.0,0.0,0,100.0,0.0,100.0,0,2.4,0,6.10174882629108,0.0,0.0,0.0,0.348359,0.04131,0.0,0.0,0.61033,A7,Traditional Big,0.61033,A3,Two-Way Guard,0.348359,True,very_unstable,Below 150 minutes; scored out-of-sample relative to the 150+ minute core_v3 training population.
135143::2026::Dartmouth,2026,135143,Tyler Garrett,Dartmouth,Ivy,34.6108,PF/C,135143,pid_team,82,21.4,43.17,12.4,23.4,0,50.0,33.3,33.300000000000004,1.33333339,14.1,33.33333333333333,0.0,16.666666666666664,100.0,9.05659,0.0,100.0,50.0,0,0,0,3.538664231973835,0.291938,0.0,0.0,0.0,0.0,0.0,0.548835,0.159227,A6,Two-Way Forward,0.548835,A0,Perimeter Spacer,0.291938,True,very_unstable,Below 150 minutes; scored out-of-sample relative to the 150+ minute core_v3 training population.
76108::2026::Davidson,2026,76108,Brock Matheny,Davidson,A10,9.2,Combo G,76108,pid_team,70,5.1,150,0,0,0,0.0,0,100.0,0.00000000,0,0.0,0.0,0.0,0.0,24.0062,0.0,100.0,100.0,0,0,0,0.9903652173913043,0.215494,0.0,0.0,0.0,0.0,0.784506,0.0,0.0,A5,Efficient Play Finisher,0.784506,A0,Perimeter Spacer,0.215494,True,very_unstable,Below 150 minutes; scored out-of-sample relative to the 150+ minute core_v3 training population.
76023::2026::Davidson,2026,76023,Joe Hurlburt,Davidson,A10,71.4,PF/C,76023,pid_team,83,19.9,40.88,18.3,27.6,15.3,25.0,28.6,33.300000000000004,1.00000000,26.3,40.0,33.33,13.333333333333334,50.0,5.23771,50.0,100.0,66.66666666666666,1.7,0.9,5.6,7.4266106442577025,0.125488,0.28705,0.587461,0.0,0.0,0.0,0.0,0.0,A2,Low-Production Player,0.587461,A1,Connecting Guard,0.28705,True,unstable,Below 150 minutes; scored out-of-sample relative to the 150+ minute core_v3 training population.
135416::2026::Davidson,2026,135416,RJ Greer,Davidson,A10,98.6475,Combo G,135416,pid_team,75,18.8,62.56,0,4.7,5.1,80.0,20.8,42.9,0.83338053,16.7,8.333333333333332,50.0,4.166666666666666,0.0,16.5289,0.0,100.0,90.0,1.5,1.6,2,4.095309054968448,0.461328,0.0,0.012485,0.098466,0.083174,0.344547,0.0,0.0,A0,Perimeter Spacer,0.461328,A5,Efficient Play Finisher,0.344547,True,unstable,Below 150 minutes; scored out-of-sample relative to the 150+ minute core_v3 training population.
133843::2026::Dayton,2026,133843,Damon Friery,Dayton,A10,88.2,Stretch 4,133843,pid_team,81,20.7,45.67,14,12.2,4.6,50.0,37,35.3,0.66666667,9.7,14.814814814814813,25.0,22.22222222222222,33.33,11.3701,0.0,100.0,77.77777777777779,2.8,2.7,4.1,7.414104308390022,0.0,0.0,0.0,0.243434,0.0,0.0,0.409519,0.347048,A6,Two-Way Forward,0.409519,A7,Traditional Big,0.347048,True,unstable,Below 150 minutes; scored out-of-sample relative to the 150+ minute core_v3 training population.
79281::2026::Dayton,2026,79281,Evan Dickey,Dayton,A10,8.2,Wing G,79281,pid_team,75,11.4,51.28,0,14.6,0,100.0,200,0.0,0.00000000,0,0.0,0.0,0.0,0.0,7.89219,0.0,0.0,0.0,0,0,4.9,5.490634146341464,0.0,0.0,0.0,0.339121,0.0,0.0,0.0,0.660879,A7,Traditional Big,0.660879,A3,Two-Way Guard,0.339121,True,very_unstable,Below 150 minutes; scored out-of-sample relative to the 150+ minute core_v3 training population.
79276::2026::Dayton,2026,79276,Makai Grant,Dayton,A10,7.2002,Pure PG,79276,pid_team,73,26.3,37.5,0,0,30.6,0.0,0,33.300000000000004,1.00030004,0,25.0,0.0,0.0,0.0,23.6766,0.0,0.0,0.0,0,8.2,11.1,9.634899030582483,0.450732,0.082736,0.0,0.466531,0.0,0.0,0.0,0.0,A3,Two-Way Guard,0.466531,A0,Perimeter Spacer,0.450732,True,very_unstable,Below 150 minutes; scored out-of-sample relative to the 150+ minute core_v3 training population.
143660::2026::Dayton,2026,143660,Sean Pouedet,Dayton,A10,73.9998,Combo G,143660,pid_team,74,11.8,45.23,0,4.9,12.2,100.0,22.2,25.0,0.83317779,40.5,22.22222222222222,50.0,33.33333333333333,33.33,3.2213,0.0,0.0,0.0,0,0.8,2.7,4.831396841613085,0.0,0.0,0.468928,0.0,0.531072,0.0,0.0,0.0,A4,Scoring Playmaker,0.531072,A2,Low-Production Player,0.468928,True,unstable,Below 150 minutes; scored out-of-sample relative to the 150+ minute core_v3 training population.
79275::2026::Dayton,2026,79275,Will Maxwell,Dayton,A10,4.5,Combo G,79275,pid_team,76,9.3,0,0,0,0,0.0,0,0.0,0.00000000,0,0.0,0.0,0.0,0.0,13.1536,0.0,0.0,0.0,0,0,0,3.627475555555555,0.4959,0.0,0.5041,0.0,0.0,0.0,0.0,0.0,A2,Low-Production Player,0.5041,A0,Perimeter Spacer,0.4959,True,very_unstable,Below 150 minutes; scored out-of-sample relative to the 150+ minute core_v3 training population.
135050::2026::DePaul,2026,135050,Ilija Milijasevic,DePaul,BE,117.9008,Pure PG,135050,pid_team,74,13.8,55.18,0,7.1,12.8,75.0,14.3,35.699999999999996,2.00000000,14.5,0.0,0.0,0.0,0.0,14.0167,0.0,100.0,100.0,0,3.5,3.7,6.890877754858322,0.412358,0.0,0.0,0.587642,0.0,0.0,0.0,0.0,A3,Two-Way Guard,0.587642,A0,Perimeter Spacer,0.412358,True,borderline_unstable,Below 150 minutes; scored out-of-sample relative to the 150+ minute core_v3 training population.
77700::2026::DePaul,2026,77700,Jeremy Lorenz,DePaul,BE,95.0004,Wing F,77700,pid_team,80,16.7,56.82,11.1,8.8,17.1,50.0,160,0.0,1.12498596,29.7,57.14285714285714,62.5,7.142857142857142,100.0,0.622364,100.0,0.0,90.0,1.2,3.7,8,7.593820657597231,0.0,0.103734,0.0,0.502261,0.0,0.0,0.0,0.394006,A3,Two-Way Guard,0.502261,A7,Traditional Big,0.394006,True,unstable,Below 150 minutes; scored out-of-sample relative to the 150+ minute core_v3 training population.
127567::2026::DePaul,2026,127567,Khaman Maker,DePaul,BE,67.7004,C,127567,pid_team,85,14.5,47.17,12.1,12.4,0,25.0,28.6,0.0,0.00000000,18,52.63157894736842,40.0,21.052631578947366,75.0,0,100.0,0.0,90.9090909090909,8.1,0.9,8.9,7.19599884195662,0.139991,0.0,0.399659,0.0,0.0,0.0,0.0,0.46035,A7,Traditional Big,0.46035,A2,Low-Production Player,0.399659,True,unstable,Below 150 minutes; scored out-of-sample relative to the 150+ minute core_v3 training population.
126853::2026::DePaul,2026,126853,Nate Kasher,DePaul,BE,8.7,PF/C,126853,pid_team,73,22.2,51.28,13.4,41.4,37.3,100.0,200,0.0,2.00000000,30.5,0.0,0.0,100.0,0.0,0,0.0,0.0,0.0,0,0,4.6,8.786252873563221,0.0,0.0,0.0,0.0,0.338302,0.0,0.226063,0.435636,A7,Traditional Big,0.435636,A4,Scoring Playmaker,0.338302,True,very_unstable,Below 150 minutes; scored out-of-sample relative to the 150+ minute core_v3 training population.
127707::2026::Delaware,2026,127707,Alex McFadden,Delaware,CUSA,8.1998,Pure PG,127707,pid_team,73,30.6,51.28,16.6,0,27.2,50.0,200,0.0,1.00030004,0,50.0,100.0,50.0,0.0,0,100.0,0.0,100.0,0,7.6,4.9,8.155174516451622,0.0,0.0,0.0,0.0,0.0,0.001342,0.0,0.998658,A7,Traditional Big,0.998658,A5,Efficient Play Finisher,0.001342,True,very_unstable,Below 150 minutes; scored out-of-sample relative to the 150+ minute core_v3 training population.
127822::2026::Delaware,2026,127822,Bouna Kebe,Delaware,CUSA,80.5,PF/C,127822,pid_team,81,15.2,41.51,0,20.5,10.6,0.0,5,12.5,1.99930009,10.3,19.047619047619047,100.0,38.095238095238095,37.5,6.21548,100.0,100.0,100.0,7.7,0.8,2.5,7.310757763975155,0.0,0.949414,0.050586,0.0,0.0,0.0,0.0,0.0,A1,Connecting Guard,0.949414,A2,Low-Production Player,0.050586,True,unstable,Below 150 minutes; scored out-of-sample relative to the 150+ minute core_v3 training population.
78143::2026::Delaware,2026,78143,Brandon Baffone,Delaware,CUSA,12.5,PF/C,78143,pid_team,73,8.5,51.28,0,0,12.4,100.0,200,0.0,0.83350003,0,0.0,0.0,100.0,0.0,0,0.0,0.0,0.0,0,0,2.8,3.640256,0.065368,0.0,0.075349,0.0,0.699856,0.0,0.0,0.159426,A4,Scoring Playmaker,0.699856,A7,Traditional Big,0.159426,True,very_unstable,Below 150 minutes; scored out-of-sample relative to the 150+ minute core_v3 training population.
75914::2026::Delaware,2026,75914,Cavan Reilly,Delaware,CUSA,22.8,Wing G,75914,pid_team,76,26.2,16.76,0,5.2,8.3,50.0,25,0.0,0.50000000,21,25.0,50.0,12.5,0.0,13.4941,100.0,0.0,100.0,0,2.7,0,5.5536666666666665,0.280159,0.0,0.553767,0.166074,0.0,0.0,0.0,0.0,A2,Low-Production Player,0.553767,A0,Perimeter Spacer,0.280159,True,very_unstable,Below 150 minutes; scored out-of-sample relative to the 150+ minute core_v3 training population.
77489::2026::Delaware,2026,77489,Jameel Brown,Delaware,CUSA,70.125,Combo G,77489,pid_team,76,25.8,59.45,2,13.7,10.7,66.7,34.6,53.300000000000004,0.42857143,10.6,38.46153846153847,30.0,3.8461538461538463,0.0,13.7351,0.0,62.5,45.45454545454545,0,5.5,3.5,8.263244206773619,0.621386,0.0,0.0,0.0,0.0,0.378614,0.0,0.0,A0,Perimeter Spacer,0.621386,A5,Efficient Play Finisher,0.378614,True,unstable,Below 150 minutes; scored out-of-sample relative to the 150+ minute core_v3 training population.
134878::2026::Delaware,2026,134878,Mason Ellison,Delaware,CUSA,127.4574,Combo G,134878,pid_team,76,17,38.59,0,8.8,8.3,37.5,30.8,20.0,0.66664077,21.4,38.46153846153847,30.0,23.076923076923077,66.67,5.17957,66.66666666666666,100.0,44.44444444444444,0,2.1,5.6,5.41831231454588,0.0,0.0,0.237843,0.401327,0.151139,0.0,0.147959,0.061732,A3,Two-Way Guard,0.401327,A2,Low-Production Player,0.237843,True,borderline_unstable,Below 150 minutes; scored out-of-sample relative to the 150+ minute core_v3 training population.
74666::2026::Delaware,2026,74666,Nnanna Njoku,Delaware,CUSA,27.5,Wing F,74666,pid_team,81,21.4,22.47,0,12.8,0,50.0,57.1,0.0,0.00000000,21.3,42.857142857142854,33.33,42.857142857142854,0.0,2.3308,100.0,0.0,100.0,4.5,2.3,8.7,7.036552727272728,0.320096,0.0,0.679904,0.0,0.0,0.0,0.0,0.0,A2,Low-Production Player,0.679904,A0,Perimeter Spacer,0.320096,True,very_unstable,Below 150 minutes; scored out-of-sample relative to the 150+ minute core_v3 training population.
78625::2026::Delaware St.,2026,78625,Camian Shell,Delaware St.,MEAC,119.5,Pure PG,78625,pid_team,70,24.2,51.98,1.7,7.7,20.5,61.5,32.5,50.0,0.76467922,29.2,15.0,0.0,65.0,53.849999999999994,3.55141,0.0,100.0,33.33333333333333,0.9,1.8,2.1,6.287230125523013,0.246012,0.0,0.43401,0.0,0.319978,0.0,0.0,0.0,A2,Low-Production Player,0.43401,A4,Scoring Playmaker,0.319978,True,borderline_unstable,Below 150 minutes; scored out-of-sample relative to the 150+ minute core_v3 training population.
128134::2026::Delaware St.,2026,128134,John Clemmons,Delaware St.,MEAC,142.1007,Wing F,128134,pid_team,78,27.3,41.06,7,15.2,1.6,80.0,64.8,14.799999999999999,0.09098844,13.5,33.33333333333333,38.89,16.666666666666664,22.220000000000002,11.0981,28.57142857142857,100.0,53.84615384615385,0,1.6,4.1,6.38704805817283,0.0,0.0,0.0,0.416871,0.0,0.0,0.18407,0.39906,A3,Two-Way Guard,0.416871,A7,Traditional Big,0.39906,True,borderline_unstable,Below 150 minutes; scored out-of-sample relative to the 150+ minute core_v3 training population.
143652::2026::Delaware St.,2026,143652,Omar Stephen,Delaware St.,MEAC,12.1716,Combo G,143652,pid_team,75,29.9,53.41,8.6,0,0,66.7,42.9,50.0,0.00000000,0,50.0,50.0,12.5,0.0,9.24846,50.0,100.0,75.0,0,4.6,6,7.173650136383055,0.383103,0.0,0.0,0.0,0.0,0.616897,0.0,0.0,A5,Efficient Play Finisher,0.616897,A0,Perimeter Spacer,0.383103,True,very_unstable,Below 150 minutes; scored out-of-sample relative to the 150+ minute core_v3 training population.
133875::2026::Denver,2026,133875,Corleone Dandridge,Denver,Sum,60.8247,Wing F,133875,pid_team,77,11.6,44.03,4.7,16.5,3.2,50.0,28.6,0.0,0.19990401,30,25.0,100.0,12.5,100.0,4.61327,100.0,0.0,75.0,0,3.5,2.4,6.372227072225592,0.0,0.0,0.0,0.0,0.0,0.763298,0.0,0.236702,A5,Efficient Play Finisher,0.763298,A7,Traditional Big,0.236702,True,unstable,Below 150 minutes; scored out-of-sample relative to the 150+ minute core_v3 training population.
76777::2026::Denver,2026,76777,Devin Carney,Denver,Sum,3.54,Wing G,76777,pid_team,73,28.5,75,0,44.9,0,0.0,0,50.0,1.00000000,0,0.0,0.0,0.0,0.0,49.5927,0.0,100.0,100.0,0,0,0,6.290418079096045,0.974819,0.0,0.0,0.0,0.0,0.0,0.025181,0.0,A0,Perimeter Spacer,0.974819,A6,Two-Way Forward,0.025181,True,very_unstable,Below 150 minutes; scored out-of-sample relative to the 150+ minute core_v3 training population.
126610::2026::Denver,2026,126610,Loch Cunningham,Denver,Sum,3.8,Pure PG,126610,pid_team,77,28.3,52.63,0,0,62.2,50.0,0,0.0,2.00000000,0,0.0,0.0,0.0,0.0,0,0.0,0.0,0.0,0,50.1,52.2,24.4801052631579,0.0,0.0,0.0,1.0,0.0,0.0,0.0,0.0,A3,Two-Way Guard,1.0,A0,Perimeter Spacer,0.0,True,very_unstable,Below 150 minutes; scored out-of-sample relative to the 150+ minute core_v3 training population.
135118::2026::Detroit Mercy,2026,135118,Xavier Istomin-Monroe,Detroit Mercy,Horz,140.7413,C,135118,pid_team,85,12.9,55.28,5.8,15.1,1.3,28.599999999999998,31.8,0.0,0.18189671,30,73.91304347826086,70.59,21.73913043478261,20.0,0,58.333333333333336,0.0,64.28571428571429,5.2,0,3.3,5.917154381833904,0.0,0.0,0.836416,0.0,0.0,0.0,0.0,0.163584,A2,Low-Production Player,0.836416,A7,Traditional Big,0.163584,True,borderline_unstable,Below 150 minutes; scored out-of-sample relative to the 150+ minute core_v3 training population.
134096::2026::Detroit Mercy,2026,134096,Zak Abdalla,Detroit Mercy,Horz,5.2,Pure PG,134096,pid_team,74,16.1,0,0,0,0,0.0,0,0.0,0.66659999,0,100.0,0.0,0.0,0.0,0,0.0,0.0,0.0,0,24.9,0,9.208769230769231,0.0,0.0,0.0,1.0,0.0,0.0,0.0,0.0,A3,Two-Way Guard,1.0,A0,Perimeter Spacer,0.0,True,very_unstable,Below 150 minutes; scored out-of-sample relative to the 150+ minute core_v3 training population.
78450::2026::Drexel,2026,78450,Horace Simmons,Drexel,CAA,80.6772,Stretch 4,78450,pid_team,78,17.7,45.66,5.3,10.4,6.1,75.0,20,27.3,1.00000000,10.4,35.0,42.86,10.0,50.0,10.1207,66.66666666666666,100.0,71.42857142857143,1.6,0,3.6,4.208093488618842,0.102718,0.0,0.0,0.0,0.0,0.0,0.370898,0.526385,A7,Traditional Big,0.526385,A6,Two-Way Forward,0.370898,True,unstable,Below 150 minutes; scored out-of-sample relative to the 150+ minute core_v3 training population.
77067::2026::Drexel,2026,77067,Max Davis,Drexel,CAA,8.925,Pure PG,77067,pid_team,76,16.7,125,0,23,100,0.0,0,100.0,2.00000000,0,50.0,100.0,0.0,0.0,11.9608,0.0,100.0,50.0,0,12.3,0,8.086319327731092,0.0,0.0,0.0,0.502878,0.0,0.497122,0.0,0.0,A3,Two-Way Guard,0.502878,A5,Efficient Play Finisher,0.497122,True,very_unstable,Below 150 minutes; scored out-of-sample relative to the 150+ minute core_v3 training population.
126646::2026::Drexel,2026,126646,Ralph Akuta,Drexel,CAA,142.2204,C,126646,pid_team,85,18.6,50.55,6.3,13.1,1.6,31.3,55.2,0.0,0.18191405,25,68.75,59.089999999999996,21.875,42.86,0,69.23076923076923,0.0,77.77777777777779,10.7,0.9,5.2,6.937232633293116,0.01217,0.0,0.479113,0.0,0.0,0.0,0.0,0.508717,A7,Traditional Big,0.508717,A2,Low-Production Player,0.479113,True,borderline_unstable,Below 150 minutes; scored out-of-sample relative to the 150+ minute core_v3 training population.
73627::2026::Duke,2026,73627,Cameron Sheffield,Duke,ACC,42.1995,Wing G,73627,pid_team,78,12.1,33.33,2.9,15.3,7.4,0.0,0,28.599999999999998,1.99950012,0,33.33333333333333,25.0,8.333333333333332,0.0,9.83472,0.0,100.0,66.66666666666666,0,0,0.9,5.891140890294909,0.434643,0.0,0.55483,0.0,0.0,0.0,0.0,0.010527,A2,Low-Production Player,0.55483,A0,Perimeter Spacer,0.434643,True,very_unstable,Below 150 minutes; scored out-of-sample relative to the 150+ minute core_v3 training population.
77200::2026::Duke,2026,77200,Ifeanyi Ufochukwu,Duke,ACC,21.9,C,77200,pid_team,83,15.7,44.69,11.3,4.9,0,0.0,25,0.0,0.00000000,34.9,100.0,50.0,0.0,0.0,0,100.0,0.0,100.0,5.7,0,11,5.7325114155251145,0.0,0.0,0.455493,0.0,0.0,0.0,0.0,0.544507,A7,Traditional Big,0.544507,A2,Low-Production Player,0.455493,True,very_unstable,Below 150 minutes; scored out-of-sample relative to the 150+ minute core_v3 training population.
76520::2026::Duke,2026,76520,Jack Scott,Duke,ACC,41.5005,Stretch 4,76520,pid_team,78,10.4,66.67,17.9,15.5,7.6,0.0,0,100.0,1.99850095,13.9,33.33333333333333,50.0,33.33333333333333,0.0,2.91399,0.0,100.0,66.66666666666666,0,2.9,5.8,7.989821809375791,0.0,0.0,0.0,0.0,0.0,0.0,0.695467,0.304533,A6,Two-Way Forward,0.695467,A7,Traditional Big,0.304533,True,very_unstable,Below 150 minutes; scored out-of-sample relative to the 150+ minute core_v3 training population.
134268::2026::Duquesne,2026,134268,Dom Aekins,Duquesne,A10,93.7716,Combo G,134268,pid_team,70,24.7,45.17,4.1,6.9,12.2,66.7,16.2,18.2,1.11105924,16.1,32.432432432432435,58.330000000000005,37.83783783783784,42.86,7.26123,0.0,100.0,26.666666666666668,0,2.7,6.5,5.897350583758835,0.34079,0.0,0.330438,0.0,0.087544,0.241228,0.0,0.0,A0,Perimeter Spacer,0.34079,A2,Low-Production Player,0.330438,True,unstable,Below 150 minutes; scored out-of-sample relative to the 150+ minute core_v3 training population.
79349::2026::Duquesne,2026,79349,Ethan Anish,Duquesne,A10,5.1,Scoring PG,79349,pid_team,73,17.1,51.28,0,0,0,100.0,200,0.0,0.00000000,0,0.0,0.0,0.0,0.0,11.3869,0.0,0.0,0.0,0,0,15.4,4.13081568627451,0.949638,0.0,0.0,0.0,0.050362,0.0,0.0,0.0,A0,Perimeter Spacer,0.949638,A4,Scoring Playmaker,0.050362,True,very_unstable,Below 150 minutes; scored out-of-sample relative to the 150+ minute core_v3 training population.
135364::2026::Duquesne,2026,135364,Lazar Milosevic,Duquesne,A10,76.3235,Stretch 4,135364,pid_team,82,14.1,59.52,9.1,15.5,11.7,62.5,61.5,20.0,1.24991876,15.9,35.714285714285715,80.0,21.428571428571427,66.67,3.73342,75.0,100.0,87.5,0,2.2,6.2,7.121266713397576,0.0,0.676278,0.0,0.0,0.0,0.323722,0.0,0.0,A1,Connecting Guard,0.676278,A5,Efficient Play Finisher,0.323722,True,unstable,Below 150 minutes; scored out-of-sample relative to the 150+ minute core_v3 training population.
127056::2026::Duquesne,2026,127056,Lucas Prolla,Duquesne,A10,5.4,Pure PG,127056,pid_team,74,18.5,0,0,0,0,0.0,0,0.0,0.00000000,59.7,0.0,0.0,0.0,0.0,11.3869,0.0,0.0,0.0,0,11.1,7.7,11.062148148148147,0.0,0.0,0.670797,0.329203,0.0,0.0,0.0,0.0,A2,Low-Production Player,0.670797,A3,Two-Way Guard,0.329203,True,very_unstable,Below 150 minutes; scored out-of-sample relative to the 150+ minute core_v3 training population.
78254::2026::Duquesne,2026,78254,Seamus McDermott,Duquesne,A10,6.0666,PF/C,78254,pid_team,74,20.7,0,22.5,0,29.8,0.0,0,0.0,0.66659999,0,0.0,0.0,0.0,0.0,22.7739,0.0,0.0,0.0,0,0,7.7,3.2531434411367157,0.477439,0.0,0.522561,0.0,0.0,0.0,0.0,0.0,A2,Low-Production Player,0.522561,A0,Perimeter Spacer,0.477439,True,very_unstable,Below 150 minutes; scored out-of-sample relative to the 150+ minute core_v3 training population.
78488::2026::Duquesne,2026,78488,Stef van Bussel,Duquesne,A10,87.882,C,78488,pid_team,82,13.8,45.45,10.5,23,12.7,25.0,160,0.0,0.50006073,42.6,80.0,75.0,20.0,0.0,0,100.0,0.0,100.0,1.5,0,6.7,5.848842766436813,0.0,0.0,0.255945,0.0,0.0,0.0,0.0,0.744055,A7,Traditional Big,0.744055,A2,Low-Production Player,0.255945,True,unstable,Below 150 minutes; scored out-of-sample relative to the 150+ minute core_v3 training population.
128006::2026::East Carolina,2026,128006,Jayshayne Woodard,East Carolina,Amer,48.8,Stretch 4,128006,pid_team,79,17.8,50.85,2.2,9.1,17.8,62.5,100,20.0,0.55555557,32.2,25.0,50.0,12.5,100.0,5.65509,100.0,100.0,66.66666666666666,4.3,1.1,3.2,6.2753688524590165,0.371244,0.0,0.199124,0.0,0.429632,0.0,0.0,0.0,A4,Scoring Playmaker,0.429632,A0,Perimeter Spacer,0.371244,True,very_unstable,Below 150 minutes; scored out-of-sample relative to the 150+ minute core_v3 training population.
128008::2026::East Carolina,2026,128008,Ladontae Felton,East Carolina,Amer,8.925,PF/C,128008,pid_team,74,18.5,33.9,0,0,0,100.0,100,0.0,0.00000000,0,0.0,0.0,50.0,0.0,7.91713,0.0,0.0,0.0,0,0,6,2.6744470588235294,0.569966,0.0,0.07845,0.0,0.351584,0.0,0.0,0.0,A0,Perimeter Spacer,0.569966,A4,Scoring Playmaker,0.351584,True,very_unstable,Below 150 minutes; scored out-of-sample relative to the 150+ minute core_v3 training population.
134238::2026::East Carolina,2026,134238,Patrick D'Arcy,East Carolina,Amer,146.19,Wing G,134238,pid_team,78,9.3,38,3.2,5.9,3.9,100.0,7.1,23.1,1.50105044,0,7.142857142857142,50.0,0.0,0.0,11.1268,100.0,100.0,100.0,0,2.1,4.1,5.303071345509268,0.349902,0.45416,0.0,0.0,0.0,0.195938,0.0,0.0,A1,Connecting Guard,0.45416,A0,Perimeter Spacer,0.349902,True,borderline_unstable,Below 150 minutes; scored out-of-sample relative to the 150+ minute core_v3 training population.
134093::2026::East Carolina,2026,134093,Vito Perkovic,East Carolina,Amer,120.5046,Stretch 4,134093,pid_team,82,17.3,39.05,3.7,20.2,1.7,100.0,11.1,26.1,1.00000000,2.8,31.11111111111111,42.86,17.77777777777778,12.5,11.1486,66.66666666666666,100.0,84.61538461538461,0.9,0.5,3.4,6.446027786491138,0.107074,0.0,0.0,0.0,0.0,0.0,0.537993,0.354933,A6,Two-Way Forward,0.537993,A7,Traditional Big,0.354933,True,borderline_unstable,Below 150 minutes; scored out-of-sample relative to the 150+ minute core_v3 training population.
127167::2026::East Tennessee St.,2026,127167,Brayden Crump,East Tennessee St.,SC,141.3819,Stretch 4,127167,pid_team,80,19.2,51.37,12.6,11,7,66.7,15.4,30.0,1.20022001,11.9,41.86046511627907,72.22,25.581395348837212,18.18,4.57489,69.23076923076923,100.0,81.81818181818183,4.3,1.4,3.6,5.7457142675264645,0.298501,0.541451,0.0,0.0,0.0,0.160048,0.0,0.0,A1,Connecting Guard,0.541451,A0,Perimeter Spacer,0.298501,True,borderline_unstable,Below 150 minutes; scored out-of-sample relative to the 150+ minute core_v3 training population.
134075::2026::East Tennessee St.,2026,134075,Henry Sisemore,East Tennessee St.,SC,14.5715,C,134075,pid_team,80,38,40,27,38.3,44.9,0.0,0,0.0,1.99930009,16.7,57.14285714285714,25.0,14.285714285714285,100.0,0,0.0,0.0,0.0,0,0,0,4.9419208729368975,0.0,0.324026,0.0,0.0,0.675974,0.0,0.0,0.0,A4,Scoring Playmaker,0.675974,A1,Connecting Guard,0.324026,True,very_unstable,Below 150 minutes; scored out-of-sample relative to the 150+ minute core_v3 training population.
137640::2026::East Tennessee St.,2026,137640,Joseph Carter,East Tennessee St.,SC,12.3335,Wing G,137640,pid_team,73,16,0,0,40.4,0,0.0,0,0.0,1.00000000,41.8,0.0,0.0,0.0,0.0,13.3325,0.0,0.0,0.0,0,6.7,0,8.947338549479062,0.106628,0.0,0.893372,0.0,0.0,0.0,0.0,0.0,A2,Low-Production Player,0.893372,A0,Perimeter Spacer,0.106628,True,very_unstable,Below 150 minutes; scored out-of-sample relative to the 150+ minute core_v3 training population.
126743::2026::East Texas A&M,2026,126743,Mykol Sanchez-Vega,East Texas A&M,Slnd,6.0,Scoring PG,126743,pid_team,78,30.2,0,0,0,0,0.0,0,0.0,1.00000000,0,0.0,0.0,0.0,0.0,48.6331,0.0,0.0,0.0,0,0,0,0.7786466666666666,1.0,0.0,0.0,0.0,0.0,0.0,0.0,0.0,A0,Perimeter Spacer,1.0,A1,Connecting Guard,0.0,True,very_unstable,Below 150 minutes; scored out-of-sample relative to the 150+ minute core_v3 training population.
135480::2026::East Texas A&M,2026,135480,Parker Whisenhunt,East Texas A&M,Slnd,12.08,PF/C,135480,pid_team,75,11.1,0,0,12.8,0,0.0,0,0.0,0.00000000,58,100.0,0.0,0.0,0.0,0,0.0,0.0,0.0,0,0,13.2,4.163708609271523,0.0,0.0,1.0,0.0,0.0,0.0,0.0,0.0,A2,Low-Production Player,1.0,A0,Perimeter Spacer,0.0,True,very_unstable,Below 150 minutes; scored out-of-sample relative to the 150+ minute core_v3 training population.
134920::2026::Eastern Illinois,2026,134920,JT Elder,Eastern Illinois,OVC,17.0,Scoring PG,134920,pid_team,79,18.5,66.67,0,0,0,0.0,0,50.0,0.00000000,19.2,33.33333333333333,50.0,0.0,0.0,14.2419,100.0,100.0,100.0,0,7.1,2.4,7.933905882352942,0.059356,0.0,0.0,0.0,0.0,0.940644,0.0,0.0,A5,Efficient Play Finisher,0.940644,A0,Perimeter Spacer,0.059356,True,very_unstable,Below 150 minutes; scored out-of-sample relative to the 150+ minute core_v3 training population.
134434::2026::Eastern Kentucky,2026,134434,Asa White,Eastern Kentucky,ASun,114.39,C,134434,pid_team,81,11.2,47.75,9.8,11.9,3,62.5,57.1,0.0,0.33333333,23.2,71.42857142857143,40.0,28.57142857142857,50.0,0,50.0,0.0,50.0,6.3,2.1,5.4,6.936130780662644,0.258157,0.018805,0.369804,0.077426,0.185582,0.0,0.0,0.090225,A2,Low-Production Player,0.369804,A0,Perimeter Spacer,0.258157,True,borderline_unstable,Below 150 minutes; scored out-of-sample relative to the 150+ minute core_v3 training population.
135188::2026::Eastern Kentucky,2026,135188,Mason Miles,Eastern Kentucky,ASun,4.4668,Pure PG,135188,pid_team,74,34.5,0,0,0,0,0.0,0,0.0,1.33319998,0,0.0,0.0,0.0,0.0,47.6866,0.0,0.0,0.0,0,0,0,0.7957401271603833,1.0,0.0,0.0,0.0,0.0,0.0,0.0,0.0,A0,Perimeter Spacer,1.0,A1,Connecting Guard,0.0,True,very_unstable,Below 150 minutes; scored out-of-sample relative to the 150+ minute core_v3 training population.
75972::2026::Eastern Michigan,2026,75972,Cooper Smith,Eastern Michigan,MAC,6.64,PF/C,75972,pid_team,73,18.6,50,0,0,0,0.0,0,0.0,0.00000000,0,0.0,0.0,100.0,50.0,0,0.0,0.0,0.0,0,0,0,2.4786385542168676,0.099233,0.0,0.409763,0.0,0.491004,0.0,0.0,0.0,A4,Scoring Playmaker,0.491004,A2,Low-Production Player,0.409763,True,very_unstable,Below 150 minutes; scored out-of-sample relative to the 150+ minute core_v3 training population.
128275::2026::Eastern Michigan,2026,128275,Mbaye N'Diaye,Eastern Michigan,MAC,43.3125,Wing F,128275,pid_team,77,11.1,100,0,23,7.3,0.0,0,0.0,1.00000000,64.9,50.0,100.0,50.0,100.0,0,100.0,0.0,50.0,0,0,1.6,3.6306285714285713,0.0,0.0,0.667105,0.0,0.289139,0.043757,0.0,0.0,A2,Low-Production Player,0.667105,A4,Scoring Playmaker,0.289139,True,very_unstable,Below 150 minutes; scored out-of-sample relative to the 150+ minute core_v3 training population.
127001::2026::Eastern Washington,2026,127001,Angelo Winkel,Eastern Washington,BSky,19.7,C,127001,pid_team,81,22,71.43,6.3,6.5,8.8,75.0,133.3,0.0,0.33333333,40,100.0,66.67,0.0,0.0,0,0.0,0.0,0.0,11.7,2.9,6.1,8.125401015228427,0.0,0.0,0.0,0.811629,0.037173,0.0,0.0,0.151198,A3,Two-Way Guard,0.811629,A7,Traditional Big,0.151198,True,very_unstable,Below 150 minutes; scored out-of-sample relative to the 150+ minute core_v3 training population.
76005::2026::Eastern Washington,2026,76005,Maddox Monson,Eastern Washington,BSky,42.2161,Combo G,76005,pid_team,74,15,40,10.5,7.2,4.7,0.0,0,28.599999999999998,0.50045002,10.8,10.0,0.0,20.0,50.0,11.1802,0.0,100.0,66.66666666666666,0,3.3,4.5,5.509367279308131,0.288528,0.095555,0.260142,0.355776,0.0,0.0,0.0,0.0,A3,Two-Way Guard,0.355776,A0,Perimeter Spacer,0.288528,True,very_unstable,Below 150 minutes; scored out-of-sample relative to the 150+ minute core_v3 training population.
76007::2026::Eastern Washington,2026,76007,Shaumba Ngoyi,Eastern Washington,BSky,81.524,C,76007,pid_team,81,13.1,38.91,9.9,18.4,2.1,0.0,60,0.0,0.39983200,29.1,70.0,71.43,30.0,0.0,0,60.0,0.0,60.0,1.5,0.8,7.4,5.8550120209999506,0.0,0.0,0.524253,0.0,0.0,0.0,0.0,0.475747,A2,Low-Production Player,0.524253,A7,Traditional Big,0.475747,True,unstable,Below 150 minutes; scored out-of-sample relative to the 150+ minute core_v3 training population.
127942::2026::Elon,2026,127942,Iker Garmendia,Elon,CAA,59.8,Wing F,127942,pid_team,81,21.7,34.7,7.6,10.4,11.7,16.7,46.2,33.300000000000004,1.24971877,18.2,42.857142857142854,33.33,7.142857142857142,0.0,7.83762,100.0,100.0,100.0,0,1.3,7.1,4.317979933110368,0.0,0.112204,0.376834,0.0,0.0,0.0,0.153042,0.35792,A2,Low-Production Player,0.376834,A7,Traditional Big,0.35792,True,unstable,Below 150 minutes; scored out-of-sample relative to the 150+ minute core_v3 training population.
135332::2026::FIU,2026,135332,Amarion Nimmers,FIU,CUSA,16.76,Scoring PG,135332,pid_team,75,14.2,50.85,0,0,17.2,50.0,100,0.0,1.20000005,0,50.0,100.0,0.0,0.0,5.27962,100.0,0.0,100.0,0,0,7.9,2.188949880668258,0.0,0.615301,0.0,0.0,0.0,0.384699,0.0,0.0,A1,Connecting Guard,0.615301,A5,Efficient Play Finisher,0.384699,True,very_unstable,Below 150 minutes; scored out-of-sample relative to the 150+ minute core_v3 training population.
143657::2026::FIU,2026,143657,Aydan Clinton,FIU,CUSA,2.4,PF/C,143657,pid_team,78,16.9,100,0,0,0,0.0,0,0.0,0.00000000,0,0.0,0.0,100.0,100.0,0,0.0,0.0,0.0,0,0,0,2.0586833333333336,0.109475,0.0,0.098142,0.0,0.792383,0.0,0.0,0.0,A4,Scoring Playmaker,0.792383,A0,Perimeter Spacer,0.109475,True,very_unstable,Below 150 minutes; scored out-of-sample relative to the 150+ minute core_v3 training population.
135208::2026::FIU,2026,135208,Kennedy Brown,FIU,CUSA,125.1432,C,135208,pid_team,80,11.3,29.59,8.1,10.5,8.3,50.0,26.7,0.0,0.62493438,20.8,41.17647058823529,28.57,47.05882352941176,25.0,0,100.0,0.0,83.33333333333334,1.3,0.6,8.8,4.382467445294671,0.0,0.0,0.425792,0.0,0.0,0.0,0.0,0.574208,A7,Traditional Big,0.574208,A2,Low-Production Player,0.425792,True,borderline_unstable,Below 150 minutes; scored out-of-sample relative to the 150+ minute core_v3 training population.
79299::2026::Fairfield,2026,79299,Joe Ganton,Fairfield,MAAC,4.8,PF/C,79299,pid_team,76,20,50,37.4,41.9,0,0.0,0,0.0,0.00000000,39.3,100.0,50.0,0.0,0.0,0,100.0,0.0,100.0,0,0,14.3,5.143958333333334,0.0,0.0,0.200956,0.0,0.0,0.0,0.0,0.799044,A7,Traditional Big,0.799044,A2,Low-Production Player,0.200956,True,very_unstable,Below 150 minutes; scored out-of-sample relative to the 150+ minute core_v3 training population.
77894::2026::Fairfield,2026,77894,Luke Davidson,Fairfield,MAAC,6.075,PF/C,77894,pid_team,72,16.5,105.26,0,0,0,100.0,0,0.0,0.75000000,0,0.0,0.0,0.0,0.0,0,0.0,0.0,0.0,0,0,12.9,2.028213991769548,0.159789,0.0,0.0,0.0,0.174511,0.0,0.0,0.6657,A7,Traditional Big,0.6657,A4,Scoring Playmaker,0.174511,True,very_unstable,Below 150 minutes; scored out-of-sample relative to the 150+ minute core_v3 training population.
75956::2026::Fairfield,2026,75956,Michael Rogan,Fairfield,MAAC,101.7228,Wing F,75956,pid_team,79,9.5,60.2,6.2,12.6,1.6,100.0,14.3,28.599999999999998,0.49983748,24.6,35.714285714285715,80.0,14.285714285714285,50.0,4.09856,75.0,100.0,71.42857142857143,0,1.2,2,5.876401357414463,0.170809,0.0,0.199438,0.0,0.0,0.629752,0.0,0.0,A5,Efficient Play Finisher,0.629752,A2,Low-Production Player,0.199438,True,borderline_unstable,Below 150 minutes; scored out-of-sample relative to the 150+ minute core_v3 training population.
126998::2026::Fairfield,2026,126998,Tanner Ostop,Fairfield,MAAC,4.0666,Wing G,126998,pid_team,72,26.3,0,0,41.9,0,0.0,0,0.0,0.00000000,0,0.0,0.0,0.0,0.0,45.0842,0.0,0.0,0.0,0,0,0,5.755953376284857,0.993355,0.0,0.006645,0.0,0.0,0.0,0.0,0.0,A0,Perimeter Spacer,0.993355,A2,Low-Production Player,0.006645,True,very_unstable,Below 150 minutes; scored out-of-sample relative to the 150+ minute core_v3 training population.
128223::2026::Fairleigh Dickinson,2026,128223,Chidube Ekwommadu,Fairleigh Dickinson,NEC,15.7,Wing G,128223,pid_team,78,13.2,0,0,8.3,0,0.0,0,0.0,0.00000000,60.3,0.0,0.0,0.0,0.0,8.22184,0.0,0.0,0.0,0,0,2.5,4.5916942675159245,0.0,0.0,1.0,0.0,0.0,0.0,0.0,0.0,A2,Low-Production Player,1.0,A0,Perimeter Spacer,0.0,True,very_unstable,Below 150 minutes; scored out-of-sample relative to the 150+ minute core_v3 training population.
75922::2026::Fairleigh Dickinson,2026,75922,Cole Alexander,Fairleigh Dickinson,NEC,5.2668,PF/C,75922,pid_team,79,16.2,52.63,26,30.2,0,50.0,0,0.0,0.00000000,0,0.0,0.0,0.0,0.0,0,0.0,0.0,0.0,0,0,9.3,5.569727348674717,0.888723,0.111277,0.0,0.0,0.0,0.0,0.0,0.0,A0,Perimeter Spacer,0.888723,A1,Connecting Guard,0.111277,True,very_unstable,Below 150 minutes; scored out-of-sample relative to the 150+ minute core_v3 training population.
128224::2026::Fairleigh Dickinson,2026,128224,Josiah Francis,Fairleigh Dickinson,NEC,77.9196,PF/C,128224,pid_team,80,12.5,13.64,5.1,21.8,0,0.0,0,14.299999999999999,0.00000000,38,27.27272727272727,0.0,9.090909090909092,0.0,6.68025,0.0,100.0,100.0,3.9,0,6.1,5.511475931601291,0.110539,0.0,0.889461,0.0,0.0,0.0,0.0,0.0,A2,Low-Production Player,0.889461,A0,Perimeter Spacer,0.110539,True,unstable,Below 150 minutes; scored out-of-sample relative to the 150+ minute core_v3 training population.
134945::2026::Fairleigh Dickinson,2026,134945,Sebastian Haubro,Fairleigh Dickinson,NEC,75.218,C,134945,pid_team,82,9,51.55,5.4,18.8,5.8,83.3,300,0.0,0.79990797,44.2,100.0,0.0,0.0,0.0,0,0.0,0.0,0.0,4.1,1,5.1,5.730490042277114,0.0,0.0,0.0,0.812945,0.0,0.0,0.0,0.187055,A3,Two-Way Guard,0.812945,A7,Traditional Big,0.187055,True,unstable,Below 150 minutes; scored out-of-sample relative to the 150+ minute core_v3 training population.
134944::2026::Fairleigh Dickinson,2026,134944,Tyler McQuaid,Fairleigh Dickinson,NEC,6.2856,PF/C,134944,pid_team,72,10.8,105.26,0,0,0,100.0,0,0.0,0.00000000,0,0.0,0.0,0.0,0.0,0,0.0,0.0,0.0,0,0,8,3.2157821051291844,0.272146,0.0,0.0,0.0,0.119109,0.077227,0.0,0.531518,A7,Traditional Big,0.531518,A0,Perimeter Spacer,0.272146,True,very_unstable,Below 150 minutes; scored out-of-sample relative to the 150+ minute core_v3 training population.
78980::2026::Florida,2026,78980,Alex Kovatchev,Florida,SEC,48.6,Wing G,78980,pid_team,77,10,33.33,2.2,10.6,2.9,0.0,0,22.2,1.00000000,11.4,8.333333333333332,0.0,16.666666666666664,50.0,10.1557,0.0,100.0,100.0,2,1.1,0.8,6.569530864197531,0.463823,0.363384,0.172793,0.0,0.0,0.0,0.0,0.0,A0,Perimeter Spacer,0.463823,A1,Connecting Guard,0.363384,True,very_unstable,Below 150 minutes; scored out-of-sample relative to the 150+ minute core_v3 training population.
134983::2026::Florida,2026,134983,Alex Lloyd,Florida,SEC,81.1002,Wing G,134983,pid_team,75,17.3,37,1.3,15.2,5.5,20.0,19.2,21.099999999999998,0.50014166,23.7,23.076923076923077,66.67,3.8461538461538463,0.0,12.9378,25.0,100.0,62.5,1.2,0.7,3.9,6.771425964424255,0.036509,0.0,0.221644,0.114823,0.0,0.43086,0.196164,0.0,A5,Efficient Play Finisher,0.43086,A2,Low-Production Player,0.221644,True,unstable,Below 150 minutes; scored out-of-sample relative to the 150+ minute core_v3 training population.
135330::2026::Florida,2026,135330,CJ Ingram II,Florida,SEC,113.5008,Wing F,135330,pid_team,78,19.7,56.51,9.6,8.2,12.5,50.0,34.3,50.0,1.12493438,19.8,32.432432432432435,50.0,18.91891891891892,28.57,7.80137,33.33333333333333,100.0,70.58823529411765,2.6,1,4.9,6.403584820547521,0.404426,0.516991,0.078582,0.0,0.0,0.0,0.0,0.0,A1,Connecting Guard,0.516991,A0,Perimeter Spacer,0.404426,True,borderline_unstable,Below 150 minutes; scored out-of-sample relative to the 150+ minute core_v3 training population.
78324::2026::Florida,2026,78324,Cooper Josefsberg,Florida,SEC,4.1001,Stretch 4,78324,pid_team,76,15.7,75,0,50.2,0,0.0,0,100.0,0.00000000,0,50.0,0.0,0.0,0.0,13.1648,0.0,100.0,100.0,0,0,0,10.316919099534156,0.955957,0.044043,0.0,0.0,0.0,0.0,0.0,0.0,A0,Perimeter Spacer,0.955957,A1,Connecting Guard,0.044043,True,very_unstable,Below 150 minutes; scored out-of-sample relative to the 150+ minute core_v3 training population.
127866::2026::Florida,2026,127866,Olivier Rioux,Florida,SEC,16.1997,C,127866,pid_team,93,23.2,50.36,20.2,19,10.5,50.0,33.3,0.0,1.00000000,14.7,75.0,50.0,0.0,0.0,0,33.33333333333333,0.0,40.0,0,0,4.9,6.55263986370118,0.329358,0.323536,0.157938,0.0,0.0,0.0,0.0,0.189169,A0,Perimeter Spacer,0.329358,A1,Connecting Guard,0.323536,True,very_unstable,Below 150 minutes; scored out-of-sample relative to the 150+ minute core_v3 training population.
126983::2026::Florida,2026,126983,Viktor Mikic,Florida,SEC,49.5992,PF/C,126983,pid_team,83,33,37.7,17.6,12.4,19.1,53.800000000000004,56.5,25.0,1.00000000,20.2,82.6086956521739,31.580000000000002,0.0,0.0,4.51365,33.33333333333333,100.0,42.857142857142854,4,0,7.3,6.597170922111647,0.433983,0.237878,0.328139,0.0,0.0,0.0,0.0,0.0,A0,Perimeter Spacer,0.433983,A2,Low-Production Player,0.328139,True,very_unstable,Below 150 minutes; scored out-of-sample relative to the 150+ minute core_v3 training population.
134787::2026::Florida A&M,2026,134787,Amir Rahman,Florida A&M,SWAC,10.15,Wing G,134787,pid_team,75,26.2,50.51,0,0,0,50.0,50,0.0,0.00000000,21.2,75.0,66.67,0.0,0.0,5.41412,100.0,0.0,100.0,0,0,3.9,3.650809852216749,0.408947,0.0,0.237456,0.0,0.0,0.353597,0.0,0.0,A0,Perimeter Spacer,0.408947,A5,Efficient Play Finisher,0.353597,True,very_unstable,Below 150 minutes; scored out-of-sample relative to the 150+ minute core_v3 training population.
133799::2026::Florida A&M,2026,133799,Devere Palmer,Florida A&M,SWAC,67.3,Wing F,133799,pid_team,78,22.9,52.54,5.2,19.5,12.7,65.0,100,0.0,2.00000000,7.4,66.66666666666666,57.14,28.57142857142857,16.669999999999998,0,25.0,0.0,40.0,1.6,2.5,4.2,7.980089153046063,0.0,0.539678,0.0,0.280557,0.179765,0.0,0.0,0.0,A1,Connecting Guard,0.539678,A3,Two-Way Guard,0.280557,True,unstable,Below 150 minutes; scored out-of-sample relative to the 150+ minute core_v3 training population.
126918::2026::Florida A&M,2026,126918,Malcom Stute,Florida A&M,SWAC,14.6664,Pure PG,126918,pid_team,76,7.4,0,0,8.6,24.1,0.0,0,0.0,1.77760005,0,50.0,0.0,50.0,0.0,0,0.0,0.0,0.0,0,4.1,2.9,7.074564992090766,0.0,0.4457,0.5543,0.0,0.0,0.0,0.0,0.0,A2,Low-Production Player,0.5543,A1,Connecting Guard,0.4457,True,very_unstable,Below 150 minutes; scored out-of-sample relative to the 150+ minute core_v3 training population.
126762::2026::Florida A&M,2026,126762,Tuscan Onuoha,Florida A&M,SWAC,20.3,PF/C,126762,pid_team,83,23.2,55.87,0,5.9,0,0.0,25,0.0,0.00000000,24.1,44.44444444444444,75.0,33.33333333333333,66.67,2.8663,100.0,0.0,83.33333333333334,0,0,3.9,4.3262857142857145,0.0,0.0,0.28796,0.0,0.0,0.408347,0.0,0.303692,A5,Efficient Play Finisher,0.408347,A7,Traditional Big,0.303692,True,very_unstable,Below 150 minutes; scored out-of-sample relative to the 150+ minute core_v3 training population.
133846::2026::Florida Atlantic,2026,133846,Lachlan Smith,Florida Atlantic,Amer,1.7,PF/C,133846,pid_team,75,37.6,0,0,0,0,0.0,0,0.0,0.00000000,0,0.0,0.0,100.0,0.0,0,0.0,0.0,0.0,0,0,0,2.1552917647058822,0.124953,0.0,0.567263,0.0,0.307784,0.0,0.0,0.0,A2,Low-Production Player,0.567263,A4,Scoring Playmaker,0.307784,True,very_unstable,Below 150 minutes; scored out-of-sample relative to the 150+ minute core_v3 training population.
126976::2026::Florida Atlantic,2026,126976,Liam Dayco-Green,Florida Atlantic,Amer,18.825,Combo G,126976,pid_team,74,32.2,81.76,0,8.7,0,50.0,28.6,66.7,0.00000000,27.9,14.285714285714285,0.0,0.0,0.0,27.1157,0.0,100.0,100.0,0,4.5,3.2,5.3747250996015925,0.2455,0.0,0.0,0.7545,0.0,0.0,0.0,0.0,A3,Two-Way Guard,0.7545,A0,Perimeter Spacer,0.2455,True,very_unstable,Below 150 minutes; scored out-of-sample relative to the 150+ minute core_v3 training population.
126520::2026::Florida Atlantic,2026,126520,Max Langenfeld,Florida Atlantic,Amer,114.1,Wing G,126520,pid_team,78,21.8,44.01,2.2,8.4,12.1,50.0,10.3,25.0,1.00000000,20,10.0,50.0,7.5,100.0,17.4237,100.0,87.5,78.57142857142857,1,1.6,2.7,5.586397896581945,0.078954,0.0,0.0,0.0,0.0,0.316777,0.412416,0.191853,A6,Two-Way Forward,0.412416,A5,Efficient Play Finisher,0.316777,True,borderline_unstable,Below 150 minutes; scored out-of-sample relative to the 150+ minute core_v3 training population.
133847::2026::Florida Atlantic,2026,133847,Vincent Neugebauer,Florida Atlantic,Amer,99.7282,C,133847,pid_team,85,14,68.97,9.6,12.8,3.8,60.0,58.8,0.0,0.40016802,17.2,70.0,64.29,15.0,100.0,0,100.0,0.0,100.0,1.1,1.8,3.4,6.456949990073019,0.130572,0.014895,0.0,0.0,0.036222,0.396328,0.0,0.421982,A7,Traditional Big,0.421982,A5,Efficient Play Finisher,0.396328,True,unstable,Below 150 minutes; scored out-of-sample relative to the 150+ minute core_v3 training population.
133953::2026::Florida Gulf Coast,2026,133953,Gabe Tanner,Florida Gulf Coast,ASun,129.8271,Wing G,133953,pid_team,76,15.1,61.34,4.1,13,16,50.0,16,33.300000000000004,1.44449993,17.6,23.076923076923077,83.33,15.384615384615385,75.0,7.99462,40.0,100.0,50.0,1.2,2.1,4.8,5.557052418177715,0.0,0.555237,0.0,0.0,0.255141,0.189622,0.0,0.0,A1,Connecting Guard,0.555237,A4,Scoring Playmaker,0.255141,True,borderline_unstable,Below 150 minutes; scored out-of-sample relative to the 150+ minute core_v3 training population.
78050::2026::Florida Gulf Coast,2026,78050,George Washington III,Florida Gulf Coast,ASun,117.0923,Scoring PG,78050,pid_team,74,22.8,38.68,0,3.3,6.4,100.0,4.7,23.5,0.49993003,23.6,2.3255813953488373,0.0,18.6046511627907,50.0,18.3395,0.0,100.0,75.0,0,1.1,6.7,4.330600731218022,0.825254,0.0,0.0,0.042595,0.132151,0.0,0.0,0.0,A0,Perimeter Spacer,0.825254,A4,Scoring Playmaker,0.132151,True,borderline_unstable,Below 150 minutes; scored out-of-sample relative to the 150+ minute core_v3 training population.
134171::2026::Florida Gulf Coast,2026,134171,Matthew McCarthy,Florida Gulf Coast,ASun,32.2284,Combo G,134171,pid_team,75,9.3,50.63,0,13.4,5.8,50.0,66.7,50.0,3.00140058,23.5,0.0,0.0,33.33333333333333,0.0,4.2638,0.0,100.0,100.0,0,0,9,4.243412642265827,0.194226,0.0,0.604797,0.0,0.0,0.0,0.0,0.200978,A2,Low-Production Player,0.604797,A7,Traditional Big,0.200978,True,very_unstable,Below 150 minutes; scored out-of-sample relative to the 150+ minute core_v3 training population.
126597::2026::Florida St.,2026,126597,Alier Maluk,Florida St.,ACC,138.699,PF/C,126597,pid_team,84,18.1,43.1,13.1,16,7.3,56.3,48.5,28.599999999999998,0.75000006,17.7,47.368421052631575,44.440000000000005,21.052631578947366,25.0,2.81242,50.0,50.0,43.75,6.9,2,5.8,8.27259028543825,0.223756,0.290372,0.254183,0.231689,0.0,0.0,0.0,0.0,A1,Connecting Guard,0.290372,A2,Low-Production Player,0.254183,True,borderline_unstable,Below 150 minutes; scored out-of-sample relative to the 150+ minute core_v3 training population.
126596::2026::Florida St.,2026,126596,Jalen Crawford,Florida St.,ACC,7.8,Combo G,126596,pid_team,72,36.6,50,0,0,0,0.0,0,33.300000000000004,0.00000000,19.5,0.0,0.0,0.0,0.0,42.1863,0.0,100.0,100.0,0,0,0,3.4634461538461534,1.0,0.0,0.0,0.0,0.0,0.0,0.0,0.0,A0,Perimeter Spacer,1.0,A1,Connecting Guard,0.0,True,very_unstable,Below 150 minutes; scored out-of-sample relative to the 150+ minute core_v3 training population.
77637::2026::Florida St.,2026,77637,Shahid Muhammad,Florida St.,ACC,97.2006,C,77637,pid_team,83,15,71.78,5.5,11.4,3.7,58.8,100,0.0,0.40016802,19.1,53.57142857142857,86.67,7.142857142857142,0.0,0,84.61538461538461,0.0,86.95652173913044,15.9,0.6,5.3,7.753943905696055,0.0,0.0,0.0,0.0,0.0,0.120272,0.0,0.879728,A7,Traditional Big,0.879728,A5,Efficient Play Finisher,0.120272,True,unstable,Below 150 minutes; scored out-of-sample relative to the 150+ minute core_v3 training population.
72842::2026::Fordham,2026,72842,Jace Howard,Fordham,A10,9.65,PF/C,72842,pid_team,79,19.3,50,0,15.3,0,0.0,0,0.0,0.00000000,41.8,0.0,0.0,50.0,100.0,7.61562,0.0,0.0,0.0,0,0,10.4,4.59660103626943,0.0,0.0,0.611297,0.0,0.388703,0.0,0.0,0.0,A2,Low-Production Player,0.611297,A4,Scoring Playmaker,0.388703,True,very_unstable,Below 150 minutes; scored out-of-sample relative to the 150+ minute core_v3 training population.
79306::2026::Fordham,2026,79306,Jameson O'Toole,Fordham,A10,20.1,Pure PG,79306,pid_team,75,7.9,51.28,0,17.3,11.8,100.0,200,0.0,1.50000000,0,0.0,0.0,0.0,0.0,4.44244,0.0,0.0,0.0,0,4.6,2.9,5.827621890547264,0.850269,0.143015,0.0,0.0,0.0,0.0,0.0,0.006716,A0,Perimeter Spacer,0.850269,A1,Connecting Guard,0.143015,True,very_unstable,Below 150 minutes; scored out-of-sample relative to the 150+ minute core_v3 training population.
128282::2026::Fordham,2026,128282,Kingston Price,Fordham,A10,134.3813,Combo G,128282,pid_team,74,11.8,52.08,1.8,4.6,10.3,0.0,0,25.0,1.28566941,20.9,37.5,66.67,12.5,66.67,5.92326,50.0,66.66666666666666,54.54545454545454,0,2,5.7,5.30752418677301,0.0,0.561191,0.156938,0.0,0.008574,0.273296,0.0,0.0,A1,Connecting Guard,0.561191,A5,Efficient Play Finisher,0.273296,True,borderline_unstable,Below 150 minutes; scored out-of-sample relative to the 150+ minute core_v3 training population.
128284::2026::Fordham,2026,128284,Ryan Pettis,Fordham,A10,46.4,PF/C,128284,pid_team,76,9.5,41.67,0,21.4,13.6,0.0,0,25.0,5.50045012,17.1,16.666666666666664,100.0,16.666666666666664,0.0,6.46174,100.0,100.0,100.0,6.6,1.6,6.2,6.880301724137932,0.0,0.0,0.074003,0.0,0.0,0.0,0.345296,0.580701,A7,Traditional Big,0.580701,A6,Two-Way Forward,0.345296,True,very_unstable,Below 150 minutes; scored out-of-sample relative to the 150+ minute core_v3 training population.
73262::2026::Fordham,2026,73262,Zarique Nutter,Fordham,A10,32.4,PF/C,73262,pid_team,79,38.8,38.38,17.4,14.5,0,70.0,50,0.0,0.75001875,4.9,66.66666666666666,42.86,14.285714285714285,0.0,5.71171,33.33333333333333,0.0,42.857142857142854,7.8,1.9,2.5,7.770518518518519,0.578782,0.0781,0.0,0.080566,0.262552,0.0,0.0,0.0,A0,Perimeter Spacer,0.578782,A4,Scoring Playmaker,0.262552,True,very_unstable,Below 150 minutes; scored out-of-sample relative to the 150+ minute core_v3 training population.
134035::2026::Fresno St.,2026,134035,Aram Soqui Urbano,Fresno St.,MWC,124.1002,Wing G,134035,pid_team,76,13.2,43.96,1.9,4.6,4.3,66.7,20.7,27.3,1.00000000,10.6,3.4482758620689653,100.0,20.689655172413794,33.33,10.2319,100.0,100.0,77.77777777777779,0,0.5,4.8,4.903811597402743,0.0,0.0,0.588883,0.0,0.0,0.411117,0.0,0.0,A2,Low-Production Player,0.588883,A5,Efficient Play Finisher,0.411117,True,borderline_unstable,Below 150 minutes; scored out-of-sample relative to the 150+ minute core_v3 training population.
128054::2026::Fresno St.,2026,128054,Makhan Diouf,Fresno St.,MWC,80.5613,PF/C,128054,pid_team,83,26.1,37.51,10.3,24.9,8.1,85.7,31.8,9.1,0.25003750,29.2,25.0,83.33,20.833333333333336,0.0,9.30171,80.0,100.0,87.5,8.8,1.7,6.5,8.133979963084013,0.263665,0.0,0.428717,0.123035,0.0,0.0,0.184583,0.0,A2,Low-Production Player,0.428717,A0,Perimeter Spacer,0.263665,True,unstable,Below 150 minutes; scored out-of-sample relative to the 150+ minute core_v3 training population.
133880::2026::Fresno St.,2026,133880,Matteo Porto,Fresno St.,MWC,43.6423,PF/C,133880,pid_team,79,16.5,23.17,0,9.1,0,100.0,16.7,0.0,0.00000000,9.4,16.666666666666664,100.0,8.333333333333332,0.0,13.9526,100.0,0.0,100.0,3.2,0,2.1,4.727908474118,0.0,0.0,0.398808,0.0,0.0,0.265079,0.0,0.336113,A2,Low-Production Player,0.398808,A7,Traditional Big,0.336113,True,very_unstable,Below 150 minutes; scored out-of-sample relative to the 150+ minute core_v3 training population.
127340::2026::Fresno St.,2026,127340,Troy Jenkins,Fresno St.,MWC,6.1,Scoring PG,127340,pid_team,76,6.6,0,0,0,0,0.0,0,0.0,0.00000000,0,0.0,0.0,0.0,0.0,9.30171,0.0,0.0,0.0,0,0,6.6,4.066747540983608,0.344299,0.0,0.655701,0.0,0.0,0.0,0.0,0.0,A2,Low-Production Player,0.655701,A0,Perimeter Spacer,0.344299,True,very_unstable,Below 150 minutes; scored out-of-sample relative to the 150+ minute core_v3 training population.
127601::2026::Furman,2026,127601,Mason Smith,Furman,SC,38.1716,PF/C,127601,pid_team,79,16.5,50,12.7,34.1,0,0.0,0,36.4,0.33341111,15,14.285714285714285,50.0,7.142857142857142,0.0,13.753,0.0,100.0,80.0,0,0,2.5,10.209936182921334,0.507028,0.157085,0.335887,0.0,0.0,0.0,0.0,0.0,A0,Perimeter Spacer,0.507028,A2,Low-Production Player,0.335887,True,very_unstable,Below 150 minutes; scored out-of-sample relative to the 150+ minute core_v3 training population.
133861::2026::Furman,2026,133861,Owen Ritger,Furman,SC,106.5652,Wing F,133861,pid_team,81,14.3,44.97,3.8,4.5,8.8,50.0,23.5,25.0,1.00000000,30.1,55.55555555555556,40.0,16.666666666666664,66.67,2.46721,75.0,100.0,62.5,1.2,0,2.5,4.206438874979825,0.0,0.0,0.331413,0.0,0.005458,0.044944,0.349219,0.268966,A6,Two-Way Forward,0.349219,A2,Low-Production Player,0.331413,True,borderline_unstable,Below 150 minutes; scored out-of-sample relative to the 150+ minute core_v3 training population.
78307::2026::Furman,2026,78307,Thomas Tillman,Furman,SC,4.05,PF/C,78307,pid_team,78,18.4,0,0,0,0,0.0,0,0.0,0.00000000,0,0.0,0.0,0.0,0.0,23.1301,0.0,0.0,0.0,0,0,18.2,2.4315851851851846,0.39574,0.0,0.60426,0.0,0.0,0.0,0.0,0.0,A2,Low-Production Player,0.60426,A0,Perimeter Spacer,0.39574,True,very_unstable,Below 150 minutes; scored out-of-sample relative to the 150+ minute core_v3 training population.
134309::2026::Gardner Webb,2026,134309,Ahmadou Ndiaye,Gardner Webb,BSth,36.32,C,134309,pid_team,80,16.9,27.4,5.5,11.5,4.4,0.0,20,50.0,0.12500000,57.8,0.0,0.0,60.0,0.0,2.76643,0.0,100.0,100.0,2.7,1.4,15.8,7.325759911894273,0.0,0.0,0.942393,0.057607,0.0,0.0,0.0,0.0,A2,Low-Production Player,0.942393,A3,Two-Way Guard,0.057607,True,very_unstable,Below 150 minutes; scored out-of-sample relative to the 150+ minute core_v3 training population.
143655::2026::Gardner Webb,2026,143655,Bo Barber,Gardner Webb,BSth,123.264,Combo G,143655,pid_team,70,12.7,46.31,0.9,8.7,17.8,88.9,69.2,0.0,1.00000000,36.7,30.76923076923077,50.0,15.384615384615385,100.0,3.25946,0.0,0.0,0.0,0,2.8,4.6,6.291244807892006,0.0,0.0,0.398071,0.0,0.275107,0.0,0.0,0.326822,A2,Low-Production Player,0.398071,A7,Traditional Big,0.326822,True,borderline_unstable,Below 150 minutes; scored out-of-sample relative to the 150+ minute core_v3 training population.
127498::2026::Gardner Webb,2026,127498,Cameron Gales,Gardner Webb,BSth,14.96,Wing G,127498,pid_team,72,13.3,37.5,0,8.8,0,0.0,0,50.0,1.00000000,0,0.0,0.0,50.0,0.0,8.55079,0.0,100.0,100.0,0,0,0,3.7806149732620318,0.567785,0.251172,0.181043,0.0,0.0,0.0,0.0,0.0,A0,Perimeter Spacer,0.567785,A1,Connecting Guard,0.251172,True,very_unstable,Below 150 minutes; scored out-of-sample relative to the 150+ minute core_v3 training population.
76569::2026::Gardner Webb,2026,76569,Isaiah Hicks,Gardner Webb,BSth,7.84,PF/C,76569,pid_team,72,37.5,25,0,35.3,34.4,0.0,0,0.0,3.00000007,22.8,0.0,0.0,50.0,50.0,15.6764,0.0,0.0,0.0,0,0,6.1,6.625204081632654,0.0,0.57135,0.42865,0.0,0.0,0.0,0.0,0.0,A1,Connecting Guard,0.57135,A2,Low-Production Player,0.42865,True,very_unstable,Below 150 minutes; scored out-of-sample relative to the 150+ minute core_v3 training population.
133781::2026::Gardner Webb,2026,133781,Julius Clark,Gardner Webb,BSth,120.225,Wing F,133781,pid_team,79,19,58.98,3.1,10.8,3.9,68.2,84.6,22.2,0.80000000,13.8,40.74074074074074,72.72999999999999,22.22222222222222,50.0,4.70293,62.5,100.0,64.28571428571429,1,0.5,4.8,4.685481389062175,0.290219,0.183342,0.0,0.0,0.255654,0.270785,0.0,0.0,A0,Perimeter Spacer,0.290219,A5,Efficient Play Finisher,0.270785,True,borderline_unstable,Below 150 minutes; scored out-of-sample relative to the 150+ minute core_v3 training population.
79204::2026::Gardner Webb,2026,79204,Paul Lindberg,Gardner Webb,BSth,12.8331,PF/C,79204,pid_team,76,13.4,50,9.2,19.4,16.4,0.0,0,100.0,0.77770003,0,0.0,0.0,66.66666666666666,0.0,4.70293,0.0,100.0,100.0,9.1,0,3.3,6.5750909756800775,0.123994,0.110127,0.0,0.0,0.0,0.0,0.76588,0.0,A6,Two-Way Forward,0.76588,A0,Perimeter Spacer,0.123994,True,very_unstable,Below 150 minutes; scored out-of-sample relative to the 150+ minute core_v3 training population.
128200::2026::George Mason,2026,128200,Ben Woodward,George Mason,A10,7.28,Wing G,128200,pid_team,76,12.2,0,0,17.1,0,0.0,0,0.0,0.00000000,0,0.0,0.0,0.0,0.0,19.2255,0.0,0.0,0.0,0,0,6,5.507362637362638,0.517177,0.0,0.482823,0.0,0.0,0.0,0.0,0.0,A0,Perimeter Spacer,0.517177,A2,Low-Production Player,0.482823,True,very_unstable,Below 150 minutes; scored out-of-sample relative to the 150+ minute core_v3 training population.
77182::2026::George Mason,2026,77182,Brayden O'Connor,George Mason,A10,14.8,Wing G,77182,pid_team,76,38.5,25,8.6,15.5,13.6,0.0,0,0.0,0.33333333,32.4,50.0,50.0,12.5,0.0,12.0159,50.0,0.0,50.0,0,4.2,0,8.281189189189188,0.177224,0.0,0.822776,0.0,0.0,0.0,0.0,0.0,A2,Low-Production Player,0.822776,A0,Perimeter Spacer,0.177224,True,very_unstable,Below 150 minutes; scored out-of-sample relative to the 150+ minute core_v3 training population.
127261::2026::George Mason,2026,127261,T.J. Prosise,George Mason,A10,8.75,Wing G,127261,pid_team,75,23.9,33.33,0,14.1,0,0.0,0,0.0,1.00000000,31.8,66.66666666666666,50.0,0.0,0.0,8.01061,0.0,0.0,0.0,0,0,4.9,5.174354285714286,0.0,0.0,0.788127,0.087867,0.124006,0.0,0.0,0.0,A2,Low-Production Player,0.788127,A4,Scoring Playmaker,0.124006,True,very_unstable,Below 150 minutes; scored out-of-sample relative to the 150+ minute core_v3 training population.
77778::2026::George Washington,2026,77778,Amir Arrington,George Washington,A10,8.85,Combo G,77778,pid_team,72,18.7,75,0,0,0,0.0,0,50.0,0.00000000,0,0.0,0.0,0.0,0.0,27.7506,0.0,0.0,0.0,0,0,0,1.5227299435028245,0.868533,0.0,0.0,0.0,0.131467,0.0,0.0,0.0,A0,Perimeter Spacer,0.868533,A4,Scoring Playmaker,0.131467,True,very_unstable,Below 150 minutes; scored out-of-sample relative to the 150+ minute core_v3 training population.
126934::2026::George Washington,2026,126934,Mohamed Binzagr,George Washington,A10,6.45,Pure PG,126934,pid_team,74,14.6,0,0,0,0,0.0,0,0.0,0.00000000,0,0.0,0.0,0.0,0.0,0,0.0,0.0,0.0,0,15.5,10.8,8.492775193798451,0.0,0.0,0.0,1.0,0.0,0.0,0.0,0.0,A3,Two-Way Guard,1.0,A0,Perimeter Spacer,0.0,True,very_unstable,Below 150 minutes; scored out-of-sample relative to the 150+ minute core_v3 training population.
126929::2026::George Washington,2026,126929,Ty Bevins,George Washington,A10,70.56,Wing G,126929,pid_team,78,10.5,22.83,6.8,7,2.9,100.0,20,10.0,0.66666665,10.7,0.0,0.0,0.0,0.0,11.2502,0.0,100.0,100.0,0,2.3,6.3,4.443083900226758,0.816619,0.0,0.079931,0.103449,0.0,0.0,0.0,0.0,A0,Perimeter Spacer,0.816619,A3,Two-Way Guard,0.103449,True,unstable,Below 150 minutes; scored out-of-sample relative to the 150+ minute core_v3 training population.
78159::2026::Georgetown,2026,78159,DeShawn Harris-Smith,Georgetown,BE,98.5002,Wing G,78159,pid_team,77,14.8,62.63,5.9,11.5,6,70.0,50,0.0,0.74996250,16.4,80.95238095238095,70.59,4.761904761904762,0.0,1.20699,58.333333333333336,0.0,58.333333333333336,0,2.4,4.1,6.614808903941313,0.158512,0.267359,0.0,0.185273,0.228186,0.160671,0.0,0.0,A1,Connecting Guard,0.267359,A4,Scoring Playmaker,0.228186,True,unstable,Below 150 minutes; scored out-of-sample relative to the 150+ minute core_v3 training population.
127384::2026::Georgetown,2026,127384,Mason Moses,Georgetown,BE,4.7001,PF/C,127384,pid_team,78,22.8,51.28,24.9,0,0,100.0,200,0.0,0.00000000,0,0.0,0.0,0.0,0.0,14.4839,0.0,0.0,0.0,0,0,8.5,3.606740282121657,0.868934,0.0,0.0,0.0,0.131066,0.0,0.0,0.0,A0,Perimeter Spacer,0.868934,A4,Scoring Playmaker,0.131066,True,very_unstable,Below 150 minutes; scored out-of-sample relative to the 150+ minute core_v3 training population.
127380::2026::Georgetown,2026,127380,Michael Van Raaphorst,Georgetown,BE,4.0,PF/C,127380,pid_team,74,9.7,0,0,28.4,0,0.0,0,0.0,0.00000000,0,0.0,0.0,0.0,0.0,14.4839,0.0,0.0,0.0,0,0,20,7.76532,0.0,0.0,0.530322,0.469678,0.0,0.0,0.0,0.0,A2,Low-Production Player,0.530322,A3,Two-Way Guard,0.469678,True,very_unstable,Below 150 minutes; scored out-of-sample relative to the 150+ minute core_v3 training population.
128032::2026::Georgetown,2026,128032,Seal Diouf,Georgetown,BE,36.3,C,128032,pid_team,81,21.7,26.37,9.7,21.9,0,33.300000000000004,100,0.0,0.00000000,15.2,69.23076923076923,22.220000000000002,0.0,0.0,0,100.0,0.0,100.0,0,0,12.1,6.638710743801654,0.347373,0.0,0.490909,0.0,0.0,0.0,0.0,0.161718,A2,Low-Production Player,0.490909,A0,Perimeter Spacer,0.347373,True,very_unstable,Below 150 minutes; scored out-of-sample relative to the 150+ minute core_v3 training population.
76030::2026::Georgia,2026,76030,Brandon Klatsky,Georgia,SEC,10.8997,Combo G,76030,pid_team,76,15.7,80,0,9.7,0,0.0,0,66.7,0.00000000,0,40.0,50.0,0.0,0.0,15.1852,100.0,100.0,100.0,0,10,0,12.09310347991229,0.0,0.0,0.0,0.0,0.0,1.0,0.0,0.0,A5,Efficient Play Finisher,1.0,A0,Perimeter Spacer,0.0,True,very_unstable,Below 150 minutes; scored out-of-sample relative to the 150+ minute core_v3 training population.
76031::2026::Georgia,2026,76031,Jaden Newell,Georgia,SEC,12.4002,Scoring PG,76031,pid_team,80,9.3,33.9,0,8.5,0,100.0,100,0.0,0.00000000,0,100.0,0.0,0.0,0.0,0,0.0,0.0,0.0,0,4.4,9.7,8.154352349155658,0.531619,0.0,0.0,0.0,0.0,0.0,0.0,0.468381,A0,Perimeter Spacer,0.531619,A7,Traditional Big,0.468381,True,very_unstable,Below 150 minutes; scored out-of-sample relative to the 150+ minute core_v3 training population.
135217::2026::Georgia Southern,2026,135217,Jayden Williams,Georgia Southern,SB,137.3328,Wing G,135217,pid_team,78,11.3,29.13,4.4,11,8,40.0,47.6,12.5,3.50045005,8.1,47.61904761904761,40.0,14.285714285714285,0.0,3.62132,25.0,100.0,40.0,1.8,0.9,7.1,5.303933219158133,0.0,0.0,0.425664,0.0,0.0,0.0,0.0,0.574336,A7,Traditional Big,0.574336,A2,Low-Production Player,0.425664,True,borderline_unstable,Below 150 minutes; scored out-of-sample relative to the 150+ minute core_v3 training population.
135213::2026::Georgia Southern,2026,135213,Sean Van Dorn Jr.,Georgia Southern,SB,16.2,Pure PG,135213,pid_team,78,31.3,75.63,11.9,0,34.7,100.0,40,50.0,0.66680002,0,60.0,66.67,0.0,0.0,13.2782,0.0,100.0,33.33333333333333,0,0,4.4,1.8909382716049385,0.064608,0.0,0.0,0.0,0.571292,0.3641,0.0,0.0,A4,Scoring Playmaker,0.571292,A5,Efficient Play Finisher,0.3641,True,very_unstable,Below 150 minutes; scored out-of-sample relative to the 150+ minute core_v3 training population.
133990::2026::Georgia St.,2026,133990,Christopher Jones,Georgia St.,SB,135.7314,Wing G,133990,pid_team,78,15.5,45.78,7.3,6.8,10.3,100.0,5.9,28.599999999999998,0.85722043,14.4,41.66666666666667,53.33,13.88888888888889,20.0,6.22949,25.0,100.0,46.666666666666664,0.8,1.3,4,5.230182551716109,0.0,0.0,0.193992,0.454757,0.183838,0.0,0.0,0.167413,A3,Two-Way Guard,0.454757,A2,Low-Production Player,0.193992,True,borderline_unstable,Below 150 minutes; scored out-of-sample relative to the 150+ minute core_v3 training population.
135033::2026::Georgia St.,2026,135033,Isaiah Sherrard,Georgia St.,SB,105.091,Wing G,135033,pid_team,79,15,37.66,2.1,6.6,4.1,50.0,18.2,26.700000000000003,0.42850411,27,21.73913043478261,40.0,8.695652173913043,0.0,8.66089,50.0,100.0,85.71428571428571,4.3,1.7,4.7,5.959825294268776,0.002416,0.0,0.624404,0.206474,0.0,0.0,0.0,0.166706,A2,Low-Production Player,0.624404,A3,Two-Way Guard,0.206474,True,borderline_unstable,Below 150 minutes; scored out-of-sample relative to the 150+ minute core_v3 training population.
134603::2026::Georgia Tech,2026,134603,Brandon Stores Jr.,Georgia Tech,ACC,4.6,PF/C,134603,pid_team,77,16.5,0,0,22.9,0,0.0,0,0.0,0.00000000,0,50.0,0.0,50.0,0.0,0,0.0,0.0,0.0,0,0,8.7,7.27684347826087,0.010273,0.0,0.784762,0.204965,0.0,0.0,0.0,0.0,A2,Low-Production Player,0.784762,A3,Two-Way Guard,0.204965,True,very_unstable,Below 150 minutes; scored out-of-sample relative to the 150+ minute core_v3 training population.
134602::2026::Georgia Tech,2026,134602,Davi Remagen,Georgia Tech,ACC,118.2995,Scoring PG,134602,pid_team,75,13,35.54,1.9,9.8,11.3,57.099999999999994,31.8,0.0,1.33327225,21.8,18.181818181818183,25.0,54.54545454545454,50.0,2.83737,100.0,0.0,42.857142857142854,1,4.7,5.4,8.81423843718697,0.27144,0.0,0.693672,0.0,0.0,0.0,0.0,0.034888,A2,Low-Production Player,0.693672,A0,Perimeter Spacer,0.27144,True,borderline_unstable,Below 150 minutes; scored out-of-sample relative to the 150+ minute core_v3 training population.
126805::2026::Gonzaga,2026,126805,Cade Orness,Gonzaga,WCC,20.8,Combo G,126805,pid_team,75,19,34.29,0,5.1,6.4,20.0,250,0.0,0.33333333,43.1,100.0,50.0,0.0,0.0,0,100.0,0.0,100.0,0,2.7,3.8,6.807211538461538,0.0,0.0,0.19898,0.517335,0.0,0.0,0.0,0.283685,A3,Two-Way Guard,0.517335,A7,Traditional Big,0.283685,True,very_unstable,Below 150 minutes; scored out-of-sample relative to the 150+ minute core_v3 training population.
78305::2026::Gonzaga,2026,78305,Joaquim ArauzMoore,Gonzaga,WCC,18.9,Scoring PG,78305,pid_team,73,10.3,75.95,6.2,11.3,7.7,0.0,66.7,66.7,1.00000000,0,0.0,0.0,0.0,0.0,9.34751,0.0,50.0,50.0,0,3,6.3,7.883174603174605,0.509249,0.490751,0.0,0.0,0.0,0.0,0.0,0.0,A0,Perimeter Spacer,0.509249,A1,Connecting Guard,0.490751,True,very_unstable,Below 150 minutes; scored out-of-sample relative to the 150+ minute core_v3 training population.
126735::2026::Gonzaga,2026,126735,Noah Haaland,Gonzaga,WCC,44.8,Stretch 4,126735,pid_team,81,19.2,66.89,13,14.3,3.7,100.0,14.3,0.0,0.33333333,19.9,40.0,100.0,26.666666666666668,75.0,5.06323,50.0,0.0,60.0,0,1.3,8,7.105589285714285,0.0,0.0,0.0,0.0,0.45955,0.54045,0.0,0.0,A5,Efficient Play Finisher,0.54045,A4,Scoring Playmaker,0.45955,True,very_unstable,Below 150 minutes; scored out-of-sample relative to the 150+ minute core_v3 training population.
135065::2026::Grambling St.,2026,135065,Chancellor Perkins,Grambling St.,SWAC,78.7552,Combo G,135065,pid_team,74,13.7,62.5,0,12.1,7.1,0.0,0,75.0,1.00000000,35.5,50.0,50.0,16.666666666666664,0.0,3.87664,66.66666666666666,66.66666666666666,66.66666666666666,0,2,2,4.955385803096177,0.0,0.0,0.389029,0.0,0.0,0.554232,0.056738,0.0,A5,Efficient Play Finisher,0.554232,A2,Low-Production Player,0.389029,True,unstable,Below 150 minutes; scored out-of-sample relative to the 150+ minute core_v3 training population.
77808::2026::Grambling St.,2026,77808,Nazar Mahmoud,Grambling St.,SWAC,13.55,PF/C,77808,pid_team,77,19.9,52.63,0,0,0,50.0,0,0.0,1.50000000,52.8,0.0,0.0,0.0,0.0,0,0.0,0.0,0.0,0,0,0,1.4783527675276753,0.109349,0.0,0.758753,0.0,0.131897,0.0,0.0,0.0,A2,Low-Production Player,0.758753,A4,Scoring Playmaker,0.131897,True,very_unstable,Below 150 minutes; scored out-of-sample relative to the 150+ minute core_v3 training population.
74574::2026::Grambling St.,2026,74574,PJ Edwards,Grambling St.,SWAC,97.5,Stretch 4,74574,pid_team,76,9.2,15.38,1.5,11.6,6.6,0.0,0,0.0,0.80005597,22.8,30.76923076923077,50.0,7.6923076923076925,0.0,5.55459,100.0,0.0,100.0,1.4,1.4,7.3,5.534317948717948,0.0,0.0,0.869557,0.0,0.0,0.0,0.0,0.130443,A2,Low-Production Player,0.869557,A7,Traditional Big,0.130443,True,unstable,Below 150 minutes; scored out-of-sample relative to the 150+ minute core_v3 training population.
134906::2026::Grambling St.,2026,134906,Richard Amaefule,Grambling St.,SWAC,106.4141,C,134906,pid_team,81,14,41.01,2.6,9,0,83.3,46.2,0.0,0.09995801,44.3,53.84615384615385,42.86,38.46153846153847,20.0,0.620263,66.66666666666666,0.0,75.0,1.2,1.2,6,5.277796833314382,0.0,0.0,0.392615,0.0,0.0,0.0,0.0,0.607385,A7,Traditional Big,0.607385,A2,Low-Production Player,0.392615,True,borderline_unstable,Below 150 minutes; scored out-of-sample relative to the 150+ minute core_v3 training population.
78754::2026::Grambling St.,2026,78754,Saliou Seye,Grambling St.,SWAC,109.0005,C,78754,pid_team,84,19.6,44.74,8.8,14.3,3.9,23.1,54.2,0.0,0.18178101,29.7,65.38461538461539,70.59,11.538461538461538,0.0,2.11453,41.66666666666667,0.0,46.15384615384615,6.1,2.1,11.7,8.237099829817295,0.0,0.0,0.174027,0.33488,0.0,0.0,0.0,0.491093,A7,Traditional Big,0.491093,A3,Two-Way Guard,0.33488,True,borderline_unstable,Below 150 minutes; scored out-of-sample relative to the 150+ minute core_v3 training population.
134801::2026::Grand Canyon,2026,134801,Cole Pepe,Grand Canyon,MWC,10.1,Stretch 4,134801,pid_team,76,13.8,50,12.1,22.9,0,0.0,0,33.300000000000004,0.00000000,0,0.0,0.0,0.0,0.0,16.9091,0.0,100.0,100.0,0,0,7.9,6.763485148514851,0.431869,0.0,0.01491,0.0,0.0,0.0,0.145901,0.40732,A0,Perimeter Spacer,0.431869,A7,Traditional Big,0.40732,True,very_unstable,Below 150 minutes; scored out-of-sample relative to the 150+ minute core_v3 training population.
134805::2026::Grand Canyon,2026,134805,Evan Boisdur,Grand Canyon,MWC,72.6,Combo G,134805,pid_team,73,17.4,37.12,0,8,9.8,75.0,19,16.7,1.00000000,18.4,42.857142857142854,44.440000000000005,0.0,0.0,9.66234,25.0,100.0,50.0,0,3.2,5,7.1888154269972455,0.617675,0.0,0.124541,0.0,0.0,0.257784,0.0,0.0,A0,Perimeter Spacer,0.617675,A5,Efficient Play Finisher,0.257784,True,unstable,Below 150 minutes; scored out-of-sample relative to the 150+ minute core_v3 training population.
127447::2026::Green Bay,2026,127447,Brady Fitzgerald,Green Bay,Horz,3.78,PF/C,127447,pid_team,76,32.5,52.63,0,144.7,0,50.0,0,0.0,0.00000000,0,0.0,0.0,0.0,0.0,0,0.0,0.0,0.0,0,0,0,8.56515343915344,0.0,0.0,0.0,0.0,0.0,0.0,1.0,0.0,A6,Two-Way Forward,1.0,A0,Perimeter Spacer,0.0,True,very_unstable,Below 150 minutes; scored out-of-sample relative to the 150+ minute core_v3 training population.
133662::2026::Green Bay,2026,133662,Dontrell Hewlett,Green Bay,Horz,34.275,Combo G,133662,pid_team,76,32.8,38.58,4.4,11.7,25.7,66.7,42.9,16.7,2.00000000,11.9,42.857142857142854,50.0,14.285714285714285,0.0,11.8221,0.0,100.0,25.0,4,2,6.3,6.161692195477753,0.586984,0.29153,0.091035,0.0,0.0,0.030451,0.0,0.0,A0,Perimeter Spacer,0.586984,A1,Connecting Guard,0.29153,True,very_unstable,Below 150 minutes; scored out-of-sample relative to the 150+ minute core_v3 training population.
135187::2026::Green Bay,2026,135187,Josh Hines,Green Bay,Horz,39.7145,Combo G,135187,pid_team,74,15.4,63.93,0,13,22.9,0.0,20,33.300000000000004,4.28550005,0,20.0,100.0,20.0,100.0,9.85179,0.0,100.0,33.33333333333333,0,0,6.3,2.377922421281899,0.0,0.0,0.0,0.0,0.506921,0.206869,0.153985,0.132226,A4,Scoring Playmaker,0.506921,A5,Efficient Play Finisher,0.206869,True,very_unstable,Below 150 minutes; scored out-of-sample relative to the 150+ minute core_v3 training population.
134904::2026::Green Bay,2026,134904,Rob Stroud,Green Bay,Horz,62.3337,Wing F,134904,pid_team,77,33,53.39,2.4,13,4.5,71.39999999999999,50,20.0,0.24992500,9.8,46.666666666666664,64.29,30.0,33.33,5.47322,22.22222222222222,100.0,28.57142857142857,0,0,7.7,4.59253982997961,0.36052,0.0,0.0,0.0,0.63948,0.0,0.0,0.0,A4,Scoring Playmaker,0.63948,A0,Perimeter Spacer,0.36052,True,unstable,Below 150 minutes; scored out-of-sample relative to the 150+ minute core_v3 training population.
127956::2026::Hampton,2026,127956,Hamza Asadallah,Hampton,CAA,21.8554,Wing G,127956,pid_team,73,6.9,75,13.4,7.7,0,0.0,0,50.0,1.55540005,0,0.0,0.0,0.0,0.0,7.68151,0.0,100.0,100.0,0,0,0,3.0566724928392985,0.726036,0.0,0.176168,0.0,0.0,0.050056,0.0,0.047741,A0,Perimeter Spacer,0.726036,A2,Low-Production Player,0.176168,True,very_unstable,Below 150 minutes; scored out-of-sample relative to the 150+ minute core_v3 training population.
127954::2026::Hampton,2026,127954,Kellan Lewis,Hampton,CAA,36.7892,Wing F,127954,pid_team,72,19.2,43.8,7.8,4.4,0,50.0,150,50.0,0.66666670,33.7,0.0,0.0,50.0,0.0,4.34172,0.0,100.0,100.0,0,0,5.7,3.097963532775923,0.316342,0.0,0.560642,0.0,0.123016,0.0,0.0,0.0,A2,Low-Production Player,0.560642,A0,Perimeter Spacer,0.316342,True,very_unstable,Below 150 minutes; scored out-of-sample relative to the 150+ minute core_v3 training population.
76573::2026::Hampton,2026,76573,Peter Oduro,Hampton,CAA,141.864,Wing F,76573,pid_team,80,6.6,14.39,4.5,13.4,1.5,50.0,33.3,0.0,0.66666667,15.1,41.66666666666667,20.0,41.66666666666667,0.0,0.998597,100.0,0.0,100.0,0.9,0.5,4.3,4.620453391981052,0.021384,0.0,0.700789,0.0,0.0,0.0,0.0,0.277827,A2,Low-Production Player,0.700789,A7,Traditional Big,0.277827,True,borderline_unstable,Below 150 minutes; scored out-of-sample relative to the 150+ minute core_v3 training population.
134749::2026::Harvard,2026,134749,Avner Dror,Harvard,Ivy,2.05,C,134749,pid_team,81,42.4,0,87.9,0,0,0.0,0,0.0,0.00000000,0,100.0,0.0,0.0,0.0,0,0.0,0.0,0.0,0,0,0,2.427746341463415,0.440281,0.0,0.559719,0.0,0.0,0.0,0.0,0.0,A2,Low-Production Player,0.559719,A0,Perimeter Spacer,0.440281,True,very_unstable,Below 150 minutes; scored out-of-sample relative to the 150+ minute core_v3 training population.
127448::2026::Harvard,2026,127448,Dutch Dowdell,Harvard,Ivy,55.875,Combo G,127448,pid_team,78,14.7,46.88,0,13.2,3.4,0.0,0,33.300000000000004,1.00000000,7.7,0.0,0.0,6.25,0.0,16.9832,0.0,100.0,100.0,0,2.2,1.4,6.213240268456375,0.622812,0.377188,0.0,0.0,0.0,0.0,0.0,0.0,A0,Perimeter Spacer,0.622812,A1,Connecting Guard,0.377188,True,unstable,Below 150 minutes; scored out-of-sample relative to the 150+ minute core_v3 training population.
77462::2026::Harvard,2026,77462,Greg Cooper,Harvard,Ivy,7.575,Wing G,77462,pid_team,72,6,0,0,16.4,0,0.0,0,0.0,0.00000000,0,0.0,0.0,0.0,0.0,7.92549,0.0,0.0,0.0,0,0,0,5.038183498349835,0.43516,0.0,0.56484,0.0,0.0,0.0,0.0,0.0,A2,Low-Production Player,0.56484,A0,Perimeter Spacer,0.43516,True,very_unstable,Below 150 minutes; scored out-of-sample relative to the 150+ minute core_v3 training population.
134752::2026::Harvard,2026,134752,Joseph Quartey,Harvard,Ivy,16.5426,Pure PG,134752,pid_team,74,8.2,0,0,0,0,0.0,0,0.0,1.00000000,0,0.0,0.0,33.33333333333333,0.0,7.92549,0.0,0.0,0.0,0,3.8,4.9,5.869186222238342,0.026298,0.342402,0.455577,0.175723,0.0,0.0,0.0,0.0,A2,Low-Production Player,0.455577,A1,Connecting Guard,0.342402,True,very_unstable,Below 150 minutes; scored out-of-sample relative to the 150+ minute core_v3 training population.
128323::2026::Harvard,2026,128323,Kenan Parrish,Harvard,Ivy,105.4,Stretch 4,128323,pid_team,84,20.8,44.94,2.6,17.2,2,60.0,16.1,33.300000000000004,0.28567755,21.2,28.125,66.67,40.625,23.080000000000002,5.67393,83.33333333333334,100.0,76.92307692307693,3.5,1.9,4,6.711840607210625,0.37255,0.0,0.589844,0.0,0.0,0.037606,0.0,0.0,A2,Low-Production Player,0.589844,A0,Perimeter Spacer,0.37255,True,borderline_unstable,Below 150 minutes; scored out-of-sample relative to the 150+ minute core_v3 training population.
79022::2026::Harvard,2026,79022,Luca Ace-Nasteski,Harvard,Ivy,102.505,C,79022,pid_team,82,13.6,54.18,6.3,15.2,8.5,81.8,68.8,0.0,1.66666660,13.2,78.94736842105263,46.67,0.0,0.0,0.596542,85.71428571428571,0.0,88.88888888888889,1.1,1.2,5,6.215228525437784,0.246183,0.753817,0.0,0.0,0.0,0.0,0.0,0.0,A1,Connecting Guard,0.753817,A0,Perimeter Spacer,0.246183,True,borderline_unstable,Below 150 minutes; scored out-of-sample relative to the 150+ minute core_v3 training population.
78308::2026::Harvard,2026,78308,Payton Pitts,Harvard,Ivy,3.8,Combo G,78308,pid_team,74,14.5,0,0,0,0,0.0,0,0.0,0.00000000,0,100.0,0.0,0.0,0.0,0,0.0,0.0,0.0,0,0,0,2.706726315789474,0.251709,0.0,0.748291,0.0,0.0,0.0,0.0,0.0,A2,Low-Production Player,0.748291,A0,Perimeter Spacer,0.251709,True,very_unstable,Below 150 minutes; scored out-of-sample relative to the 150+ minute core_v3 training population.
134751::2026::Harvard,2026,134751,Ryan Sullivan,Harvard,Ivy,148.38,C,134751,pid_team,81,9.6,61.62,11.4,22.1,5.2,33.300000000000004,40,0.0,1.00000000,14.1,68.75,72.72999999999999,18.75,66.67,0.454741,100.0,0.0,90.9090909090909,10.2,1.8,4.6,8.077961989486454,0.0,0.388356,0.0,0.0,0.0,0.0,0.0,0.611644,A7,Traditional Big,0.611644,A1,Connecting Guard,0.388356,True,borderline_unstable,Below 150 minutes; scored out-of-sample relative to the 150+ minute core_v3 training population.
79372::2026::Harvard,2026,79372,Xavier Nesbitt,Harvard,Ivy,136.5417,Stretch 4,79372,pid_team,71,14.8,27.63,2,12.8,11.6,100.0,7.1,11.799999999999999,1.28559995,22.2,10.714285714285714,33.33,28.57142857142857,37.5,7.99265,0.0,100.0,50.0,0,0,3.3,4.7256479156184525,0.475327,0.0,0.255944,0.0,0.268728,0.0,0.0,0.0,A0,Perimeter Spacer,0.475327,A4,Scoring Playmaker,0.268728,True,borderline_unstable,Below 150 minutes; scored out-of-sample relative to the 150+ minute core_v3 training population.
127036::2026::Hawai'i,2026,127036,AJ Economou,Hawai'i,BW,97.6157,Wing G,127036,pid_team,77,17.2,35.3,2.4,7.9,1.8,57.099999999999994,28,11.799999999999999,0.11104075,26.9,19.230769230769234,80.0,11.538461538461538,33.33,9.86069,75.0,100.0,75.0,0,2.3,5.9,6.890899722073398,0.0,0.0,0.5745,0.4255,0.0,0.0,0.0,0.0,A2,Low-Production Player,0.5745,A3,Two-Way Guard,0.4255,True,unstable,Below 150 minutes; scored out-of-sample relative to the 150+ minute core_v3 training population.
135017::2026::Hawai'i,2026,135017,Hunter Carter,Hawai'i,BW,46.8852,Wing G,135017,pid_team,77,25.2,42.75,3,22.1,9.1,60.0,35.7,33.300000000000004,0.40016802,27.9,0.0,0.0,35.714285714285715,20.0,12.7983,0.0,33.33333333333333,25.0,0,2.8,3.1,7.4964381084009455,0.84608,0.0,0.15392,0.0,0.0,0.0,0.0,0.0,A0,Perimeter Spacer,0.84608,A2,Low-Production Player,0.15392,True,very_unstable,Below 150 minutes; scored out-of-sample relative to the 150+ minute core_v3 training population.
73270::2026::Hawai'i,2026,73270,Jalen Myers,Hawai'i,BW,53.5716,Wing F,73270,pid_team,80,17.9,34.48,2.2,8.2,9.9,50.0,37.5,0.0,2.00000000,11.6,50.0,50.0,31.25,20.0,3.07556,75.0,0.0,80.0,0,1,3.8,6.007212776919115,0.117373,0.882627,0.0,0.0,0.0,0.0,0.0,0.0,A1,Connecting Guard,0.882627,A0,Perimeter Spacer,0.117373,True,unstable,Below 150 minutes; scored out-of-sample relative to the 150+ minute core_v3 training population.
74188::2026::High Point,2026,74188,Babacar Diallo,High Point,BSth,105.0826,Scoring PG,74188,pid_team,78,11.7,57.46,2.3,7.2,8.3,33.300000000000004,64.3,0.0,1.66676105,20,64.28571428571429,66.67,21.428571428571427,100.0,1.16843,33.33333333333333,0.0,33.33333333333333,0,6.4,5.8,8.35651192490479,0.0,0.0,0.0,0.03106,0.0,0.0,0.014474,0.954466,A7,Traditional Big,0.954466,A3,Two-Way Guard,0.03106,True,borderline_unstable,Below 150 minutes; scored out-of-sample relative to the 150+ minute core_v3 training population.
128392::2026::High Point,2026,128392,Birgir Irving,High Point,BSth,13.3,Scoring PG,128392,pid_team,79,35.9,5.97,0,0,11.8,20.0,83.3,0.0,0.50000000,13.3,33.33333333333333,0.0,16.666666666666664,0.0,14.0212,0.0,0.0,0.0,0,0,0,3.0242105263157892,0.408973,0.0,0.417661,0.0,0.173366,0.0,0.0,0.0,A2,Low-Production Player,0.417661,A0,Perimeter Spacer,0.408973,True,very_unstable,Below 150 minutes; scored out-of-sample relative to the 150+ minute core_v3 training population.
127403::2026::High Point,2026,127403,David Fonville,High Point,BSth,26.036,Pure PG,127403,pid_team,75,10.1,0,5.2,5.3,6.4,0.0,0,0.0,1.45439994,0,60.0,0.0,20.0,0.0,2.62898,0.0,0.0,0.0,0,7.8,3.7,8.123091104624367,0.08711,0.274054,0.638835,0.0,0.0,0.0,0.0,0.0,A2,Low-Production Player,0.638835,A1,Connecting Guard,0.274054,True,very_unstable,Below 150 minutes; scored out-of-sample relative to the 150+ minute core_v3 training population.
127029::2026::High Point,2026,127029,Josh Ibukunoluwa,High Point,BSth,84.7444,C,127029,pid_team,82,16.3,61.92,13.3,13.7,6.9,72.7,57.9,0.0,3.25000004,0,82.6086956521739,57.89,0.0,0.0,0,54.54545454545454,0.0,60.0,3.1,1.5,5.3,6.130104172075087,0.0,1.0,0.0,0.0,0.0,0.0,0.0,0.0,A1,Connecting Guard,1.0,A0,Perimeter Spacer,0.0,True,unstable,Below 150 minutes; scored out-of-sample relative to the 150+ minute core_v3 training population.
133802::2026::Hofstra,2026,133802,Alex Tsynkevich,Hofstra,CAA,59.4118,C,133802,pid_team,82,10.3,44.69,10.7,18,3.2,100.0,25,0.0,0.50000000,11.1,87.5,42.86,12.5,0.0,0,66.66666666666666,0.0,66.66666666666666,2.2,1.1,4.5,6.683601574098076,0.730863,0.207291,0.061845,0.0,0.0,0.0,0.0,0.0,A0,Perimeter Spacer,0.730863,A1,Connecting Guard,0.207291,True,unstable,Below 150 minutes; scored out-of-sample relative to the 150+ minute core_v3 training population.
77293::2026::Holy Cross,2026,77293,Jaden Kirkwood,Holy Cross,Pat,89.823,PF/C,77293,pid_team,77,7.6,28.57,3.4,10.5,7.3,0.0,0,0.0,2.66628911,22.4,28.57142857142857,50.0,14.285714285714285,100.0,3.37815,0.0,0.0,0.0,3.2,2.6,3.9,5.51137236565245,0.0,0.0,0.558749,0.0,0.0,0.0,0.0,0.441251,A2,Low-Production Player,0.558749,A7,Traditional Big,0.441251,True,unstable,Below 150 minutes; scored out-of-sample relative to the 150+ minute core_v3 training population.
135342::2026::Holy Cross,2026,135342,Jude Haigh,Holy Cross,Pat,75.6459,Wing G,135342,pid_team,77,12.7,30,2.1,6.4,3.1,0.0,0,23.1,1.33318893,0,0.0,0.0,13.333333333333334,0.0,13.2663,0.0,66.66666666666666,66.66666666666666,1.9,0,4.8,3.634348986528021,0.433357,0.475653,0.09099,0.0,0.0,0.0,0.0,0.0,A1,Connecting Guard,0.475653,A0,Perimeter Spacer,0.433357,True,unstable,Below 150 minutes; scored out-of-sample relative to the 150+ minute core_v3 training population.
134174::2026::Holy Cross,2026,134174,Tim Finau,Holy Cross,Pat,13.95,PF/C,134174,pid_team,83,18.4,30.3,0,28.1,0,50.0,50,0.0,0.00000000,0,75.0,33.33,0.0,0.0,4.45301,100.0,0.0,100.0,0,0,9,6.148702508960572,0.840429,0.088966,0.070605,0.0,0.0,0.0,0.0,0.0,A0,Perimeter Spacer,0.840429,A1,Connecting Guard,0.088966,True,very_unstable,Below 150 minutes; scored out-of-sample relative to the 150+ minute core_v3 training population.
78172::2026::Houston,2026,78172,Cedric Lath,Houston,B12,82.3998,C,78172,pid_team,82,6.3,71.94,10.9,8.4,1.9,100.0,33.3,0.0,1.00000000,11.9,75.0,66.67,0.0,0.0,0,75.0,0.0,83.33333333333334,3.2,0.7,7.3,5.759237279702136,0.16522,0.339223,0.0,0.0,0.0,0.393358,0.0,0.102199,A5,Efficient Play Finisher,0.393358,A1,Connecting Guard,0.339223,True,unstable,Below 150 minutes; scored out-of-sample relative to the 150+ minute core_v3 training population.
78926::2026::Houston,2026,78926,Jacob McFarland,Houston,B12,11.0,C,78926,pid_team,83,7.6,0,10.2,21,0,0.0,100,0.0,0.00000000,0,100.0,0.0,0.0,0.0,0,0.0,0.0,0.0,0,5.6,3.6,10.099745454545454,0.048931,0.0,0.64032,0.0,0.0,0.0,0.0,0.310749,A2,Low-Production Player,0.64032,A7,Traditional Big,0.310749,True,very_unstable,Below 150 minutes; scored out-of-sample relative to the 150+ minute core_v3 training population.
78922::2026::Houston,2026,78922,Kordel Jefferson,Houston,B12,11.7,PF/C,78922,pid_team,75,24.8,40,0,19.7,16.4,0.0,0,0.0,1.00000000,21.3,0.0,0.0,60.0,66.67,10.3984,0.0,0.0,0.0,0,0,10.3,6.567179487179487,0.0,0.0,0.57663,0.0,0.42337,0.0,0.0,0.0,A2,Low-Production Player,0.57663,A4,Scoring Playmaker,0.42337,True,very_unstable,Below 150 minutes; scored out-of-sample relative to the 150+ minute core_v3 training population.
76752::2026::Houston Christian,2026,76752,Ahjany Lee,Houston Christian,Slnd,82.08,C,76752,pid_team,80,8.4,71.43,11.5,6.9,2.7,0.0,0,0.0,0.33333333,30,62.5,60.0,25.0,100.0,0,66.66666666666666,0.0,66.66666666666666,9.4,0,7.1,4.977826510721248,0.0,0.0,0.631524,0.0,0.0,0.0,0.0,0.368476,A2,Low-Production Player,0.631524,A7,Traditional Big,0.368476,True,unstable,Below 150 minutes; scored out-of-sample relative to the 150+ minute core_v3 training population.
134367::2026::Houston Christian,2026,134367,Bryson Monroe,Houston Christian,Slnd,35.4662,Wing G,134367,pid_team,73,5.1,50,0,4.3,0,0.0,0,0.0,0.00000000,40.8,50.0,100.0,0.0,0.0,2.05069,100.0,0.0,100.0,3.9,0,1.4,3.5499828005255707,0.0,0.0,0.521311,0.0,0.0,0.426858,0.0,0.051832,A2,Low-Production Player,0.521311,A5,Efficient Play Finisher,0.426858,True,very_unstable,Below 150 minutes; scored out-of-sample relative to the 150+ minute core_v3 training population.
134501::2026::Houston Christian,2026,134501,Caleb Gaston,Houston Christian,Slnd,104.5924,Stretch 4,134501,pid_team,79,11.6,41.14,6.3,11.9,3.9,62.5,66.7,0.0,0.33320001,22.1,33.33333333333333,100.0,8.333333333333332,0.0,4.48588,75.0,0.0,75.0,2.4,0.6,5.4,4.979023332479224,0.0,0.0,0.091704,0.0,0.0,0.519542,0.0,0.388754,A5,Efficient Play Finisher,0.519542,A7,Traditional Big,0.388754,True,borderline_unstable,Below 150 minutes; scored out-of-sample relative to the 150+ minute core_v3 training population.
78658::2026::Houston Christian,2026,78658,Obadiah Curtis,Houston Christian,Slnd,19.05,Wing G,78658,pid_team,76,27.7,44.03,0,29.1,0,50.0,28.6,40.0,0.00000000,25.5,14.285714285714285,0.0,14.285714285714285,0.0,17.0891,0.0,50.0,50.0,0,3.5,4.6,8.059317585301837,0.995089,0.0,0.004911,0.0,0.0,0.0,0.0,0.0,A0,Perimeter Spacer,0.995089,A2,Low-Production Player,0.004911,True,very_unstable,Below 150 minutes; scored out-of-sample relative to the 150+ minute core_v3 training population.
134815::2026::Howard,2026,134815,BJ Powell,Howard,MEAC,72.9,Scoring PG,134815,pid_team,72,22.1,46.37,0,6,18.3,37.5,38.1,40.0,1.16684994,13.5,66.66666666666666,35.709999999999994,9.523809523809524,100.0,4.94159,60.0,100.0,55.55555555555556,0,1,8.3,4.261179698216735,0.0,0.186236,0.359691,0.0,0.0,0.0,0.0,0.454073,A7,Traditional Big,0.454073,A2,Low-Production Player,0.359691,True,unstable,Below 150 minutes; scored out-of-sample relative to the 150+ minute core_v3 training population.
134817::2026::Howard,2026,134817,Jeremiah Johnson,Howard,MEAC,124.6229,Scoring PG,134817,pid_team,75,12.1,34.66,3.5,4.5,5.2,50.0,23.1,25.0,2.33284453,0,42.30769230769231,36.36,11.538461538461538,0.0,6.7158,25.0,100.0,57.14285714285714,0,8.4,7,8.47985402361845,0.077881,0.922119,0.0,0.0,0.0,0.0,0.0,0.0,A1,Connecting Guard,0.922119,A0,Perimeter Spacer,0.077881,True,borderline_unstable,Below 150 minutes; scored out-of-sample relative to the 150+ minute core_v3 training population.
134813::2026::Howard,2026,134813,Julian Johnson,Howard,MEAC,44.16,C,134813,pid_team,81,16.4,61.45,3.9,7.6,7,50.0,25,0.0,0.33349998,22.9,62.5,80.0,37.5,33.33,0,100.0,0.0,80.0,7.1,1.9,7.8,5.032717391304347,0.0,0.0,0.166788,0.0,0.033704,0.30429,0.0,0.495218,A7,Traditional Big,0.495218,A5,Efficient Play Finisher,0.30429,True,very_unstable,Below 150 minutes; scored out-of-sample relative to the 150+ minute core_v3 training population.
134812::2026::Howard,2026,134812,River Smith,Howard,MEAC,16.8,PF/C,134812,pid_team,70,16.7,76.92,9.2,9,0,50.0,200,0.0,0.20000000,53.4,100.0,100.0,0.0,0.0,0,100.0,0.0,100.0,0,0,12.3,4.04047619047619,0.0,0.0,0.01982,0.0,0.0,0.0,0.0,0.98018,A7,Traditional Big,0.98018,A2,Low-Production Player,0.01982,True,very_unstable,Below 150 minutes; scored out-of-sample relative to the 150+ minute core_v3 training population.
134814::2026::Howard,2026,134814,Shane Frazier,Howard,MEAC,17.5272,Stretch 4,134814,pid_team,77,16.6,25,0,8.5,13.2,0.0,0,0.0,1.00000000,25.4,25.0,100.0,25.0,0.0,8.44563,100.0,0.0,100.0,0,0,2.9,3.722693870099046,0.0,0.0,0.561218,0.0,0.0,0.438782,0.0,0.0,A2,Low-Production Player,0.561218,A5,Efficient Play Finisher,0.438782,True,very_unstable,Below 150 minutes; scored out-of-sample relative to the 150+ minute core_v3 training population.
134816::2026::Howard,2026,134816,Stefan Isailovic,Howard,MEAC,26.9253,Wing F,134816,pid_team,80,14,46.51,0,5.4,0,60.0,166.7,0.0,0.00000000,19,33.33333333333333,100.0,33.33333333333333,0.0,2.73241,100.0,0.0,100.0,0,0,3.7,3.526720222244506,0.0,0.0,0.0,0.0,0.0,0.559794,0.0,0.440206,A5,Efficient Play Finisher,0.559794,A7,Traditional Big,0.440206,True,very_unstable,Below 150 minutes; scored out-of-sample relative to the 150+ minute core_v3 training population.
127872::2026::IU Indy,2026,127872,Ajay Holubar,IU Indy,Horz,28.7,Wing G,127872,pid_team,75,15.6,33.33,0,0,0,0.0,0,0.0,0.66656668,57.7,33.33333333333333,100.0,33.33333333333333,0.0,2.96513,100.0,0.0,100.0,0,0,2.2,2.154773519163763,0.0,0.0,1.0,0.0,0.0,0.0,0.0,0.0,A2,Low-Production Player,1.0,A0,Perimeter Spacer,0.0,True,very_unstable,Below 150 minutes; scored out-of-sample relative to the 150+ minute core_v3 training population.
134763::2026::IU Indy,2026,134763,Corey Boston,IU Indy,Horz,16.357,PF/C,134763,pid_team,70,25.4,20.2,10.2,0,0,100.0,50,0.0,0.25008752,20.3,25.0,0.0,25.0,0.0,9.88377,0.0,0.0,0.0,0,0,0,2.1497389496851502,0.525474,0.0,0.224347,0.0,0.250179,0.0,0.0,0.0,A0,Perimeter Spacer,0.525474,A4,Scoring Playmaker,0.250179,True,very_unstable,Below 150 minutes; scored out-of-sample relative to the 150+ minute core_v3 training population.
133682::2026::IU Indy,2026,133682,Gabe Stewart,IU Indy,Horz,57.667,PF/C,133682,pid_team,81,18.3,29.67,17.8,28,0,50.0,42.9,25.0,0.66680002,16.4,37.5,33.33,25.0,0.0,4.04336,100.0,100.0,100.0,5.9,0,4.5,6.985277541748312,0.446008,0.058059,0.495934,0.0,0.0,0.0,0.0,0.0,A2,Low-Production Player,0.495934,A0,Perimeter Spacer,0.446008,True,unstable,Below 150 minutes; scored out-of-sample relative to the 150+ minute core_v3 training population.
135190::2026::IU Indy,2026,135190,Lav Cvetkovic',IU Indy,Horz,38.75,Wing F,135190,pid_team,79,11.7,26.94,10.7,16.8,0,33.300000000000004,50,20.0,2.00120050,0,16.666666666666664,0.0,0.0,0.0,8.8954,0.0,100.0,100.0,0,1.8,6.7,5.220903225806452,0.464293,0.0,0.195696,0.0,0.0,0.0,0.0,0.340011,A0,Perimeter Spacer,0.464293,A7,Traditional Big,0.340011,True,very_unstable,Below 150 minutes; scored out-of-sample relative to the 150+ minute core_v3 training population.
135097::2026::Idaho,2026,135097,Aidan Sevilla,Idaho,BSky,117.13,Combo G,135097,pid_team,72,17.1,47.29,4.5,8.4,16.8,80.0,21.7,20.0,2.12507190,20.8,39.130434782608695,55.559999999999995,17.391304347826086,50.0,5.91971,0.0,0.0,0.0,0,1.8,4.5,5.2223341586271665,0.0,0.529834,0.0,0.0,0.470166,0.0,0.0,0.0,A1,Connecting Guard,0.529834,A4,Scoring Playmaker,0.470166,True,borderline_unstable,Below 150 minutes; scored out-of-sample relative to the 150+ minute core_v3 training population.
127548::2026::Idaho,2026,127548,Ewan Steele,Idaho,BSky,77.52,PF/C,127548,pid_team,81,10.5,25.16,2.5,20.7,14.3,50.0,28.6,33.300000000000004,6.99700167,12.2,42.857142857142854,0.0,14.285714285714285,0.0,3.86522,0.0,100.0,100.0,4.8,0,6.2,4.212425180598555,0.329112,0.0,0.580258,0.0,0.0,0.0,0.0,0.09063,A2,Low-Production Player,0.580258,A0,Perimeter Spacer,0.329112,True,unstable,Below 150 minutes; scored out-of-sample relative to the 150+ minute core_v3 training population.
78647::2026::Idaho,2026,78647,Kristian Gonzalez,Idaho,BSky,18.1,Wing G,78647,pid_team,75,25.1,95.49,0,6.5,0,100.0,37.5,75.0,0.00000000,25.6,25.0,50.0,25.0,100.0,12.516,0.0,100.0,50.0,0,0,0,4.700508287292817,0.0,0.0,0.0,0.0,0.507987,0.492013,0.0,0.0,A4,Scoring Playmaker,0.507987,A5,Efficient Play Finisher,0.492013,True,very_unstable,Below 150 minutes; scored out-of-sample relative to the 150+ minute core_v3 training population.
78931::2026::Idaho St.,2026,78931,Jaedyn Brown,Idaho St.,BSky,12.2666,Combo G,78931,pid_team,76,11.1,50,0,0,0,0.0,0,0.0,1.00000000,0,100.0,50.0,0.0,0.0,0,100.0,0.0,100.0,0,0,0,2.1791564084587414,0.194183,0.438572,0.186194,0.0,0.0,0.181052,0.0,0.0,A1,Connecting Guard,0.438572,A0,Perimeter Spacer,0.194183,True,very_unstable,Below 150 minutes; scored out-of-sample relative to the 150+ minute core_v3 training population.
133736::2026::Idaho St.,2026,133736,Kasen Carpenter,Idaho St.,BSky,9.1875,PF/C,133736,pid_team,77,35,25.64,15.1,0,0,50.0,200,0.0,0.00000000,62.3,0.0,0.0,0.0,0.0,7.15481,0.0,0.0,0.0,0,0,0,3.095984761904762,0.0,0.0,0.581706,0.03113,0.387164,0.0,0.0,0.0,A2,Low-Production Player,0.581706,A4,Scoring Playmaker,0.387164,True,very_unstable,Below 150 minutes; scored out-of-sample relative to the 150+ minute core_v3 training population.
133738::2026::Idaho St.,2026,133738,Landen Birley,Idaho St.,BSky,30.6,Stretch 4,133738,pid_team,76,6.5,50,0,8.3,11.2,0.0,0,0.0,1.80000003,0,25.0,100.0,25.0,100.0,3.85259,0.0,0.0,0.0,3.6,0,1.3,5.012156862745098,0.0,0.895215,0.0,0.0,0.104785,0.0,0.0,0.0,A1,Connecting Guard,0.895215,A4,Scoring Playmaker,0.104785,True,very_unstable,Below 150 minutes; scored out-of-sample relative to the 150+ minute core_v3 training population.
77664::2026::Illinois,2026,77664,AJ Redd,Illinois,B10,28.7001,Wing G,77664,pid_team,75,24.4,54.15,8.3,11.2,0,66.7,54.5,33.300000000000004,0.00000000,8.8,54.54545454545454,66.67,18.181818181818183,0.0,6.46111,50.0,100.0,60.0,0,0,2.8,5.335744474757926,0.641721,0.0,0.0,0.0,0.154746,0.203533,0.0,0.0,A0,Perimeter Spacer,0.641721,A5,Efficient Play Finisher,0.203533,True,very_unstable,Below 150 minutes; scored out-of-sample relative to the 150+ minute core_v3 training population.
135434::2026::Illinois,2026,135434,Blake Fagbemi,Illinois,B10,40.1005,Wing G,135434,pid_team,72,9.9,20,3,26.8,14.8,0.0,0,0.0,2.00000000,31,83.33333333333334,20.0,0.0,0.0,0,100.0,0.0,100.0,0,1.5,1,8.303058565354545,0.0,0.442905,0.557095,0.0,0.0,0.0,0.0,0.0,A2,Low-Production Player,0.557095,A1,Connecting Guard,0.442905,True,very_unstable,Below 150 minutes; scored out-of-sample relative to the 150+ minute core_v3 training population.
134497::2026::Illinois,2026,134497,Brandon Lee,Illinois,B10,75.2994,Wing G,134497,pid_team,76,20.3,59.7,3.2,5.7,6.7,93.30000000000001,83.3,0.0,0.60007203,20.1,66.66666666666666,41.67,27.77777777777778,60.0,0.818407,60.0,0.0,50.0,0,1.6,7.4,5.800843034605853,0.258637,0.0,0.0,0.0,0.741363,0.0,0.0,0.0,A4,Scoring Playmaker,0.741363,A0,Perimeter Spacer,0.258637,True,unstable,Below 150 minutes; scored out-of-sample relative to the 150+ minute core_v3 training population.
127109::2026::Illinois,2026,127109,Jason Jakstys,Illinois,B10,47.7,C,127109,pid_team,82,10.9,76.43,17.5,22.5,6.8,66.7,120,0.0,1.99980006,0,62.5,80.0,0.0,0.0,0,75.0,0.0,85.71428571428571,9.5,1.3,5.9,9.27798742138365,0.0,0.469706,0.0,0.0,0.0,0.0,0.0,0.530294,A7,Traditional Big,0.530294,A1,Connecting Guard,0.469706,True,very_unstable,Below 150 minutes; scored out-of-sample relative to the 150+ minute core_v3 training population.
134562::2026::Illinois,2026,134562,Mihailo Petrovic,Illinois,B10,108.1005,Scoring PG,134562,pid_team,75,26.3,39.9,5.5,8.9,33,83.3,16.7,20.0,1.61546327,28,47.22222222222222,47.06,25.0,22.220000000000002,5.68338,25.0,50.0,25.0,0,1.7,2.6,6.144837442935047,0.223386,0.0,0.5424,0.0,0.234214,0.0,0.0,0.0,A2,Low-Production Player,0.5424,A4,Scoring Playmaker,0.234214,True,borderline_unstable,Below 150 minutes; scored out-of-sample relative to the 150+ minute core_v3 training population.
135574::2026::Illinois Chicago,2026,135574,Tai Walters-Whitaker,Illinois Chicago,MVC,67.2529,Combo G,135574,pid_team,74,14.6,32.14,2.2,6.9,13.6,0.0,0,33.300000000000004,4.00000000,15.8,35.714285714285715,40.0,42.857142857142854,16.669999999999998,3.41723,0.0,100.0,25.0,2.6,2.3,3.1,4.8238455144685215,0.0,0.0,0.832759,0.0,0.167241,0.0,0.0,0.0,A2,Low-Production Player,0.832759,A4,Scoring Playmaker,0.167241,True,unstable,Below 150 minutes; scored out-of-sample relative to the 150+ minute core_v3 training population.
78103::2026::Illinois St.,2026,78103,Cameron Barnes,Illinois St.,MVC,80.862,PF/C,78103,pid_team,82,9.6,33.33,9.2,17.5,7.3,0.0,0,0.0,0.85701018,37.3,42.857142857142854,66.67,28.57142857142857,0.0,0.895165,0.0,0.0,0.0,3.3,0,2.4,5.388291162721674,0.0,0.0,0.864152,0.0,0.0,0.0,0.0,0.135848,A2,Low-Production Player,0.864152,A7,Traditional Big,0.135848,True,unstable,Below 150 minutes; scored out-of-sample relative to the 150+ minute core_v3 training population.
78370::2026::Illinois St.,2026,78370,Ty Blake,Illinois St.,MVC,17.0625,Wing G,78370,pid_team,76,19.6,33.33,15.9,0,0,0.0,0,0.0,0.00000000,0,50.0,66.67,33.33333333333333,0.0,3.8248,50.0,0.0,50.0,0,0,0,3.6067399267399267,0.0,0.0,0.582288,0.0,0.0,0.0,0.0,0.417712,A2,Low-Production Player,0.582288,A7,Traditional Big,0.417712,True,very_unstable,Below 150 minutes; scored out-of-sample relative to the 150+ minute core_v3 training population.
75982::2026::Incarnate Word,2026,75982,Amani Drummond,Incarnate Word,Slnd,72.25,Wing G,75982,pid_team,72,16.8,42.47,10.9,10.4,0,75.0,16.7,23.1,1.00000000,0,29.166666666666668,28.57,16.666666666666664,75.0,10.5306,0.0,100.0,37.5,0,0.8,4.3,5.198112110726643,0.479074,0.184077,0.0,0.0,0.056172,0.0,0.094725,0.185952,A0,Perimeter Spacer,0.479074,A7,Traditional Big,0.185952,True,unstable,Below 150 minutes; scored out-of-sample relative to the 150+ minute core_v3 training population.
135077::2026::Incarnate Word,2026,135077,Tyler Simon,Incarnate Word,Slnd,19.8,Combo G,135077,pid_team,77,5.5,0,0,0,0,0.0,50,0.0,0.00000000,0,50.0,0.0,50.0,0.0,0,0.0,0.0,0.0,0,3.1,6.1,5.5165858585858585,0.0,0.0,0.70526,0.29474,0.0,0.0,0.0,0.0,A2,Low-Production Player,0.70526,A3,Two-Way Guard,0.29474,True,very_unstable,Below 150 minutes; scored out-of-sample relative to the 150+ minute core_v3 training population.
134282::2026::Indiana,2026,134282,Aleksa Ristic,Indiana,B10,30.3,Combo G,134282,pid_team,75,12.1,54.79,0,3.9,0,0.0,20,66.7,0.00000000,32.9,20.0,0.0,20.0,0.0,6.08236,0.0,100.0,100.0,0,0,5.3,4.329465346534654,0.300163,0.0,0.699837,0.0,0.0,0.0,0.0,0.0,A2,Low-Production Player,0.699837,A0,Perimeter Spacer,0.300163,True,very_unstable,Below 150 minutes; scored out-of-sample relative to the 150+ minute core_v3 training population.
135081::2026::Indiana,2026,135081,Drew Snively,Indiana,B10,17.1,Wing F,135081,pid_team,77,16.6,40,0,27.7,0,0.0,0,0.0,0.00000000,21.3,40.0,50.0,40.0,50.0,3.58703,0.0,0.0,50.0,0,0,0,7.0403508771929815,0.0,0.0,0.196178,0.0,0.070658,0.0,0.54299,0.190175,A6,Two-Way Forward,0.54299,A2,Low-Production Player,0.196178,True,very_unstable,Below 150 minutes; scored out-of-sample relative to the 150+ minute core_v3 training population.
77760::2026::Indiana,2026,77760,Ian Stephens,Indiana,B10,20.7996,Combo G,77760,pid_team,77,4.3,102.56,0,5.7,0,100.0,200,0.0,0.00000000,0,100.0,100.0,0.0,0.0,0,100.0,0.0,100.0,0,2.9,0,6.323563914690667,0.0,0.0,0.0,0.0,0.0,0.786648,0.0,0.213352,A5,Efficient Play Finisher,0.786648,A7,Traditional Big,0.213352,True,very_unstable,Below 150 minutes; scored out-of-sample relative to the 150+ minute core_v3 training population.
135222::2026::Indiana,2026,135222,Tryce Grensing,Indiana,B10,16.3999,PF/C,135222,pid_team,72,3.8,0,8.1,0,0,0.0,0,0.0,0.00000000,0,0.0,0.0,0.0,0.0,3.58703,0.0,0.0,0.0,0,0,4.9,3.849730791041409,0.270017,0.0,0.729983,0.0,0.0,0.0,0.0,0.0,A2,Low-Production Player,0.729983,A0,Perimeter Spacer,0.270017,True,very_unstable,Below 150 minutes; scored out-of-sample relative to the 150+ minute core_v3 training population.
128338::2026::Indiana St.,2026,128338,Caden Huttenlocker,Indiana St.,MVC,15.8669,Wing G,128338,pid_team,74,25.7,25,11.2,0,0,0.0,0,20.0,0.77770003,0,16.666666666666664,0.0,0.0,0.0,26.444,0.0,100.0,100.0,0,0,0,2.3060887760053945,0.932646,0.0,0.067354,0.0,0.0,0.0,0.0,0.0,A0,Perimeter Spacer,0.932646,A2,Low-Production Player,0.067354,True,very_unstable,Below 150 minutes; scored out-of-sample relative to the 150+ minute core_v3 training population.
77965::2026::Indiana St.,2026,77965,Cooper Bean,Indiana St.,MVC,69.618,Scoring PG,77965,pid_team,76,16.4,46.33,4.1,3.8,21.7,0.0,16.7,22.2,1.50014166,24.6,16.666666666666664,100.0,8.333333333333332,100.0,9.11475,100.0,100.0,100.0,0,3,3.5,5.09923295699388,0.0,0.265139,0.734861,0.0,0.0,0.0,0.0,0.0,A2,Low-Production Player,0.734861,A1,Connecting Guard,0.265139,True,unstable,Below 150 minutes; scored out-of-sample relative to the 150+ minute core_v3 training population.
77789::2026::Indiana St.,2026,77789,Hunter Harding,Indiana St.,MVC,85.5696,Stretch 4,77789,pid_team,84,11.9,81.94,1.5,14.2,12.1,33.300000000000004,25,60.0,1.00000000,31.5,46.15384615384615,83.33,7.6923076923076925,100.0,3.71869,100.0,100.0,100.0,2.6,2.3,8.2,6.921149567135993,0.0,0.255202,0.0,0.0,0.0,0.744798,0.0,0.0,A5,Efficient Play Finisher,0.744798,A1,Connecting Guard,0.255202,True,unstable,Below 150 minutes; scored out-of-sample relative to the 150+ minute core_v3 training population.
128339::2026::Indiana St.,2026,128339,Jayan Walker,Indiana St.,MVC,63.7362,Stretch 4,128339,pid_team,78,23.2,37.62,2.6,16.6,3.8,100.0,13.3,22.2,0.66670739,32.3,13.333333333333334,0.0,26.666666666666668,50.0,11.2735,0.0,100.0,50.0,0,0,7.7,4.337127095747785,0.556091,0.0,0.135463,0.055349,0.253096,0.0,0.0,0.0,A0,Perimeter Spacer,0.556091,A4,Scoring Playmaker,0.253096,True,unstable,Below 150 minutes; scored out-of-sample relative to the 150+ minute core_v3 training population.
135491::2026::Indiana St.,2026,135491,Sivert Wærstad Nordheim,Indiana St.,MVC,69.5215,Wing G,135491,pid_team,78,18.7,40.13,2,5.7,6.5,100.0,14.3,11.1,2.00190117,5.3,33.33333333333333,71.43,23.809523809523807,20.0,8.92486,40.0,100.0,57.14285714285714,1.7,1,2,4.398696806024036,0.316608,0.633476,0.0,0.0,0.0,0.049916,0.0,0.0,A1,Connecting Guard,0.633476,A0,Perimeter Spacer,0.316608,True,unstable,Below 150 minutes; scored out-of-sample relative to the 150+ minute core_v3 training population.
134436::2026::Indiana St.,2026,134436,Zyair Greene,Indiana St.,MVC,21.525,PF/C,134436,pid_team,75,13.6,16.67,0,11.6,0,0.0,0,0.0,0.00000000,0,16.666666666666664,100.0,0.0,0.0,14.8748,100.0,0.0,100.0,0,0,6.3,4.616585365853659,0.0,0.0,0.135035,0.0,0.0,0.864965,0.0,0.0,A5,Efficient Play Finisher,0.864965,A2,Low-Production Player,0.135035,True,very_unstable,Below 150 minutes; scored out-of-sample relative to the 150+ minute core_v3 training population.
127329::2026::Iona,2026,127329,Connor Horan,Iona,MAAC,9.3,C,127329,pid_team,80,15,0,12.3,0,0,0.0,0,0.0,0.00000000,0,0.0,0.0,33.33333333333333,0.0,12.8128,0.0,0.0,0.0,0,0,4.3,3.728933333333333,0.378607,0.0,0.621393,0.0,0.0,0.0,0.0,0.0,A2,Low-Production Player,0.621393,A0,Perimeter Spacer,0.378607,True,very_unstable,Below 150 minutes; scored out-of-sample relative to the 150+ minute core_v3 training population.
78331::2026::Iona,2026,78331,Matt Reed,Iona,MAAC,115.4997,Stretch 4,78331,pid_team,82,15.4,44.09,8.9,12.3,3.1,50.0,37,21.4,0.66628899,9.9,39.285714285714285,63.63999999999999,7.142857142857142,0.0,7.05425,57.14285714285714,100.0,72.72727272727273,0,0.5,6.6,5.850681863242934,0.497048,0.397614,0.105337,0.0,0.0,0.0,0.0,0.0,A0,Perimeter Spacer,0.497048,A1,Connecting Guard,0.397614,True,borderline_unstable,Below 150 minutes; scored out-of-sample relative to the 150+ minute core_v3 training population.
134223::2026::Iona,2026,134223,Oscar Hourruitiner,Iona,MAAC,9.9,PF/C,134223,pid_team,72,12.5,0,0,22.1,0,0.0,0,0.0,0.00000000,0,0.0,0.0,66.66666666666666,0.0,5.60561,0.0,0.0,0.0,0,0,4,6.78048484848485,0.261705,0.0,0.738295,0.0,0.0,0.0,0.0,0.0,A2,Low-Production Player,0.738295,A0,Perimeter Spacer,0.261705,True,very_unstable,Below 150 minutes; scored out-of-sample relative to the 150+ minute core_v3 training population.
127616::2026::Iowa,2026,127616,Jacob Koch,Iowa,B10,10.3,Pure PG,127616,pid_team,74,15.2,33.33,0,0,17.6,0.0,0,0.0,1.00000001,0,0.0,0.0,66.66666666666666,50.0,6.13714,0.0,0.0,0.0,0,0,0,3.4866291262135922,0.213271,0.0,0.394437,0.0,0.392292,0.0,0.0,0.0,A2,Low-Production Player,0.394437,A4,Scoring Playmaker,0.392292,True,very_unstable,Below 150 minutes; scored out-of-sample relative to the 150+ minute core_v3 training population.
126573::2026::Iowa,2026,126573,Joey Matteoni,Iowa,B10,39.9003,C,126573,pid_team,81,25.9,51.75,13.7,10.4,16.8,33.300000000000004,20,0.0,1.50000012,12.3,41.17647058823529,71.43,47.05882352941176,37.5,0,80.0,0.0,80.0,0,3.2,7,6.68758881512169,0.0,0.759692,0.0,0.0,0.240308,0.0,0.0,0.0,A1,Connecting Guard,0.759692,A4,Scoring Playmaker,0.240308,True,very_unstable,Below 150 minutes; scored out-of-sample relative to the 150+ minute core_v3 training population.
134637::2026::Iowa,2026,134637,Trevin Jirak,Iowa,B10,136.7004,Stretch 4,134637,pid_team,83,29.1,57.06,2,14.2,26.9,70.39999999999999,71.1,16.7,1.11759996,27.2,35.8974358974359,85.71,15.384615384615385,50.0,8.40521,83.33333333333334,100.0,84.21052631578947,1,0.9,5.6,5.714569964681888,0.097743,0.098421,0.0,0.0,0.481296,0.322541,0.0,0.0,A4,Scoring Playmaker,0.481296,A5,Efficient Play Finisher,0.322541,True,borderline_unstable,Below 150 minutes; scored out-of-sample relative to the 150+ minute core_v3 training population.
134116::2026::Iowa St.,2026,134116,Anthony Rise,Iowa St.,B12,14.4001,Wing G,134116,pid_team,72,14.9,25,0,50.7,0,0.0,0,0.0,0.00000000,27,50.0,50.0,50.0,0.0,0,0.0,0.0,0.0,0,0,2.8,9.7630710897841,0.0,0.0,0.051196,0.400901,0.0,0.0,0.547902,0.0,A6,Two-Way Forward,0.547902,A3,Two-Way Guard,0.400901,True,very_unstable,Below 150 minutes; scored out-of-sample relative to the 150+ minute core_v3 training population.
78585::2026::Iowa St.,2026,78585,Cade Kelderman,Iowa St.,B12,72.7002,Pure PG,78585,pid_team,73,12.1,57.97,1.6,5,26.2,50.0,80,40.0,12.98920852,6.6,0.0,0.0,0.0,0.0,8.00625,0.0,75.0,75.0,0,4.8,3.3,7.872000352131081,0.0,0.991789,0.0,0.008211,0.0,0.0,0.0,0.0,A1,Connecting Guard,0.991789,A3,Two-Way Guard,0.008211,True,unstable,Below 150 minutes; scored out-of-sample relative to the 150+ minute core_v3 training population.
76095::2026::Iowa St.,2026,76095,Eric Mulder,Iowa St.,B12,76.4,PF/C,76095,pid_team,81,17,51.98,15.5,33.4,6.1,44.4,64.3,100.0,0.60000002,22.3,62.5,50.0,18.75,33.33,0.754435,20.0,100.0,22.22222222222222,0,3.8,8.4,10.594293193717279,0.0,0.0,0.0,0.0,0.0,0.0,0.786633,0.213367,A6,Two-Way Forward,0.786633,A7,Traditional Big,0.213367,True,unstable,Below 150 minutes; scored out-of-sample relative to the 150+ minute core_v3 training population.
134117::2026::Iowa St.,2026,134117,Xzavion Mitchell,Iowa St.,B12,19.9003,Wing G,134117,pid_team,78,21.9,39.11,6,6.1,0,50.0,25,33.300000000000004,0.00000000,13.3,0.0,0.0,25.0,0.0,18.1064,0.0,100.0,100.0,0,2.9,8,6.858590071506459,0.42112,0.0,0.0,0.57888,0.0,0.0,0.0,0.0,A3,Two-Way Guard,0.57888,A0,Perimeter Spacer,0.42112,True,very_unstable,Below 150 minutes; scored out-of-sample relative to the 150+ minute core_v3 training population.
135592::2026::Jackson St.,2026,135592,Cael Jones,Jackson St.,SWAC,15.4,PF/C,135592,pid_team,73,16.7,45.66,13.7,7.3,0,0.0,20,100.0,0.00000000,0,40.0,50.0,40.0,0.0,3.52694,0.0,100.0,50.0,0,0,13,4.702051948051947,0.0,0.0,0.250441,0.0,0.0,0.0,0.485739,0.26382,A6,Two-Way Forward,0.485739,A7,Traditional Big,0.26382,True,very_unstable,Below 150 minutes; scored out-of-sample relative to the 150+ minute core_v3 training population.
135594::2026::Jackson St.,2026,135594,Deyan Kolev,Jackson St.,SWAC,127.7006,Stretch 4,135594,pid_team,81,10.7,34.93,2.5,12.3,3,50.0,19,18.2,0.33323888,24.8,28.57142857142857,66.67,19.047619047619047,0.0,4.84954,50.0,100.0,66.66666666666666,3.4,2.2,5.3,7.1871236313689995,0.0,0.0,0.06914,0.227565,0.0,0.162277,0.356685,0.184332,A6,Two-Way Forward,0.356685,A3,Two-Way Guard,0.227565,True,borderline_unstable,Below 150 minutes; scored out-of-sample relative to the 150+ minute core_v3 training population.
135595::2026::Jackson St.,2026,135595,Kedrick Simmons,Jackson St.,SWAC,88.5,Wing F,135595,pid_team,78,11.3,40.75,4.8,12.6,8.9,50.0,13.3,25.0,1.00000000,22.6,23.52941176470588,75.0,17.647058823529413,0.0,5.05352,66.66666666666666,100.0,71.42857142857143,1.2,0.6,2.3,5.740158192090396,0.0,0.0,0.0,0.0,0.0,0.695157,0.304843,0.0,A5,Efficient Play Finisher,0.695157,A6,Two-Way Forward,0.304843,True,unstable,Below 150 minutes; scored out-of-sample relative to the 150+ minute core_v3 training population.
127882::2026::Jacksonville,2026,127882,Anakin Brown,Jacksonville,ASun,18.8,PF/C,127882,pid_team,75,15.9,0,0,0,0,0.0,0,0.0,3.00030008,0,0.0,0.0,50.0,0.0,12.7043,0.0,0.0,0.0,0,0,7.8,0.9263212765957447,0.039181,0.0,0.960819,0.0,0.0,0.0,0.0,0.0,A2,Low-Production Player,0.960819,A0,Perimeter Spacer,0.039181,True,very_unstable,Below 150 minutes; scored out-of-sample relative to the 150+ minute core_v3 training population.
127883::2026::Jacksonville,2026,127883,Lamont Jackson,Jacksonville,ASun,7.95,PF/C,127883,pid_team,73,12.8,100,0,0,0,0.0,0,0.0,1.00000000,0,0.0,0.0,100.0,100.0,0,0.0,0.0,0.0,0,0,0,0.851285534591195,0.07428,0.0,0.13541,0.0,0.79031,0.0,0.0,0.0,A4,Scoring Playmaker,0.79031,A2,Low-Production Player,0.13541,True,very_unstable,Below 150 minutes; scored out-of-sample relative to the 150+ minute core_v3 training population.
134122::2026::Jacksonville,2026,134122,Michael Harper,Jacksonville,ASun,89.0071,Combo G,134122,pid_team,75,23,31.28,6.9,7.3,14,20.0,17.9,28.599999999999998,2.66649987,7.5,39.285714285714285,36.36,35.714285714285715,20.0,6.02917,0.0,0.0,0.0,0,1.7,3.9,4.039893446702566,0.0,0.0,0.405838,0.0,0.594162,0.0,0.0,0.0,A4,Scoring Playmaker,0.594162,A2,Low-Production Player,0.405838,True,unstable,Below 150 minutes; scored out-of-sample relative to the 150+ minute core_v3 training population.
126844::2026::Jacksonville,2026,126844,Simon Wheeler,Jacksonville,ASun,48.3,Pure PG,126844,pid_team,70,21.2,28.57,6.4,3.4,32.4,0.0,0,0.0,1.44444444,45.4,28.57142857142857,0.0,28.57142857142857,100.0,4.76412,0.0,0.0,0.0,3,0,9.4,3.4159834368530015,0.0,0.0,0.744649,0.0,0.255351,0.0,0.0,0.0,A2,Low-Production Player,0.744649,A4,Scoring Playmaker,0.255351,True,very_unstable,Below 150 minutes; scored out-of-sample relative to the 150+ minute core_v3 training population.
135173::2026::Jacksonville St.,2026,135173,Aitor Anabitarte,Jacksonville St.,CUSA,103.6,C,135173,pid_team,80,11,60.61,9.3,18.8,6.8,66.7,50,0.0,2.66628911,12.4,75.0,66.67,25.0,33.33,0,66.66666666666666,0.0,71.42857142857143,1.5,2.1,4.5,6.369999999999999,0.0,1.0,0.0,0.0,0.0,0.0,0.0,0.0,A1,Connecting Guard,1.0,A0,Perimeter Spacer,0.0,True,borderline_unstable,Below 150 minutes; scored out-of-sample relative to the 150+ minute core_v3 training population.
79465::2026::Jacksonville St.,2026,79465,Bencao Vungo,Jacksonville St.,CUSA,66.875,Stretch 4,79465,pid_team,78,12.9,60.71,5.6,28.2,7.1,0.0,0,16.7,0.66666667,14.9,44.44444444444444,87.5,0.0,0.0,5.74091,71.42857142857143,100.0,75.0,4.1,0,3.8,7.122841121495328,0.0,0.331724,0.40508,0.0,0.0,0.263196,0.0,0.0,A2,Low-Production Player,0.40508,A1,Connecting Guard,0.331724,True,unstable,Below 150 minutes; scored out-of-sample relative to the 150+ minute core_v3 training population.
135175::2026::Jacksonville St.,2026,135175,Connor Loy,Jacksonville St.,CUSA,23.2572,Pure PG,135175,pid_team,71,8.5,0,0,17.5,12.8,0.0,0,0.0,1.00000000,52.4,0.0,0.0,0.0,0.0,4.30568,0.0,0.0,0.0,0,4.5,3,5.038250520268992,0.0,0.0,0.628349,0.371651,0.0,0.0,0.0,0.0,A2,Low-Production Player,0.628349,A3,Two-Way Guard,0.371651,True,very_unstable,Below 150 minutes; scored out-of-sample relative to the 150+ minute core_v3 training population.
76201::2026::Jacksonville St.,2026,76201,Thomas Tut,Jacksonville St.,CUSA,78.65,PF/C,76201,pid_team,82,14.8,53.25,3.4,15.4,8.9,75.0,26.7,60.0,0.50000000,17.7,60.0,33.33,6.666666666666667,0.0,4.37866,33.33333333333333,100.0,66.66666666666666,7.5,0,6.4,5.822097902097902,0.715751,0.105206,0.179043,0.0,0.0,0.0,0.0,0.0,A0,Perimeter Spacer,0.715751,A2,Low-Production Player,0.179043,True,unstable,Below 150 minutes; scored out-of-sample relative to the 150+ minute core_v3 training population.
74631::2026::James Madison,2026,74631,Ike Cornish,James Madison,SB,67.0998,Stretch 4,74631,pid_team,78,19.3,54.47,0,22.8,10.8,44.4,60,35.699999999999996,0.66670001,27.5,0.0,0.0,6.666666666666667,100.0,12.3649,0.0,100.0,83.33333333333334,1.7,0.9,4.8,7.2887251526830195,0.0,0.0,0.0,0.398259,0.0,0.0,0.370662,0.23108,A3,Two-Way Guard,0.398259,A6,Two-Way Forward,0.370662,True,unstable,Below 150 minutes; scored out-of-sample relative to the 150+ minute core_v3 training population.
76310::2026::James Madison,2026,76310,Justin Taylor,James Madison,SB,129.5774,Combo G,76310,pid_team,78,8.8,50.99,2.8,6.8,5.1,57.099999999999994,127.3,66.7,1.33293341,15.8,45.45454545454545,20.0,27.27272727272727,33.33,1.39172,100.0,100.0,75.0,0.9,1.9,3.4,5.600575408983357,0.31866,0.68134,0.0,0.0,0.0,0.0,0.0,0.0,A1,Connecting Guard,0.68134,A0,Perimeter Spacer,0.31866,True,borderline_unstable,Below 150 minutes; scored out-of-sample relative to the 150+ minute core_v3 training population.
79269::2026::Kansas,2026,79269,Justin Cross,Kansas,B12,13.2,C,79269,pid_team,80,18.7,0,8.8,7.4,11.4,0.0,0,0.0,0.33340001,71.1,0.0,0.0,100.0,0.0,0,0.0,0.0,0.0,0,4.4,3,7.887969696969696,0.0,0.0,0.787681,0.212319,0.0,0.0,0.0,0.0,A2,Low-Production Player,0.787681,A3,Two-Way Guard,0.212319,True,very_unstable,Below 150 minutes; scored out-of-sample relative to the 150+ minute core_v3 training population.
134996::2026::Kansas,2026,134996,Nginyu Ngala,Kansas,B12,40.2,Combo G,134996,pid_team,70,19.2,57.55,0,17,13.3,100.0,33.3,50.0,1.49970001,15.2,33.33333333333333,0.0,0.0,0.0,11.4728,0.0,75.0,75.0,0,1.5,3,7.438736318407959,0.155923,0.0,0.0,0.844077,0.0,0.0,0.0,0.0,A3,Two-Way Guard,0.844077,A0,Perimeter Spacer,0.155923,True,very_unstable,Below 150 minutes; scored out-of-sample relative to the 150+ minute core_v3 training population.
134995::2026::Kansas,2026,134995,Paul Mbiya,Kansas,B12,106.4007,C,134995,pid_team,84,11.9,61.25,11,18.3,1.7,36.4,68.8,0.0,0.50000000,9.3,52.38095238095239,81.82000000000001,23.809523809523807,40.0,0,66.66666666666666,0.0,75.0,5.1,0,6,7.574649414900467,0.0,0.203608,0.0,0.0,0.0,0.120366,0.0,0.676026,A7,Traditional Big,0.676026,A1,Connecting Guard,0.203608,True,borderline_unstable,Below 150 minutes; scored out-of-sample relative to the 150+ minute core_v3 training population.
134192::2026::Kansas,2026,134192,Samis Calderon,Kansas,B12,66.0992,Wing F,134192,pid_team,80,11.3,33.9,3.5,14.8,9.6,33.300000000000004,100,0.0,1.00000000,31.5,37.5,66.67,0.0,0.0,2.65461,50.0,0.0,50.0,6.6,1.8,2.4,8.240402304415182,0.0,0.0,0.320834,0.472686,0.0,0.0,0.0,0.206481,A3,Two-Way Guard,0.472686,A2,Low-Production Player,0.320834,True,unstable,Below 150 minutes; scored out-of-sample relative to the 150+ minute core_v3 training population.
77153::2026::Kansas,2026,77153,Wilder Evers,Kansas,B12,19.3998,Wing G,77153,pid_team,76,19.3,80,0,10.1,0,0.0,0,50.0,0.00000000,47.1,20.0,100.0,0.0,0.0,11.8826,100.0,100.0,100.0,0,0,2.1,5.25273456427386,0.0,0.0,0.864097,0.0,0.0,0.135903,0.0,0.0,A2,Low-Production Player,0.864097,A5,Efficient Play Finisher,0.135903,True,very_unstable,Below 150 minutes; scored out-of-sample relative to the 150+ minute core_v3 training population.
128137::2026::Kansas,2026,128137,Will Thengvall,Kansas,B12,8.7,PF/C,128137,pid_team,75,4.6,0,0,11.2,0,0.0,0,0.0,0.00000000,0,0.0,0.0,100.0,0.0,0,0.0,0.0,0.0,0,0,4.6,5.565241379310345,0.06948,0.0,0.93052,0.0,0.0,0.0,0.0,0.0,A2,Low-Production Player,0.93052,A0,Perimeter Spacer,0.06948,True,very_unstable,Below 150 minutes; scored out-of-sample relative to the 150+ minute core_v3 training population.
127648::2026::Kansas St.,2026,127648,Marcus Johnson,Kansas St.,B12,86.5004,Wing F,127648,pid_team,79,23.3,49.4,3.9,16.8,11.6,66.7,8.8,35.5,0.66666670,24.2,2.941176470588235,0.0,5.88235294117647,0.0,19.3702,0.0,90.9090909090909,90.9090909090909,0,0,5.1,5.972319203148194,0.781281,0.0,0.069899,0.148819,0.0,0.0,0.0,0.0,A0,Perimeter Spacer,0.781281,A3,Two-Way Guard,0.148819,True,unstable,Below 150 minutes; scored out-of-sample relative to the 150+ minute core_v3 training population.
126781::2026::Kansas St.,2026,126781,Mobi Ikegwuruka,Kansas St.,B12,124.7,PF/C,126781,pid_team,78,9.5,56.38,6.3,11.7,4.8,50.0,42.9,0.0,0.66666665,27.4,62.5,60.0,25.0,50.0,0,83.33333333333334,0.0,80.0,3.3,3.5,7.1,8.424859663191661,0.0,0.233548,0.236229,0.427251,0.0,0.0,0.0,0.102971,A3,Two-Way Guard,0.427251,A2,Low-Production Player,0.236229,True,borderline_unstable,Below 150 minutes; scored out-of-sample relative to the 150+ minute core_v3 training population.
134473::2026::Kansas St.,2026,134473,Stephen Osei,Kansas St.,B12,8.7999,C,134473,pid_team,82,35.5,33.33,25.5,12.7,0,0.0,0,0.0,0.00000000,52.2,50.0,50.0,25.0,0.0,0,100.0,0.0,100.0,0,0,4.5,5.400970465573471,0.0,0.0,0.714938,0.0,0.0,0.0,0.0,0.285062,A2,Low-Production Player,0.714938,A7,Traditional Big,0.285062,True,very_unstable,Below 150 minutes; scored out-of-sample relative to the 150+ minute core_v3 training population.
76247::2026::Kennesaw St.,2026,76247,Charles Stone,Kennesaw St.,CUSA,11.875,Wing G,76247,pid_team,74,12.4,0,0,19.5,0,0.0,0,0.0,0.00000000,0,0.0,0.0,0.0,0.0,21.5235,0.0,0.0,0.0,0,0,7.1,2.9771284210526314,0.522265,0.0,0.477735,0.0,0.0,0.0,0.0,0.0,A0,Perimeter Spacer,0.522265,A2,Low-Production Player,0.477735,True,very_unstable,Below 150 minutes; scored out-of-sample relative to the 150+ minute core_v3 training population.
128191::2026::Kennesaw St.,2026,128191,Dozie Onyirimba,Kennesaw St.,CUSA,10.4,Combo G,128191,pid_team,75,7.2,0,0,0,0,0.0,0,0.0,0.00000000,0,0.0,0.0,0.0,0.0,10.7617,0.0,0.0,0.0,0,0,0,1.5173615384615384,0.451174,0.0,0.548826,0.0,0.0,0.0,0.0,0.0,A2,Low-Production Player,0.548826,A0,Perimeter Spacer,0.451174,True,very_unstable,Below 150 minutes; scored out-of-sample relative to the 150+ minute core_v3 training population.
76248::2026::Kennesaw St.,2026,76248,Eric Holland,Kennesaw St.,CUSA,16.94,Wing G,76248,pid_team,68,31.1,39.22,0,11.9,20.1,60.0,125,0.0,1.40000003,0,25.0,100.0,0.0,0.0,18.4487,0.0,0.0,0.0,0,0,4.3,2.78564344746163,0.0,0.0,0.0,0.0,0.480294,0.042333,0.0,0.477374,A4,Scoring Playmaker,0.480294,A7,Traditional Big,0.477374,True,very_unstable,Below 150 minutes; scored out-of-sample relative to the 150+ minute core_v3 training population.
76249::2026::Kent St.,2026,76249,Brenden Moss,Kent St.,MAC,69.1782,Wing G,76249,pid_team,77,16.3,42.61,8.6,12.3,8.5,100.0,10.5,21.4,0.50000000,16,26.31578947368421,60.0,0.0,0.0,12.1274,66.66666666666666,66.66666666666666,66.66666666666666,0,4.4,1.9,7.771118647203889,0.371901,0.0,0.0,0.0,0.0,0.628099,0.0,0.0,A5,Efficient Play Finisher,0.628099,A0,Perimeter Spacer,0.371901,True,unstable,Below 150 minutes; scored out-of-sample relative to the 150+ minute core_v3 training population.
127535::2026::Kent St.,2026,127535,Deandre Jones,Kent St.,MAC,23.9285,C,127535,pid_team,80,11.9,100,22.2,22.6,0,0.0,0,0.0,0.50017504,47.1,100.0,100.0,0.0,0.0,0,0.0,0.0,0.0,0,0,8.1,2.805424493804459,0.0,0.0,0.227993,0.0,0.0,0.0,0.0,0.772007,A7,Traditional Big,0.772007,A2,Low-Production Player,0.227993,True,very_unstable,Below 150 minutes; scored out-of-sample relative to the 150+ minute core_v3 training population.
134266::2026::Kent St.,2026,134266,Dylan Lakatos,Kent St.,MAC,3.5,Combo G,134266,pid_team,71,20,150,0,0,0,0.0,0,100.0,0.00000000,0,0.0,0.0,0.0,0.0,42.4459,0.0,100.0,100.0,0,0,0,0.8538399999999999,0.3288,0.0,0.0,0.0,0.0,0.6712,0.0,0.0,A5,Efficient Play Finisher,0.6712,A0,Perimeter Spacer,0.3288,True,very_unstable,Below 150 minutes; scored out-of-sample relative to the 150+ minute core_v3 training population.
133834::2026::Kent St.,2026,133834,Landon Vanderwarker,Kent St.,MAC,43.52,Wing F,133834,pid_team,80,21.5,39.71,3.4,14,0,33.300000000000004,54.5,20.0,1.50000004,16.1,33.33333333333333,75.0,16.666666666666664,0.0,8.48917,66.66666666666666,0.0,50.0,0,0,5,4.132196691176469,0.212216,0.551144,0.23664,0.0,0.0,0.0,0.0,0.0,A1,Connecting Guard,0.551144,A2,Low-Production Player,0.23664,True,very_unstable,Below 150 minutes; scored out-of-sample relative to the 150+ minute core_v3 training population.
127470::2026::Kentucky,2026,127470,Jayden Quaintance,Kentucky,SEC,67.2,C,127470,pid_team,83,20.9,49.57,13.6,19.5,5.1,30.8,92.9,0.0,0.33333333,24.4,64.70588235294117,63.63999999999999,17.647058823529413,33.33,0,42.857142857142854,0.0,40.0,5,1.7,3,7.9920833333333325,0.0,0.0,0.185455,0.283256,0.132511,0.0,0.0,0.398778,A7,Traditional Big,0.398778,A3,Two-Way Guard,0.283256,True,unstable,Below 150 minutes; scored out-of-sample relative to the 150+ minute core_v3 training population.
77398::2026::Kentucky,2026,77398,Walker Horn,Kentucky,SEC,8.2999,Scoring PG,77398,pid_team,75,43.6,25,0,13.2,20.9,0.0,0,16.7,0.50017504,31.6,0.0,0.0,0.0,0.0,39.5896,0.0,100.0,100.0,0,0,0,5.081555199460235,0.863536,0.0,0.136464,0.0,0.0,0.0,0.0,0.0,A0,Perimeter Spacer,0.863536,A2,Low-Production Player,0.136464,True,very_unstable,Below 150 minutes; scored out-of-sample relative to the 150+ minute core_v3 training population.
127899::2026::Kentucky,2026,127899,Zach Tow,Kentucky,SEC,8.2999,Scoring PG,127899,pid_team,77,9.1,102.56,0,0,0,50.0,200,100.0,0.00000000,0,0.0,0.0,0.0,0.0,6.59826,0.0,100.0,100.0,0,0,4.8,3.479275653923542,0.174154,0.0,0.0,0.0,0.0,0.185641,0.0,0.640205,A7,Traditional Big,0.640205,A5,Efficient Play Finisher,0.185641,True,very_unstable,Below 150 minutes; scored out-of-sample relative to the 150+ minute core_v3 training population.
74780::2026::LIU,2026,74780,A.J. Neal,LIU,NEC,116.5005,Pure PG,74780,pid_team,74,15.5,54.16,1,4.9,15.9,66.7,26.1,50.0,1.22216657,29.1,13.043478260869565,0.0,52.17391304347826,50.0,4.00843,0.0,50.0,30.0,1.8,2,4.1,5.625040235878815,0.387411,0.0,0.586751,0.0,0.025838,0.0,0.0,0.0,A2,Low-Production Player,0.586751,A0,Perimeter Spacer,0.387411,True,borderline_unstable,Below 150 minutes; scored out-of-sample relative to the 150+ minute core_v3 training population.
127797::2026::LIU,2026,127797,Eddie Munyak,LIU,NEC,3.2,Wing G,127797,pid_team,72,5.1,150,0,35.8,0,0.0,0,100.0,0.00000000,0,0.0,0.0,0.0,0.0,20.7937,0.0,100.0,100.0,0,0,0,7.868287499999999,0.0,0.0,0.0,0.0,0.0,0.599432,0.400568,0.0,A5,Efficient Play Finisher,0.599432,A6,Two-Way Forward,0.400568,True,very_unstable,Below 150 minutes; scored out-of-sample relative to the 150+ minute core_v3 training population.
79098::2026::LIU,2026,79098,Isaiah Miranda,LIU,NEC,105.8005,C,79098,pid_team,85,26.5,45.54,4.5,16.2,5.7,66.7,25.5,15.4,0.37504062,16.7,34.54545454545455,47.370000000000005,27.27272727272727,53.33,7.2085,88.88888888888889,50.0,73.07692307692307,10.7,1.1,5.3,7.951304577955681,0.677951,0.01904,0.212267,0.0,0.011532,0.0,0.07921,0.0,A0,Perimeter Spacer,0.677951,A2,Low-Production Player,0.212267,True,borderline_unstable,Below 150 minutes; scored out-of-sample relative to the 150+ minute core_v3 training population.
134318::2026::LIU,2026,134318,Max Ndlovu-Fraser,LIU,NEC,54.6,Combo G,134318,pid_team,77,10.8,35.71,2.2,6.3,11.4,0.0,0,33.300000000000004,1.00000000,39.6,42.857142857142854,33.33,14.285714285714285,0.0,3.19904,0.0,100.0,50.0,0,3.2,2.9,6.302490842490842,0.0,0.0,0.542279,0.457721,0.0,0.0,0.0,0.0,A2,Low-Production Player,0.542279,A3,Two-Way Guard,0.457721,True,unstable,Below 150 minutes; scored out-of-sample relative to the 150+ minute core_v3 training population.
79335::2026::LIU,2026,79335,Xinyi Li,LIU,NEC,28.5,PF/C,79335,pid_team,81,19.2,35.71,8.4,16.1,0,0.0,0,33.300000000000004,0.00000000,42.7,42.857142857142854,33.33,14.285714285714285,0.0,6.23812,0.0,100.0,50.0,3.6,0,7,6.140084210526316,0.0,0.0,0.750426,0.0,0.0,0.0,0.232304,0.01727,A2,Low-Production Player,0.750426,A6,Two-Way Forward,0.232304,True,very_unstable,Below 150 minutes; scored out-of-sample relative to the 150+ minute core_v3 training population.
127903::2026::LSU,2026,127903,Jaden Bobbett,LSU,SEC,7.7,PF/C,127903,pid_team,74,21.4,0,15.7,0,19,0.0,0,0.0,1.00000000,35.2,0.0,0.0,50.0,0.0,7.34373,0.0,0.0,0.0,0,0,5.2,3.4394961038961034,0.0,0.0,1.0,0.0,0.0,0.0,0.0,0.0,A2,Low-Production Player,1.0,A0,Perimeter Spacer,0.0,True,very_unstable,Below 150 minutes; scored out-of-sample relative to the 150+ minute core_v3 training population.
77140::2026::LSU,2026,77140,Jalen Reed,LSU,SEC,107.8998,Wing F,77140,pid_team,82,26.4,63.37,13.5,22.3,7.5,66.7,60,42.9,0.36366116,22.4,72.97297297297297,62.96000000000001,2.7027027027027026,0.0,3.76142,47.05882352941176,100.0,59.09090909090909,2,2.7,3.7,8.548783222953148,0.0,0.0,0.0,0.790363,0.0,0.0,0.209637,0.0,A3,Two-Way Guard,0.790363,A6,Two-Way Forward,0.209637,True,borderline_unstable,Below 150 minutes; scored out-of-sample relative to the 150+ minute core_v3 training population.
134388::2026::LSU,2026,134388,Mazi Mosley,LSU,SEC,121.1991,Combo G,134388,pid_team,77,15,47.92,1,9.9,7.1,0.0,2.9,38.5,1.00000000,16,17.142857142857142,16.669999999999998,8.571428571428571,33.33,12.4524,0.0,70.0,58.333333333333336,0,1,2.3,5.310666498348585,0.414723,0.279191,0.306086,0.0,0.0,0.0,0.0,0.0,A0,Perimeter Spacer,0.414723,A2,Low-Production Player,0.306086,True,borderline_unstable,Below 150 minutes; scored out-of-sample relative to the 150+ minute core_v3 training population.
135379::2026::LSU,2026,135379,Ron Zipper,LSU,SEC,32.6997,Scoring PG,135379,pid_team,77,27.9,59.35,0,13.4,11.6,83.3,42.9,41.699999999999996,0.66666670,19,7.142857142857142,0.0,7.142857142857142,0.0,21.1499,0.0,80.0,80.0,3.3,3.6,3.7,8.134937017770804,0.0,0.0,0.0,1.0,0.0,0.0,0.0,0.0,A3,Two-Way Guard,1.0,A0,Perimeter Spacer,0.0,True,very_unstable,Below 150 minutes; scored out-of-sample relative to the 150+ minute core_v3 training population.
133943::2026::La Salle,2026,133943,Arlan Masharaliyev,La Salle,A10,7.28,PF/C,133943,pid_team,72,20,25.64,36.6,20.3,0,50.0,200,0.0,0.00000000,0,0.0,0.0,0.0,0.0,9.67142,0.0,0.0,0.0,0,0,0,4.6197307692307685,0.949375,0.0,0.0,0.0,0.050625,0.0,0.0,0.0,A0,Perimeter Spacer,0.949375,A4,Scoring Playmaker,0.050625,True,very_unstable,Below 150 minutes; scored out-of-sample relative to the 150+ minute core_v3 training population.
78981::2026::La Salle,2026,78981,Bowyn Beatty,La Salle,A10,100.35,PF/C,78981,pid_team,84,13.8,23.6,7.4,14.9,2.1,0.0,12.5,0.0,0.25000000,33.9,58.82352941176471,40.0,23.52941176470588,0.0,1.34325,75.0,0.0,80.0,1.4,2,1.8,5.892456402590931,0.0,0.0,0.85384,0.0,0.0,0.0,0.0,0.14616,A2,Low-Production Player,0.85384,A7,Traditional Big,0.14616,True,borderline_unstable,Below 150 minutes; scored out-of-sample relative to the 150+ minute core_v3 training population.
133942::2026::La Salle,2026,133942,Max Lipacis,La Salle,A10,14.5002,PF/C,133942,pid_team,79,4.6,0,0,8.4,0,0.0,100,0.0,0.00000000,0,0.0,0.0,100.0,0.0,0,0.0,0.0,0.0,0,0,22.1,5.180259582626447,0.0,0.0,0.985477,0.0,0.0,0.0,0.0,0.014523,A2,Low-Production Player,0.985477,A7,Traditional Big,0.014523,True,very_unstable,Below 150 minutes; scored out-of-sample relative to the 150+ minute core_v3 training population.
72823::2026::La Salle,2026,72823,Noah Collier,La Salle,A10,42.0999,C,72823,pid_team,80,17.4,42.47,10.4,8.7,20.8,50.0,16.7,0.0,4.00030008,8.2,58.333333333333336,57.14,41.66666666666667,20.0,0,50.0,0.0,40.0,8.7,0,8.6,5.854474713716659,0.0,0.0,0.0,0.0,0.0,0.0,0.080362,0.919638,A7,Traditional Big,0.919638,A6,Two-Way Forward,0.080362,True,very_unstable,Below 150 minutes; scored out-of-sample relative to the 150+ minute core_v3 training population.
135235::2026::Lafayette,2026,135235,Ashton Wallace,Lafayette,Pat,40.2413,Combo G,135235,pid_team,75,18.3,33.41,0,17,21.1,100.0,10,0.0,1.00000000,18.2,70.0,28.57,10.0,100.0,3.30805,0.0,0.0,33.33333333333333,0,1.7,4.5,5.948585160022167,0.61627,0.0,0.220435,0.0,0.036326,0.0,0.0,0.126969,A0,Perimeter Spacer,0.61627,A2,Low-Production Player,0.220435,True,very_unstable,Below 150 minutes; scored out-of-sample relative to the 150+ minute core_v3 training population.
127747::2026::Lafayette,2026,127747,Folabomi Fayemi,Lafayette,Pat,94.3125,Wing G,127747,pid_team,76,17.1,33.63,11,4,0,44.4,42.9,16.7,0.00000000,15.1,34.78260869565217,50.0,30.434782608695656,14.29,3.88919,75.0,100.0,75.0,0,3.9,8.2,6.787774685222002,0.0,0.0,0.0,0.552621,0.0,0.0,0.092801,0.354578,A3,Two-Way Guard,0.552621,A7,Traditional Big,0.354578,True,unstable,Below 150 minutes; scored out-of-sample relative to the 150+ minute core_v3 training population.
78715::2026::Lafayette,2026,78715,Joshua Wyche,Lafayette,Pat,76.6997,Wing F,78715,pid_team,79,9.2,35.35,5.9,22.3,6.8,25.0,50,0.0,1.50000012,17,75.0,50.0,0.0,0.0,1.54731,33.33333333333333,0.0,33.33333333333333,0,2.3,7.3,7.743185436188147,0.0,0.65613,0.095999,0.247871,0.0,0.0,0.0,0.0,A1,Connecting Guard,0.65613,A3,Two-Way Guard,0.247871,True,unstable,Below 150 minutes; scored out-of-sample relative to the 150+ minute core_v3 training population.
134108::2026::Lafayette,2026,134108,Luke Azzinaro,Lafayette,Pat,13.5835,Wing G,134108,pid_team,77,11.1,0,0,13.1,0,0.0,0,0.0,0.00000000,58,0.0,0.0,0.0,0.0,6.85239,0.0,0.0,0.0,0,0,0,3.441439982331506,0.0,0.0,1.0,0.0,0.0,0.0,0.0,0.0,A2,Low-Production Player,1.0,A0,Perimeter Spacer,0.0,True,very_unstable,Below 150 minutes; scored out-of-sample relative to the 150+ minute core_v3 training population.
127750::2026::Lafayette,2026,127750,Malik Rasul,Lafayette,Pat,36.5142,PF/C,127750,pid_team,79,16.7,55.87,4.7,10.2,0,100.0,25,0.0,0.50000000,44.7,75.0,66.67,25.0,0.0,0,0.0,0.0,0.0,0,0,5,3.19941283117253,0.0,0.0,0.341464,0.0,0.658536,0.0,0.0,0.0,A4,Scoring Playmaker,0.658536,A2,Low-Production Player,0.341464,True,very_unstable,Below 150 minutes; scored out-of-sample relative to the 150+ minute core_v3 training population.
78741::2026::Lamar,2026,78741,Jayden Barrs,Lamar,Slnd,59.143,Wing G,78741,pid_team,73,21.6,44.44,2.3,7.7,4.5,0.0,0,40.0,1.60002804,24,33.33333333333333,50.0,38.88888888888889,28.57,6.52561,33.33333333333333,100.0,57.14285714285714,7.7,3.9,5.1,6.494868369883164,0.0,0.38381,0.61619,0.0,0.0,0.0,0.0,0.0,A2,Low-Production Player,0.61619,A1,Connecting Guard,0.38381,True,unstable,Below 150 minutes; scored out-of-sample relative to the 150+ minute core_v3 training population.
134201::2026::Lamar,2026,134201,Spencer Ezewiro,Lamar,Slnd,99.54,C,134201,pid_team,81,10.2,19.46,14.5,17.3,9.2,16.7,60,0.0,1.24999998,13.1,63.63636363636363,14.29,27.27272727272727,33.33,0,100.0,0.0,100.0,2.7,2,8.8,6.819168173598553,0.0,0.677011,0.322989,0.0,0.0,0.0,0.0,0.0,A1,Connecting Guard,0.677011,A2,Low-Production Player,0.322989,True,unstable,Below 150 minutes; scored out-of-sample relative to the 150+ minute core_v3 training population.
78038::2026::Le Moyne,2026,78038,Ametri Moss,Le Moyne,NEC,27.65,Combo G,78038,pid_team,72,20.6,41.84,6.7,14.5,26.6,100.0,18.2,0.0,4.50000000,15.1,45.45454545454545,60.0,27.27272727272727,33.33,4.6365,66.66666666666666,0.0,50.0,0,1.6,1.1,9.113200723327306,0.0,0.0,0.0,0.0,0.293879,0.0,0.325733,0.380388,A7,Traditional Big,0.380388,A6,Two-Way Forward,0.325733,True,very_unstable,Below 150 minutes; scored out-of-sample relative to the 150+ minute core_v3 training population.
133968::2026::Le Moyne,2026,133968,Josiah Lee,Le Moyne,NEC,75.0945,Scoring PG,133968,pid_team,74,9.6,50.23,0,5.4,5.9,100.0,20,30.0,2.00000000,10.1,0.0,0.0,0.0,0.0,9.65938,0.0,100.0,100.0,0,1.9,4,4.723770715565054,0.454798,0.545202,0.0,0.0,0.0,0.0,0.0,0.0,A1,Connecting Guard,0.545202,A0,Perimeter Spacer,0.454798,True,unstable,Below 150 minutes; scored out-of-sample relative to the 150+ minute core_v3 training population.
79272::2026::Le Moyne,2026,79272,Kaelin Thomas,Le Moyne,NEC,6.4,PF/C,79272,pid_team,73,37,0,28.6,0,0,0.0,0,0.0,0.00000000,36.1,100.0,0.0,0.0,0.0,0,0.0,0.0,0.0,0,0,0,2.52628125,0.0,0.0,1.0,0.0,0.0,0.0,0.0,0.0,A2,Low-Production Player,1.0,A0,Perimeter Spacer,0.0,True,very_unstable,Below 150 minutes; scored out-of-sample relative to the 150+ minute core_v3 training population.
128097::2026::Le Moyne,2026,128097,Sam Donnelly,Le Moyne,NEC,10.32,PF/C,128097,pid_team,74,19.9,25.64,0,14.1,0,50.0,200,0.0,0.00000000,38.1,100.0,0.0,0.0,0.0,0,0.0,0.0,0.0,0,0,0,4.164302325581395,0.0,0.0,0.398311,0.361974,0.239714,0.0,0.0,0.0,A2,Low-Production Player,0.398311,A3,Two-Way Guard,0.361974,True,very_unstable,Below 150 minutes; scored out-of-sample relative to the 150+ minute core_v3 training population.
78907::2026::Le Moyne,2026,78907,Trevor Roe,Le Moyne,NEC,115.9536,Stretch 4,78907,pid_team,80,17.6,54.09,6.5,10.4,7.2,100.0,11.1,33.300000000000004,1.00000000,8.7,19.444444444444446,57.14,5.555555555555555,50.0,13.7567,50.0,100.0,85.71428571428571,0,2.1,3.2,6.496529646341296,0.075497,0.0,0.0,0.270916,0.0,0.249815,0.274292,0.129481,A6,Two-Way Forward,0.274292,A3,Two-Way Guard,0.270916,True,borderline_unstable,Below 150 minutes; scored out-of-sample relative to the 150+ minute core_v3 training population.
75903::2026::Lehigh,2026,75903,Brendan Reed,Lehigh,Pat,10.3587,Wing G,75903,pid_team,71,12.3,0,0,21.9,0,0.0,0,0.0,0.00000000,0,0.0,0.0,33.33333333333333,0.0,11.0072,0.0,0.0,0.0,0,0,0,6.246575342465754,0.443756,0.0,0.556244,0.0,0.0,0.0,0.0,0.0,A2,Low-Production Player,0.556244,A0,Perimeter Spacer,0.443756,True,very_unstable,Below 150 minutes; scored out-of-sample relative to the 150+ minute core_v3 training population.
77141::2026::Lehigh,2026,77141,Henri Adiassa,Lehigh,Pat,97.888,C,77141,pid_team,83,7.1,50.42,4.2,8,0,100.0,40,0.0,0.16666667,46.6,33.33333333333333,50.0,50.0,33.33,0,100.0,0.0,66.66666666666666,1.1,0,13.2,4.467636482510624,0.0,0.0,0.550864,0.0,0.0,0.0,0.0,0.449136,A2,Low-Production Player,0.550864,A7,Traditional Big,0.449136,True,unstable,Below 150 minutes; scored out-of-sample relative to the 150+ minute core_v3 training population.
78034::2026::Lehigh,2026,78034,Jake Pike,Lehigh,Pat,144.6224,PF/C,78034,pid_team,80,8.8,58.35,5.1,20.1,4.7,66.7,21.4,33.300000000000004,0.57135510,31.9,40.0,66.67,13.333333333333334,50.0,2.40157,50.0,100.0,75.0,3.4,0,4,6.590763256590957,0.280054,0.0,0.517837,0.0,0.0,0.202108,0.0,0.0,A2,Low-Production Player,0.517837,A0,Perimeter Spacer,0.280054,True,borderline_unstable,Below 150 minutes; scored out-of-sample relative to the 150+ minute core_v3 training population.
77142::2026::Lehigh,2026,77142,Tommy Conniff,Lehigh,Pat,54.075,Wing F,77142,pid_team,83,7.4,50,7.2,9.2,12.6,0.0,0,0.0,1.00000000,46.1,100.0,50.0,0.0,0.0,0,0.0,0.0,0.0,0,3.4,6.1,6.657146555709662,0.0,0.0,0.380764,0.619236,0.0,0.0,0.0,0.0,A3,Two-Way Guard,0.619236,A2,Low-Production Player,0.380764,True,unstable,Below 150 minutes; scored out-of-sample relative to the 150+ minute core_v3 training population.
134633::2026::Liberty,2026,134633,Brady Kester,Liberty,CUSA,16.2284,C,134633,pid_team,80,10.8,0,0,14.3,0,0.0,0,0.0,0.00000000,67.8,0.0,0.0,0.0,0.0,0,0.0,0.0,0.0,0,0,9.4,2.757585467452121,0.0,0.0,1.0,0.0,0.0,0.0,0.0,0.0,A2,Low-Production Player,1.0,A0,Perimeter Spacer,0.0,True,very_unstable,Below 150 minutes; scored out-of-sample relative to the 150+ minute core_v3 training population.
134631::2026::Liberty,2026,134631,Drew Grimes,Liberty,CUSA,44.8848,Scoring PG,134631,pid_team,81,17.2,16.95,5.7,10.1,6.2,50.0,100,0.0,0.49952516,15,50.0,0.0,0.0,0.0,5.21814,0.0,0.0,0.0,0,5.2,3.3,4.228273268456137,0.53781,0.0,0.46219,0.0,0.0,0.0,0.0,0.0,A0,Perimeter Spacer,0.53781,A2,Low-Production Player,0.46219,True,very_unstable,Below 150 minutes; scored out-of-sample relative to the 150+ minute core_v3 training population.
76653::2026::Liberty,2026,76653,JC Shirer Jr.,Liberty,CUSA,19.6668,PF/C,76653,pid_team,75,17.2,33.33,13.6,0,0,0.0,0,0.0,5.00089984,0,100.0,33.33,0.0,0.0,0,100.0,0.0,100.0,0,0,11.9,1.8490593284113326,0.0,0.0,0.281865,0.0,0.0,0.0,0.0,0.718135,A7,Traditional Big,0.718135,A2,Low-Production Player,0.281865,True,very_unstable,Below 150 minutes; scored out-of-sample relative to the 150+ minute core_v3 training population.
126967::2026::Liberty,2026,126967,Ryan Jones Jr.,Liberty,CUSA,118.6656,PF/C,126967,pid_team,80,21.3,41.89,5.6,23.4,0,0.0,0,25.0,0.00000000,8.9,18.91891891891892,57.14,5.405405405405405,50.0,17.5699,50.0,100.0,83.33333333333334,3.4,0.6,10.2,6.058133106814444,0.59935,0.170755,0.229895,0.0,0.0,0.0,0.0,0.0,A0,Perimeter Spacer,0.59935,A2,Low-Production Player,0.229895,True,borderline_unstable,Below 150 minutes; scored out-of-sample relative to the 150+ minute core_v3 training population.
135575::2026::Liberty,2026,135575,TJ Drain,Liberty,CUSA,17.78,C,135575,pid_team,80,29.4,57.55,16.9,0,58.7,0.0,33.3,0.0,2.00000000,0,75.0,66.67,0.0,0.0,0,50.0,0.0,66.66666666666666,13.6,0,0,2.3935208098987624,0.0,0.775757,0.0,0.0,0.224243,0.0,0.0,0.0,A1,Connecting Guard,0.775757,A4,Scoring Playmaker,0.224243,True,very_unstable,Below 150 minutes; scored out-of-sample relative to the 150+ minute core_v3 training population.
134634::2026::Liberty,2026,134634,Torr Sorensen,Liberty,CUSA,23.65,Wing G,134634,pid_team,79,14.1,33.33,0,0,0,0.0,0,0.0,0.00000000,0,33.33333333333333,100.0,0.0,0.0,12.3931,100.0,0.0,100.0,0,0,0,1.453170401691332,0.0,0.0,0.537964,0.0,0.0,0.462036,0.0,0.0,A2,Low-Production Player,0.537964,A5,Efficient Play Finisher,0.462036,True,very_unstable,Below 150 minutes; scored out-of-sample relative to the 150+ minute core_v3 training population.
78495::2026::Lindenwood,2026,78495,Jaylon McDaniel,Lindenwood,OVC,16.6,PF/C,78495,pid_team,79,13.8,12.66,6.5,20,0,50.0,66.7,0.0,1.00000000,24.5,66.66666666666666,0.0,33.33333333333333,0.0,0,0.0,0.0,0.0,12.2,0,5,8.314530120481926,0.0,0.0,0.149571,0.320982,0.0,0.0,0.055868,0.473579,A7,Traditional Big,0.473579,A3,Two-Way Guard,0.320982,True,very_unstable,Below 150 minutes; scored out-of-sample relative to the 150+ minute core_v3 training population.
78491::2026::Lindenwood,2026,78491,Jeremiah Talton,Lindenwood,OVC,106.4728,PF/C,78491,pid_team,78,13.5,44.93,3.1,14.7,3.3,88.9,32.1,31.8,6.00110013,3.9,10.714285714285714,0.0,10.714285714285714,0.0,11.7318,0.0,85.71428571428571,85.71428571428571,3.9,1.6,5.9,7.338324905515774,0.664969,0.0,0.0,0.0,0.0,0.0,0.178107,0.156924,A0,Perimeter Spacer,0.664969,A6,Two-Way Forward,0.178107,True,borderline_unstable,Below 150 minutes; scored out-of-sample relative to the 150+ minute core_v3 training population.
135487::2026::Lindenwood,2026,135487,Kevin Anthony,Lindenwood,OVC,121.7505,C,135487,pid_team,82,10.5,51.02,9.5,8.7,0,41.699999999999996,133.3,0.0,0.16681668,26.2,72.72727272727273,62.5,9.090909090909092,0.0,0,60.0,0.0,66.66666666666666,3,0,5.2,4.442199416018825,0.0,0.0,0.320233,0.0,0.0,0.0,0.0,0.679767,A7,Traditional Big,0.679767,A2,Low-Production Player,0.320233,True,borderline_unstable,Below 150 minutes; scored out-of-sample relative to the 150+ minute core_v3 training population.
135619::2026::Lindenwood,2026,135619,Tidiane d'Almeida,Lindenwood,OVC,53.3088,Pure PG,135619,pid_team,73,12.9,25.32,3.6,7.4,20.7,100.0,66.7,0.0,1.42850411,43.3,0.0,0.0,66.66666666666666,0.0,1.88865,0.0,0.0,0.0,0,1.9,1.4,3.247291253976829,0.0,0.0,0.563015,0.0,0.436985,0.0,0.0,0.0,A2,Low-Production Player,0.563015,A4,Scoring Playmaker,0.436985,True,unstable,Below 150 minutes; scored out-of-sample relative to the 150+ minute core_v3 training population.
134094::2026::Lindenwood,2026,134094,Todd Bieg,Lindenwood,OVC,63.9204,PF/C,134094,pid_team,78,1.3,52.63,0,5.6,0,50.0,0,0.0,1.00000000,0,0.0,0.0,0.0,0.0,0,0.0,0.0,0.0,0,2.9,8.4,4.06017484246031,0.379853,0.620147,0.0,0.0,0.0,0.0,0.0,0.0,A1,Connecting Guard,0.620147,A0,Perimeter Spacer,0.379853,True,unstable,Below 150 minutes; scored out-of-sample relative to the 150+ minute core_v3 training population.
135454::2026::Lindenwood,2026,135454,William Campbell,Lindenwood,OVC,8.64,PF/C,135454,pid_team,76,11.4,100,27.4,28.2,0,0.0,0,0.0,2.00000000,0,0.0,0.0,100.0,100.0,0,0.0,0.0,0.0,0,0,0,3.2597824074074073,0.0,0.504262,0.0,0.0,0.495738,0.0,0.0,0.0,A1,Connecting Guard,0.504262,A4,Scoring Playmaker,0.495738,True,very_unstable,Below 150 minutes; scored out-of-sample relative to the 150+ minute core_v3 training population.
126659::2026::Lipscomb,2026,126659,Luke Carter,Lipscomb,ASun,21.075,Wing G,126659,pid_team,73,13.9,100,24.1,0,0,0.0,0,100.0,0.00000000,0,33.33333333333333,0.0,0.0,0.0,11.8186,0.0,100.0,100.0,0,0,4.2,1.8093646500593117,0.461081,0.0,0.0,0.0,0.0,0.209309,0.02812,0.301491,A0,Perimeter Spacer,0.461081,A7,Traditional Big,0.301491,True,very_unstable,Below 150 minutes; scored out-of-sample relative to the 150+ minute core_v3 training population.
79333::2026::Little Rock,2026,79333,Christian Hughes,Little Rock,OVC,107.0223,Scoring PG,79333,pid_team,74,7.2,10.03,2,2,5.5,0.0,14.3,16.7,1.66696669,14.4,21.428571428571427,0.0,35.714285714285715,0.0,3.11132,0.0,100.0,100.0,1,3.6,4.9,6.49195541489951,0.0,0.74166,0.25834,0.0,0.0,0.0,0.0,0.0,A1,Connecting Guard,0.74166,A2,Low-Production Player,0.25834,True,borderline_unstable,Below 150 minutes; scored out-of-sample relative to the 150+ minute core_v3 training population.
127553::2026::Little Rock,2026,127553,Joseph Thomas,Little Rock,OVC,125.538,Combo G,127553,pid_team,75,15.7,52.01,3.4,5.9,4.1,80.0,13.2,45.5,0.80005200,14,10.526315789473683,25.0,31.57894736842105,25.0,9.67659,100.0,90.0,71.42857142857143,0,2.2,3.9,5.921808536060795,0.240517,0.0,0.38059,0.377189,0.001704,0.0,0.0,0.0,A2,Low-Production Player,0.38059,A3,Two-Way Guard,0.377189,True,borderline_unstable,Below 150 minutes; scored out-of-sample relative to the 150+ minute core_v3 training population.
133985::2026::Little Rock,2026,133985,Terrion Burgess,Little Rock,OVC,116.5,Wing F,133985,pid_team,81,13.5,70.41,3.8,10.6,9.7,77.8,40.9,33.300000000000004,1.00000000,18.5,44.0,90.91,20.0,40.0,2.98561,50.0,100.0,52.94117647058824,1,0.5,1.7,5.152034334763949,0.0,0.0,0.0,0.0,0.412459,0.587541,0.0,0.0,A5,Efficient Play Finisher,0.587541,A4,Scoring Playmaker,0.412459,True,borderline_unstable,Below 150 minutes; scored out-of-sample relative to the 150+ minute core_v3 training population.
76904::2026::Long Beach State,2026,76904,Derrick Michael Xzavierro,Long Beach State,BW,133.8672,C,76904,pid_team,81,17.4,51.67,15.3,19.4,3.9,73.3,78.9,0.0,0.31252109,32.7,65.0,53.849999999999994,15.0,33.33,1.31669,14.285714285714285,0.0,22.22222222222222,4.3,0.4,7.7,6.715670455496194,0.0,0.0,0.189072,0.136182,0.347181,0.0,0.0,0.327565,A4,Scoring Playmaker,0.347181,A7,Traditional Big,0.327565,True,borderline_unstable,Below 150 minutes; scored out-of-sample relative to the 150+ minute core_v3 training population.
77982::2026::Long Beach State,2026,77982,JJ Chaikovsky,Long Beach State,BW,124.7256,PF/C,77982,pid_team,79,7,30,9.8,14.2,6,0.0,0,0.0,1.66687781,15.2,60.0,50.0,20.0,0.0,1.06949,66.66666666666666,0.0,66.66666666666666,3.1,1.1,9.4,5.748138313225192,0.0,0.623296,0.376704,0.0,0.0,0.0,0.0,0.0,A1,Connecting Guard,0.623296,A2,Low-Production Player,0.376704,True,borderline_unstable,Below 150 minutes; scored out-of-sample relative to the 150+ minute core_v3 training population.
135563::2026::Longwood,2026,135563,Isaiah Kalala,Longwood,BSth,40.6404,C,135563,pid_team,81,9.4,51.72,20.3,12.8,0,75.0,400,0.0,0.50037504,21.4,0.0,0.0,100.0,0.0,0,0.0,0.0,0.0,0,0,7,3.783752128423933,0.0,0.0,0.0,0.0,0.843828,0.0,0.0,0.156172,A4,Scoring Playmaker,0.843828,A7,Traditional Big,0.156172,True,very_unstable,Below 150 minutes; scored out-of-sample relative to the 150+ minute core_v3 training population.
134546::2026::Longwood,2026,134546,Jerome Williams,Longwood,BSth,32.97,PF/C,134546,pid_team,72,13.4,30.61,0,5.8,7.6,75.0,133.3,0.0,1.66666660,20.6,66.66666666666666,0.0,33.33333333333333,0.0,0,0.0,0.0,0.0,0,0,5.7,2.9342553836821352,0.060907,0.101157,0.198643,0.007941,0.631352,0.0,0.0,0.0,A4,Scoring Playmaker,0.631352,A2,Low-Production Player,0.198643,True,very_unstable,Below 150 minutes; scored out-of-sample relative to the 150+ minute core_v3 training population.
72972::2026::Longwood,2026,72972,KJ McClurg,Longwood,BSth,42.15,Wing G,72972,pid_team,75,11.2,20.1,3,12.7,8.6,100.0,22.2,0.0,2.00000000,0,44.44444444444444,25.0,0.0,0.0,7.53975,0.0,0.0,0.0,0,1.5,3.1,5.698419928825622,0.259189,0.0,0.016004,0.472416,0.110605,0.0,0.0,0.141787,A3,Two-Way Guard,0.472416,A0,Perimeter Spacer,0.259189,True,very_unstable,Below 150 minutes; scored out-of-sample relative to the 150+ minute core_v3 training population.
78603::2026::Louisiana,2026,78603,Jamyron Keller,Louisiana,SB,59.3,Scoring PG,78603,pid_team,75,34,47.62,1.9,6.7,27,66.7,40,30.8,2.00000000,9.3,13.333333333333334,50.0,43.333333333333336,38.46,13.6986,0.0,75.0,27.27272727272727,2.1,3.2,3.4,6.354711635750421,0.220102,0.337146,0.0,0.0,0.442752,0.0,0.0,0.0,A4,Scoring Playmaker,0.442752,A1,Connecting Guard,0.337146,True,unstable,Below 150 minutes; scored out-of-sample relative to the 150+ minute core_v3 training population.
135459::2026::Louisiana,2026,135459,Logan Myers,Louisiana,SB,3.6,PF/C,135459,pid_team,75,12.1,0,0,0,0,0.0,0,0.0,0.00000000,0,0.0,0.0,100.0,0.0,0,0.0,0.0,0.0,0,0,0,3.2010555555555555,0.127287,0.0,0.815053,0.0,0.057659,0.0,0.0,0.0,A2,Low-Production Player,0.815053,A0,Perimeter Spacer,0.127287,True,very_unstable,Below 150 minutes; scored out-of-sample relative to the 150+ minute core_v3 training population.
127889::2026::Louisiana,2026,127889,Michael Mouton,Louisiana,SB,14.4,PF/C,127889,pid_team,76,14.8,25,0,9.2,28.3,0.0,0,0.0,1.99979997,0,50.0,0.0,50.0,50.0,0,0.0,0.0,0.0,8.5,0,8.3,5.666055555555556,0.0,0.831802,0.0,0.0,0.168198,0.0,0.0,0.0,A1,Connecting Guard,0.831802,A4,Scoring Playmaker,0.168198,True,very_unstable,Below 150 minutes; scored out-of-sample relative to the 150+ minute core_v3 training population.
79119::2026::Louisiana Monroe,2026,79119,Ajay Tew,Louisiana Monroe,SB,16.0765,Combo G,79119,pid_team,71,19.4,28.78,0,0,0,50.0,33.3,25.0,0.00000000,0,16.666666666666664,0.0,16.666666666666664,0.0,14.3481,0.0,100.0,100.0,0,0,2.5,3.3667029515130786,0.919523,0.0,0.080477,0.0,0.0,0.0,0.0,0.0,A0,Perimeter Spacer,0.919523,A2,Low-Production Player,0.080477,True,very_unstable,Below 150 minutes; scored out-of-sample relative to the 150+ minute core_v3 training population.
135254::2026::Louisiana Monroe,2026,135254,Alex Huguet Carrasco,Louisiana Monroe,SB,100.275,Wing F,135254,pid_team,79,13.6,46.12,10.5,16.2,2.1,33.300000000000004,28.6,33.300000000000004,1.00000000,4.5,33.33333333333333,57.14,9.523809523809524,0.0,7.26722,75.0,75.0,75.0,0,1.2,1.7,5.8314834205933685,0.0,0.0,0.0,0.0,0.0,0.0,0.36144,0.63856,A7,Traditional Big,0.63856,A6,Two-Way Forward,0.36144,True,borderline_unstable,Below 150 minutes; scored out-of-sample relative to the 150+ minute core_v3 training population.
134168::2026::Louisiana Tech,2026,134168,Jermaurhiyun Anderson,Louisiana Tech,CUSA,49.5999,PF/C,134168,pid_team,76,9.9,23.98,6.8,16.2,0,33.300000000000004,33.3,0.0,0.00000000,0,44.44444444444444,50.0,33.33333333333333,0.0,2.44111,50.0,0.0,50.0,8.4,1.2,2.4,7.289095340918026,0.442324,0.111472,0.446205,0.0,0.0,0.0,0.0,0.0,A2,Low-Production Player,0.446205,A0,Perimeter Spacer,0.442324,True,very_unstable,Below 150 minutes; scored out-of-sample relative to the 150+ minute core_v3 training population.
134165::2026::Louisiana Tech,2026,134165,Keegan Rowell,Louisiana Tech,CUSA,33.0,Wing G,134165,pid_team,74,14.6,75,5.5,5.6,0,0.0,0,50.0,0.50000000,41,0.0,0.0,0.0,0.0,12.2055,0.0,50.0,50.0,0,0,7.8,2.6468606060606064,0.286581,0.0,0.713419,0.0,0.0,0.0,0.0,0.0,A2,Low-Production Player,0.713419,A0,Perimeter Spacer,0.286581,True,very_unstable,Below 150 minutes; scored out-of-sample relative to the 150+ minute core_v3 training population.
72859::2026::Louisiana Tech,2026,72859,William Jeffress,Louisiana Tech,CUSA,110.4,PF/C,72859,pid_team,79,14.9,27.55,10.2,14.7,1.6,66.7,21.4,8.3,0.33333333,11.2,25.0,57.14,32.142857142857146,11.110000000000001,6.73409,0.0,100.0,16.666666666666664,1.3,0,3.7,5.460905797101449,0.036357,0.0,0.188968,0.0,0.161013,0.0,0.389767,0.223895,A6,Two-Way Forward,0.389767,A7,Traditional Big,0.223895,True,borderline_unstable,Below 150 minutes; scored out-of-sample relative to the 150+ minute core_v3 training population.
77146::2026::Louisville,2026,77146,Cole Sherman,Louisville,ACC,12.0,Pure PG,77146,pid_team,71,37.8,66.67,0,0,21.8,0.0,0,44.4,0.50000000,24.8,0.0,0.0,0.0,0.0,40.2089,0.0,75.0,75.0,0,4.7,3.3,7.377133333333333,0.005731,0.0,0.0,0.994269,0.0,0.0,0.0,0.0,A3,Two-Way Guard,0.994269,A0,Perimeter Spacer,0.005731,True,very_unstable,Below 150 minutes; scored out-of-sample relative to the 150+ minute core_v3 training population.
73085::2026::Louisville,2026,73085,Kasean Pryor,Louisville,ACC,147.8992,Stretch 4,73085,pid_team,82,20.5,47.49,6.3,24,7,50.0,25,22.7,0.54547353,20.5,36.53846153846153,63.160000000000004,13.461538461538462,42.86,8.34524,58.333333333333336,80.0,66.66666666666666,3,3.4,6.5,10.124138602507655,0.083245,0.141196,0.007168,0.768391,0.0,0.0,0.0,0.0,A3,Two-Way Guard,0.768391,A1,Connecting Guard,0.141196,True,borderline_unstable,Below 150 minutes; scored out-of-sample relative to the 150+ minute core_v3 training population.
76028::2026::Louisville,2026,76028,Spencer Legg,Louisville,ACC,8.6004,PF/C,76028,pid_team,79,20,70.71,27,25,48.1,100.0,50,33.300000000000004,0.66666670,38.2,25.0,100.0,0.0,0.0,20.1044,0.0,100.0,50.0,0,0,0,7.090135342542207,0.0,0.0,0.0,0.011998,0.72282,0.265182,0.0,0.0,A4,Scoring Playmaker,0.72282,A5,Efficient Play Finisher,0.265182,True,very_unstable,Below 150 minutes; scored out-of-sample relative to the 150+ minute core_v3 training population.
135327::2026::Louisville,2026,135327,Will Hanke,Louisville,ACC,10.2,PF/C,135327,pid_team,76,14.8,33.33,22.7,21.1,0,0.0,0,0.0,0.00000000,0,100.0,33.33,0.0,0.0,0,100.0,0.0,100.0,10.8,0,3.9,8.557882352941176,0.242504,0.129423,0.322278,0.0,0.0,0.0,0.0,0.305795,A2,Low-Production Player,0.322278,A7,Traditional Big,0.305795,True,very_unstable,Below 150 minutes; scored out-of-sample relative to the 150+ minute core_v3 training population.
127477::2026::Loyola Chicago,2026,127477,Brayden Young,Loyola Chicago,A10,53.4996,C,127477,pid_team,81,10,45.2,8.9,15.5,3.5,0.0,100,0.0,0.24992500,45.6,75.0,66.67,0.0,0.0,0,50.0,0.0,66.66666666666666,2.3,1.1,10.5,6.632991648535691,0.0,0.0,0.426107,0.0,0.0,0.0,0.0,0.573893,A7,Traditional Big,0.573893,A2,Low-Production Player,0.426107,True,unstable,Below 150 minutes; scored out-of-sample relative to the 150+ minute core_v3 training population.
73787::2026::Loyola Chicago,2026,73787,Dominick Harris,Loyola Chicago,A10,44.3002,Combo G,73787,pid_team,75,20.4,29.5,2.7,8,9,50.0,12.5,21.4,1.00000000,13.4,6.25,0.0,6.25,0.0,19.447,0.0,66.66666666666666,66.66666666666666,0,0,4.5,4.515970582525587,0.790913,0.0,0.209087,0.0,0.0,0.0,0.0,0.0,A0,Perimeter Spacer,0.790913,A2,Low-Production Player,0.209087,True,very_unstable,Below 150 minutes; scored out-of-sample relative to the 150+ minute core_v3 training population.
127476::2026::Loyola Chicago,2026,127476,Zachary Royster,Loyola Chicago,A10,20.5,Wing G,127476,pid_team,79,13.4,50,0,11.6,0,0.0,0,25.0,0.00000000,22.1,0.0,0.0,20.0,100.0,12.2238,0.0,100.0,100.0,0,0,0,4.819121951219512,0.672639,0.0,0.327361,0.0,0.0,0.0,0.0,0.0,A0,Perimeter Spacer,0.672639,A2,Low-Production Player,0.327361,True,very_unstable,Below 150 minutes; scored out-of-sample relative to the 150+ minute core_v3 training population.
127491::2026::Loyola MD,2026,127491,Ben Menker,Loyola MD,Pat,16.2459,Wing G,127491,pid_team,77,20.2,0,0,24.7,0,0.0,0,0.0,0.50000000,58.7,0.0,0.0,0.0,0.0,12.0137,0.0,0.0,0.0,0,0,0,3.5925125724028826,0.0,0.0,1.0,0.0,0.0,0.0,0.0,0.0,A2,Low-Production Player,1.0,A0,Perimeter Spacer,0.0,True,very_unstable,Below 150 minutes; scored out-of-sample relative to the 150+ minute core_v3 training population.
76899::2026::Loyola MD,2026,76899,Garrett Brennan,Loyola MD,Pat,53.3871,Pure PG,76899,pid_team,76,12.3,28.99,3.2,3.5,9.5,25.0,80,25.0,5.99700190,13.8,20.0,0.0,0.0,0.0,6.86496,0.0,100.0,100.0,3.3,1.7,6.9,3.716208597207939,0.276622,0.0,0.684318,0.0,0.0,0.0,0.0,0.03906,A2,Low-Production Player,0.684318,A0,Perimeter Spacer,0.276622,True,unstable,Below 150 minutes; scored out-of-sample relative to the 150+ minute core_v3 training population.
127908::2026::Loyola MD,2026,127908,Peter Sposito,Loyola MD,Pat,13.0095,PF/C,127908,pid_team,74,18.3,0,12.2,13.3,0,0.0,33.3,0.0,0.00000000,0,0.0,0.0,66.66666666666666,0.0,6.00684,0.0,0.0,0.0,0,0,4.3,3.4662054652369427,0.253436,0.0,0.746564,0.0,0.0,0.0,0.0,0.0,A2,Low-Production Player,0.746564,A0,Perimeter Spacer,0.253436,True,very_unstable,Below 150 minutes; scored out-of-sample relative to the 150+ minute core_v3 training population.
127443::2026::Loyola Marymount,2026,127443,Jael Martin,Loyola Marymount,WCC,121.8816,Wing F,127443,pid_team,80,10.5,55.16,4.3,15.3,3.3,66.7,33.3,20.0,1.50085026,10.1,61.904761904761905,61.53999999999999,0.0,0.0,2.65098,50.0,100.0,63.63636363636363,2.9,1.1,3.6,6.197719754253307,0.230183,0.769817,0.0,0.0,0.0,0.0,0.0,0.0,A1,Connecting Guard,0.769817,A0,Perimeter Spacer,0.230183,True,borderline_unstable,Below 150 minutes; scored out-of-sample relative to the 150+ minute core_v3 training population.
77694::2026::Loyola Marymount,2026,77694,Kevin Carney,Loyola Marymount,WCC,8.8,Pure PG,77694,pid_team,71,26.9,0,0,0,17.8,0.0,50,0.0,1.00000000,0,25.0,0.0,0.0,0.0,19.996,0.0,0.0,0.0,0,6.7,0,8.017272727272728,0.808366,0.0,0.191634,0.0,0.0,0.0,0.0,0.0,A0,Perimeter Spacer,0.808366,A2,Low-Production Player,0.191634,True,very_unstable,Below 150 minutes; scored out-of-sample relative to the 150+ minute core_v3 training population.
77198::2026::Maine,2026,77198,Killian Gribben,Maine,AE,3.5,Wing F,77198,pid_team,82,43.8,50,0,0,0,0.0,0,0.0,0.00000000,40.2,100.0,50.0,0.0,0.0,0,100.0,0.0,100.0,0,0,0,3.058308571428572,0.0,0.0,0.56747,0.0,0.0,0.0,0.0,0.43253,A2,Low-Production Player,0.56747,A7,Traditional Big,0.43253,True,very_unstable,Below 150 minutes; scored out-of-sample relative to the 150+ minute core_v3 training population.
134696::2026::Manhattan,2026,134696,Asier Miguel Torrero,Manhattan,MAAC,39.0224,Wing G,134696,pid_team,77,20.9,42.22,0,4,6.8,0.0,11.1,25.0,1.00000000,29.2,11.11111111111111,100.0,0.0,0.0,16.3139,100.0,100.0,100.0,0,2,1.4,3.6651974250686785,0.0,0.0,0.0,0.0,0.0,1.0,0.0,0.0,A5,Efficient Play Finisher,1.0,A0,Perimeter Spacer,0.0,True,very_unstable,Below 150 minutes; scored out-of-sample relative to the 150+ minute core_v3 training population.
74775::2026::Manhattan,2026,74775,Brett Rumpel,Manhattan,MAAC,18.6,Wing G,74775,pid_team,76,14.7,20,0,0,0,0.0,0,0.0,0.00000000,21.5,60.0,33.33,20.0,0.0,3.12683,100.0,0.0,100.0,0,0,8.6,3.222064516129032,0.0,0.0,1.0,0.0,0.0,0.0,0.0,0.0,A2,Low-Production Player,1.0,A0,Perimeter Spacer,0.0,True,very_unstable,Below 150 minutes; scored out-of-sample relative to the 150+ minute core_v3 training population.
128406::2026::Manhattan,2026,128406,Jackson Delaney,Manhattan,MAAC,87.97,Combo G,128406,pid_team,77,10.1,24.14,6.7,8.3,6.1,0.0,27.3,25.0,1.33333330,20.8,27.27272727272727,0.0,0.0,0.0,5.60029,0.0,100.0,100.0,4.9,2.8,4.3,6.522178015232465,0.019643,0.507976,0.336045,0.136336,0.0,0.0,0.0,0.0,A1,Connecting Guard,0.507976,A2,Low-Production Player,0.336045,True,unstable,Below 150 minutes; scored out-of-sample relative to the 150+ minute core_v3 training population.
79336::2026::Manhattan,2026,79336,Michael Lawlor,Manhattan,MAAC,18.64,C,79336,pid_team,80,17,0,30.6,0,0,0.0,100,0.0,1.60000002,0,100.0,0.0,0.0,0.0,0,0.0,0.0,0.0,0,0,7.3,1.8776630901287552,0.0,0.607886,0.392114,0.0,0.0,0.0,0.0,0.0,A1,Connecting Guard,0.607886,A2,Low-Production Player,0.392114,True,very_unstable,Below 150 minutes; scored out-of-sample relative to the 150+ minute core_v3 training population.
134693::2026::Manhattan,2026,134693,Omari Moore,Manhattan,MAAC,31.15,Wing G,134693,pid_team,73,29.5,32.11,0,12.4,0,50.0,44.4,20.0,1.00000000,10.7,11.11111111111111,100.0,33.33333333333333,0.0,15.6341,100.0,100.0,100.0,0,3.2,12.9,4.308776886035313,0.0,0.0,0.494883,0.505117,0.0,0.0,0.0,0.0,A3,Two-Way Guard,0.505117,A2,Low-Production Player,0.494883,True,very_unstable,Below 150 minutes; scored out-of-sample relative to the 150+ minute core_v3 training population.
127390::2026::Marist,2026,127390,Antoni Vlogianitis,Marist,MAAC,15.6625,PF/C,127390,pid_team,76,18.7,0,7.9,15.2,10.7,0.0,0,0.0,0.33333333,43.9,33.33333333333333,0.0,66.66666666666666,0.0,0,0.0,0.0,0.0,0,0,5.4,5.655010375099762,0.0,0.0,1.0,0.0,0.0,0.0,0.0,0.0,A2,Low-Production Player,1.0,A0,Perimeter Spacer,0.0,True,very_unstable,Below 150 minutes; scored out-of-sample relative to the 150+ minute core_v3 training population.
127257::2026::Marist,2026,127257,Ricky McKenzie,Marist,MAAC,62.0,Wing G,127257,pid_team,77,12.8,25.09,2,9.4,2.8,100.0,15.4,14.299999999999999,0.33333331,15.8,38.46153846153847,20.0,7.6923076923076925,0.0,7.04567,100.0,100.0,100.0,0,0,1.3,4.885296774193548,0.700062,0.0,0.299938,0.0,0.0,0.0,0.0,0.0,A0,Perimeter Spacer,0.700062,A2,Low-Production Player,0.299938,True,unstable,Below 150 minutes; scored out-of-sample relative to the 150+ minute core_v3 training population.
128270::2026::Marist,2026,128270,Tarik Watson,Marist,MAAC,112.4,C,128270,pid_team,80,29.6,47.88,13.6,10,6.7,75.0,20.7,0.0,0.75000002,7.3,61.016949152542374,47.22,37.28813559322034,40.910000000000004,0,76.47058823529412,0.0,74.07407407407408,1,1.1,5,6.154377224199289,0.482594,0.150854,0.0,0.0,0.366551,0.0,0.0,0.0,A0,Perimeter Spacer,0.482594,A4,Scoring Playmaker,0.366551,True,borderline_unstable,Below 150 minutes; scored out-of-sample relative to the 150+ minute core_v3 training population.
76627::2026::Marist,2026,76627,Trace Salton,Marist,MAAC,146.572,Wing F,76627,pid_team,78,10.3,52.9,8,11.5,5.8,66.7,35.3,42.9,0.83339171,24.2,38.88888888888889,57.14,16.666666666666664,0.0,2.91143,50.0,100.0,71.42857142857143,5.6,2.1,2.5,7.573315503643261,0.30413,0.331665,0.364204,0.0,0.0,0.0,0.0,0.0,A2,Low-Production Player,0.364204,A1,Connecting Guard,0.331665,True,borderline_unstable,Below 150 minutes; scored out-of-sample relative to the 150+ minute core_v3 training population.
134720::2026::Marquette,2026,134720,Braeden Brenn,Marquette,BE,2.3001,C,134720,pid_team,80,11.3,100,0,0,0,0.0,0,0.0,0.00000000,0,100.0,100.0,0.0,0.0,0,100.0,0.0,100.0,0,0,17.4,3.590191730794313,0.0,0.0,0.0,0.0,0.0,0.633004,0.0,0.366996,A5,Efficient Play Finisher,0.633004,A7,Traditional Big,0.366996,True,very_unstable,Below 150 minutes; scored out-of-sample relative to the 150+ minute core_v3 training population.
78145::2026::Marquette,2026,78145,Casey O'Malley,Marquette,BE,2.3,Pure PG,78145,pid_team,75,22.6,0,0,0,65.8,0.0,0,0.0,1.00000000,0,100.0,0.0,0.0,0.0,0,0.0,0.0,0.0,0,0,0,3.1386782608695656,0.007871,0.0,0.620188,0.0,0.371942,0.0,0.0,0.0,A2,Low-Production Player,0.620188,A4,Scoring Playmaker,0.371942,True,very_unstable,Below 150 minutes; scored out-of-sample relative to the 150+ minute core_v3 training population.
127041::2026::Marquette,2026,127041,Josh Clark,Marquette,BE,126.5989,C,127041,pid_team,85,14.7,42.85,12.8,26.2,0,23.1,43.3,0.0,0.00000000,3.1,72.5,48.28,2.5,0.0,0,57.14285714285714,0.0,60.0,7,1.8,3.5,9.129368422632425,0.26301,0.125972,0.116611,0.053227,0.0,0.0,0.0,0.441181,A7,Traditional Big,0.441181,A0,Perimeter Spacer,0.26301,True,borderline_unstable,Below 150 minutes; scored out-of-sample relative to the 150+ minute core_v3 training population.
128122::2026::Marshall,2026,128122,Grant Moore,Marshall,SB,6.6,PF/C,128122,pid_team,78,26.4,50,0,15.9,0,0.0,0,33.300000000000004,0.00000000,32.6,0.0,0.0,0.0,0.0,27.4669,0.0,100.0,100.0,16.6,0,12.1,8.515272727272729,0.011277,0.0,0.142414,0.039459,0.0,0.0,0.183373,0.623477,A7,Traditional Big,0.623477,A6,Two-Way Forward,0.183373,True,very_unstable,Below 150 minutes; scored out-of-sample relative to the 150+ minute core_v3 training population.
76220::2026::Marshall,2026,76220,Kai Spears,Marshall,SB,68.6938,Combo G,76220,pid_team,74,14,52.37,9.1,11.7,12.1,88.9,81.8,0.0,5.99700190,6.4,72.72727272727273,50.0,18.181818181818183,0.0,0.897612,50.0,0.0,50.0,0,4.5,10.8,7.954953722169979,0.0,0.0,0.0,0.339973,0.0,0.0,0.0,0.660027,A7,Traditional Big,0.660027,A3,Two-Way Guard,0.339973,True,unstable,Below 150 minutes; scored out-of-sample relative to the 150+ minute core_v3 training population.
133965::2026::Maryland Eastern Shore,2026,133965,Jaden Johnson,Maryland Eastern Shore,MEAC,140.1519,Combo G,133965,pid_team,70,18.7,32.26,1,13,20.1,100.0,15.4,15.4,1.00000000,39.3,34.61538461538461,33.33,15.384615384615385,25.0,6.3648,100.0,100.0,83.33333333333334,0,1.5,3.5,5.365178781022592,0.0,0.0,0.506628,0.493372,0.0,0.0,0.0,0.0,A2,Low-Production Player,0.506628,A3,Two-Way Guard,0.493372,True,borderline_unstable,Below 150 minutes; scored out-of-sample relative to the 150+ minute core_v3 training population.
79120::2026::Maryland Eastern Shore,2026,79120,Javoy Thompson,Maryland Eastern Shore,MEAC,133.236,Wing G,79120,pid_team,79,12.7,29.35,2.1,7.3,6.4,66.7,28.6,0.0,0.71418161,24.2,26.08695652173913,50.0,52.17391304347826,16.669999999999998,1.54374,66.66666666666666,0.0,50.0,0,0.5,1.7,4.149809360833408,0.115784,0.0,0.516625,0.0,0.367592,0.0,0.0,0.0,A2,Low-Production Player,0.516625,A4,Scoring Playmaker,0.367592,True,borderline_unstable,Below 150 minutes; scored out-of-sample relative to the 150+ minute core_v3 training population.
134838::2026::Massachusetts,2026,134838,Charles Outlaw,Massachusetts,MAC,24.675,C,134838,pid_team,81,15.3,28.78,6.5,20.5,0,0.0,33.3,0.0,0.00000000,41.2,33.33333333333333,100.0,66.66666666666666,0.0,0,0.0,0.0,0.0,14.1,3.2,13.5,7.8937710233029375,0.0,0.0,0.365275,0.428363,0.0,0.0,0.0,0.206362,A3,Two-Way Guard,0.428363,A2,Low-Production Player,0.365275,True,very_unstable,Below 150 minutes; scored out-of-sample relative to the 150+ minute core_v3 training population.
135146::2026::Massachusetts,2026,135146,Donovan Brown,Massachusetts,MAC,82.968,Scoring PG,135146,pid_team,74,13.9,36.11,1.6,8.2,6.4,0.0,0,30.0,1.16666667,27.1,16.666666666666664,0.0,27.77777777777778,40.0,7.49926,0.0,100.0,60.0,0,3,4.3,6.324414231993058,0.0,0.139762,0.435046,0.425192,0.0,0.0,0.0,0.0,A2,Low-Production Player,0.435046,A3,Two-Way Guard,0.425192,True,unstable,Below 150 minutes; scored out-of-sample relative to the 150+ minute core_v3 training population.
78964::2026::Massachusetts,2026,78964,Rollie Castineyra,Massachusetts,MAC,14.625,Scoring PG,78964,pid_team,73,7.1,0,0,0,0,0.0,0,0.0,0.00000000,0,0.0,0.0,0.0,0.0,10.6864,0.0,0.0,0.0,0,5.5,3.9,5.584328205128205,0.0,0.0,0.38019,0.61981,0.0,0.0,0.0,0.0,A3,Two-Way Guard,0.61981,A2,Low-Production Player,0.38019,True,very_unstable,Below 150 minutes; scored out-of-sample relative to the 150+ minute core_v3 training population.
127342::2026::McNeese St.,2026,127342,JJ Rembert,McNeese St.,Slnd,29.625,Pure PG,127342,pid_team,70,21.2,16.81,0,0,43.5,100.0,40,0.0,6.00000000,27.2,20.0,0.0,60.0,0.0,2.91086,0.0,0.0,0.0,0,2.9,3.8,3.598163713080169,0.0,0.0,0.040697,0.094173,0.865129,0.0,0.0,0.0,A4,Scoring Playmaker,0.865129,A3,Two-Way Guard,0.094173,True,very_unstable,Below 150 minutes; scored out-of-sample relative to the 150+ minute core_v3 training population.
78335::2026::Memphis,2026,78335,Arop Arop,Memphis,Amer,22.5999,C,78335,pid_team,83,18.9,37.97,14.4,14.5,0,50.0,66.7,0.0,0.00000000,13.1,83.33333333333334,40.0,0.0,0.0,2.4103,0.0,0.0,0.0,5.3,0,7.1,6.248523223554088,0.473064,0.0,0.360626,0.0,0.085538,0.0,0.0,0.080773,A0,Perimeter Spacer,0.473064,A2,Low-Production Player,0.360626,True,very_unstable,Below 150 minutes; scored out-of-sample relative to the 150+ minute core_v3 training population.
134410::2026::Memphis,2026,134410,Mason Matthews,Memphis,Amer,22.0003,Scoring PG,134410,pid_team,80,12.9,21.43,4.9,0,7.4,0.0,0,16.7,1.00030004,0,0.0,0.0,14.285714285714285,0.0,15.3125,0.0,100.0,100.0,0,0,7.3,3.3396271869019967,0.490039,0.326354,0.183607,0.0,0.0,0.0,0.0,0.0,A0,Perimeter Spacer,0.490039,A1,Connecting Guard,0.326354,True,very_unstable,Below 150 minutes; scored out-of-sample relative to the 150+ minute core_v3 training population.
127518::2026::Mercer,2026,127518,Braeden Carlsen,Mercer,SC,34.6875,Wing G,127518,pid_team,76,43.1,40.2,0,20.7,0,100.0,22.2,28.599999999999998,1.33333333,12.4,11.11111111111111,0.0,11.11111111111111,0.0,38.4507,0.0,100.0,100.0,10.6,5.4,0,3.5275762162162163,0.675447,0.0,0.0,0.324553,0.0,0.0,0.0,0.0,A0,Perimeter Spacer,0.675447,A3,Two-Way Guard,0.324553,True,very_unstable,Below 150 minutes; scored out-of-sample relative to the 150+ minute core_v3 training population.
134958::2026::Mercer,2026,134958,Jaydon Cole,Mercer,SC,25.6572,Combo G,134958,pid_team,75,28.6,50.42,0,12.8,0,50.0,40,25.0,4.50017499,0,0.0,0.0,20.0,100.0,24.7183,0.0,0.0,0.0,0,0,0,1.7326910185055266,0.416337,0.0,0.0,0.0,0.583663,0.0,0.0,0.0,A4,Scoring Playmaker,0.583663,A0,Perimeter Spacer,0.416337,True,very_unstable,Below 150 minutes; scored out-of-sample relative to the 150+ minute core_v3 training population.
77345::2026::Mercer,2026,77345,TJ Grant,Mercer,SC,36.1875,Wing F,77345,pid_team,77,8.1,50,14,6.8,9.8,0.0,0,0.0,6.25000000,0,50.0,100.0,50.0,0.0,0,0.0,0.0,0.0,0,3.5,7.4,3.1341540587219345,0.0,0.0,0.212078,0.0,0.032231,0.0,0.0,0.755692,A7,Traditional Big,0.755692,A2,Low-Production Player,0.212078,True,very_unstable,Below 150 minutes; scored out-of-sample relative to the 150+ minute core_v3 training population.
134361::2026::Mercyhurst,2026,134361,Brady Conner,Mercyhurst,NEC,20.5332,PF/C,134361,pid_team,78,17,0,8.8,18.2,11.7,0.0,0,0.0,1.00000000,27.2,33.33333333333333,0.0,33.33333333333333,0.0,4.79103,0.0,0.0,0.0,0,4.6,5.9,5.615588412911772,0.0,0.0,0.364503,0.635497,0.0,0.0,0.0,0.0,A3,Two-Way Guard,0.635497,A2,Low-Production Player,0.364503,True,very_unstable,Below 150 minutes; scored out-of-sample relative to the 150+ minute core_v3 training population.
134363::2026::Mercyhurst,2026,134363,Christopher Leman,Mercyhurst,NEC,18.0668,C,134363,pid_team,81,8.6,0,0,0,0,0.0,0,0.0,0.50015004,0,0.0,0.0,50.0,0.0,5.98878,0.0,0.0,0.0,0,0,3.8,1.9789138087541789,0.256881,0.0,0.743119,0.0,0.0,0.0,0.0,0.0,A2,Low-Production Player,0.743119,A0,Perimeter Spacer,0.256881,True,very_unstable,Below 150 minutes; scored out-of-sample relative to the 150+ minute core_v3 training population.
134362::2026::Mercyhurst,2026,134362,Or Faran Frenkel,Mercyhurst,NEC,37.76,Scoring PG,134362,pid_team,77,13.4,18.75,0,0,0,0.0,0,33.300000000000004,1.60000002,0,22.22222222222222,0.0,33.33333333333333,0.0,6.84432,0.0,100.0,100.0,0,2.3,4.4,3.5714194915254236,0.21579,0.719208,0.065002,0.0,0.0,0.0,0.0,0.0,A1,Connecting Guard,0.719208,A0,Perimeter Spacer,0.21579,True,very_unstable,Below 150 minutes; scored out-of-sample relative to the 150+ minute core_v3 training population.
79088::2026::Mercyhurst,2026,79088,Vladimir Pavlovic,Mercyhurst,NEC,27.9,Scoring PG,79088,pid_team,75,23.7,0,0,0,15.8,0.0,0,0.0,0.60000000,65.7,33.33333333333333,0.0,33.33333333333333,0.0,3.19402,0.0,0.0,0.0,0,0,4,2.4693333333333327,0.0,0.0,1.0,0.0,0.0,0.0,0.0,0.0,A2,Low-Production Player,1.0,A0,Perimeter Spacer,0.0,True,very_unstable,Below 150 minutes; scored out-of-sample relative to the 150+ minute core_v3 training population.
133969::2026::Merrimack,2026,133969,Aliou Cisse,Merrimack,MAAC,91.2002,PF/C,133969,pid_team,79,20.1,31.59,12.2,7.8,4.6,14.299999999999999,31.8,14.299999999999999,0.33326110,20.5,56.00000000000001,42.86,4.0,0.0,4.84705,16.666666666666664,100.0,37.5,3.6,1.4,5.3,5.276348078184038,0.0,0.0,0.385899,0.161084,0.0,0.0,0.09235,0.360667,A2,Low-Production Player,0.385899,A7,Traditional Big,0.360667,True,unstable,Below 150 minutes; scored out-of-sample relative to the 150+ minute core_v3 training population.
126921::2026::Merrimack,2026,126921,Brendan Johnson,Merrimack,MAAC,36.9996,Wing G,126921,pid_team,76,21.7,28.67,0,3.2,0,100.0,15.4,0.0,0.00000000,15.7,46.15384615384615,50.0,15.384615384615385,0.0,8.46311,66.66666666666666,0.0,66.66666666666666,0,1.7,7.6,4.424199180531682,0.002135,0.0,0.277496,0.149934,0.0,0.0,0.0,0.570435,A7,Traditional Big,0.570435,A2,Low-Production Player,0.277496,True,very_unstable,Below 150 minutes; scored out-of-sample relative to the 150+ minute core_v3 training population.
74910::2026::Merrimack,2026,74910,Jaylen Stinson,Merrimack,MAAC,131.5008,Scoring PG,74910,pid_team,74,18.2,46.82,1.9,9.9,19.9,75.0,57.1,28.599999999999998,1.00000000,34.2,47.61904761904761,40.0,19.047619047619047,25.0,3.33235,0.0,50.0,14.285714285714285,0,2.9,4,6.130274492626661,0.273416,0.0,0.664654,0.0,0.06193,0.0,0.0,0.0,A2,Low-Production Player,0.664654,A0,Perimeter Spacer,0.273416,True,borderline_unstable,Below 150 minutes; scored out-of-sample relative to the 150+ minute core_v3 training population.
74071::2026::Merrimack,2026,74071,Malik Edmead,Merrimack,MAAC,68.2003,PF/C,74071,pid_team,70,23.5,22.96,5.4,6.9,14.5,66.7,18.8,0.0,0.50000000,39.1,50.0,37.5,50.0,0.0,0,0.0,0.0,0.0,3.2,0.9,2.3,4.703480776477523,0.0,0.0,0.636691,0.0,0.363309,0.0,0.0,0.0,A2,Low-Production Player,0.636691,A4,Scoring Playmaker,0.363309,True,unstable,Below 150 minutes; scored out-of-sample relative to the 150+ minute core_v3 training population.
134005::2026::Miami FL,2026,134005,"John Laboy, II",Miami FL,ACC,27.4998,Pure PG,134005,pid_team,75,20.7,39.11,0,4.3,16.2,50.0,25,33.300000000000004,1.00000000,30.3,12.5,0.0,12.5,0.0,12.3021,0.0,100.0,100.0,0,4.2,4.4,7.315413203005112,0.802177,0.0,0.197823,0.0,0.0,0.0,0.0,0.0,A0,Perimeter Spacer,0.802177,A2,Low-Production Player,0.197823,True,very_unstable,Below 150 minutes; scored out-of-sample relative to the 150+ minute core_v3 training population.
126551::2026::Miami FL,2026,126551,Jordyn Kee,Miami FL,ACC,25.2,Pure PG,126551,pid_team,75,17.2,21.43,4.8,9.4,16.9,0.0,0,25.0,1.50000000,26.6,42.857142857142854,0.0,0.0,0.0,9.11266,0.0,100.0,100.0,0,2.3,9.5,6.702825396825397,0.0,0.355152,0.332495,0.312353,0.0,0.0,0.0,0.0,A1,Connecting Guard,0.355152,A2,Low-Production Player,0.332495,True,very_unstable,Below 150 minutes; scored out-of-sample relative to the 150+ minute core_v3 training population.
134759::2026::Miami OH,2026,134759,Brady Ganley,Miami OH,MAC,7.95,Pure PG,134759,pid_team,75,14.1,105.26,0,0,30,100.0,0,0.0,1.99940002,0,0.0,0.0,0.0,0.0,0,0.0,0.0,0.0,0,12.3,0,7.281459119496856,0.0,0.117966,0.0,0.607665,0.0,0.274369,0.0,0.0,A3,Two-Way Guard,0.607665,A5,Efficient Play Finisher,0.274369,True,very_unstable,Below 150 minutes; scored out-of-sample relative to the 150+ minute core_v3 training population.
76521::2026::Miami OH,2026,76521,Eli Yofan,Miami OH,MAC,7.0,Scoring PG,76521,pid_team,74,16.4,0,0,0,0,0.0,0,0.0,0.50000000,0,0.0,0.0,0.0,0.0,22.3618,0.0,0.0,0.0,0,0,16,1.5614685714285717,0.399449,0.0,0.600551,0.0,0.0,0.0,0.0,0.0,A2,Low-Production Player,0.600551,A0,Perimeter Spacer,0.399449,True,very_unstable,Below 150 minutes; scored out-of-sample relative to the 150+ minute core_v3 training population.
127875::2026::Miami OH,2026,127875,Ethan Wright,Miami OH,MAC,4.28,Wing G,127875,pid_team,77,10.8,100,0,0,0,0.0,0,0.0,0.00000000,0,100.0,100.0,0.0,0.0,0,100.0,0.0,100.0,0,0,0,2.1805514018691587,0.0,0.0,0.0,0.0,0.0,0.288572,0.0,0.711428,A7,Traditional Big,0.711428,A5,Efficient Play Finisher,0.288572,True,very_unstable,Below 150 minutes; scored out-of-sample relative to the 150+ minute core_v3 training population.
78889::2026::Miami OH,2026,78889,Jackson Kotecki,Miami OH,MAC,17.16,C,78889,pid_team,81,15.1,105.26,0,52.1,32.1,100.0,0,0.0,1.00000000,0,0.0,0.0,0.0,0.0,0,0.0,0.0,0.0,0,0,0,2.508951048951049,0.0,0.0,0.0,0.0,0.26579,0.0,0.413606,0.320604,A6,Two-Way Forward,0.413606,A7,Traditional Big,0.320604,True,very_unstable,Below 150 minutes; scored out-of-sample relative to the 150+ minute core_v3 training population.
134762::2026::Miami OH,2026,134762,Kyle Waltz,Miami OH,MAC,132.2568,Stretch 4,134762,pid_team,79,12.5,45.91,2.9,16.9,12.4,66.7,18.8,20.0,2.39983188,15.6,23.52941176470588,75.0,11.76470588235294,50.0,6.48168,100.0,100.0,100.0,1.2,2,2.8,4.937182814040564,0.0,0.0,0.0,0.0,0.0,0.091574,0.425855,0.482571,A7,Traditional Big,0.482571,A6,Two-Way Forward,0.425855,True,borderline_unstable,Below 150 minutes; scored out-of-sample relative to the 150+ minute core_v3 training population.
134758::2026::Miami OH,2026,134758,Tyler Robbins,Miami OH,MAC,140.712,C,134758,pid_team,82,20,54.55,9.5,18,4.8,70.0,32.3,20.0,0.70005396,16,65.625,61.9,0.0,0.0,5.32424,61.53846153846154,100.0,68.75,10.8,0.5,7.2,6.422963215646142,0.497032,0.324075,0.045292,0.0,0.0,0.12063,0.0,0.01297,A0,Perimeter Spacer,0.497032,A1,Connecting Guard,0.324075,True,borderline_unstable,Below 150 minutes; scored out-of-sample relative to the 150+ minute core_v3 training population.
77616::2026::Michigan,2026,77616,Charlie May,Michigan,B10,17.9,Scoring PG,77616,pid_team,77,22.3,70.71,7.2,11,8.6,50.0,50,66.7,0.33333333,42.1,0.0,0.0,25.0,0.0,9.50282,0.0,100.0,100.0,0,3.1,8.9,8.140134078212292,0.657029,0.0,0.327263,0.0,0.0,0.015708,0.0,0.0,A0,Perimeter Spacer,0.657029,A2,Low-Production Player,0.327263,True,very_unstable,Below 150 minutes; scored out-of-sample relative to the 150+ minute core_v3 training population.
126818::2026::Michigan,2026,126818,Howard Eisley Jr.,Michigan,B10,11.4003,Combo G,126818,pid_team,72,21,25.21,0,8.6,0,0.0,40,20.0,0.00000000,0,0.0,0.0,0.0,0.0,24.8883,0.0,100.0,100.0,0,4.9,0,8.78152329324667,0.231717,0.0,0.0,0.768283,0.0,0.0,0.0,0.0,A3,Two-Way Guard,0.768283,A0,Perimeter Spacer,0.231717,True,very_unstable,Below 150 minutes; scored out-of-sample relative to the 150+ minute core_v3 training population.
134942::2026::Michigan,2026,134942,Malick Kordel,Michigan,B10,58.3002,C,134942,pid_team,86,15.7,51.91,13.2,25.4,5.5,20.0,35.7,0.0,1.00000000,12.2,54.166666666666664,61.53999999999999,0.0,0.0,0.96788,87.5,0.0,86.66666666666667,9.3,1,7.5,10.279072799064153,0.0,0.393216,0.0,0.0,0.0,0.0,0.0,0.606784,A7,Traditional Big,0.606784,A1,Connecting Guard,0.393216,True,unstable,Below 150 minutes; scored out-of-sample relative to the 150+ minute core_v3 training population.
133912::2026::Michigan,2026,133912,Oscar Goodman,Michigan,B10,85.0,PF/C,133912,pid_team,79,17.7,41.71,9.1,16.2,12.8,40.0,20.8,0.0,1.75000000,14.9,39.285714285714285,72.72999999999999,25.0,28.57,3.94457,62.5,0.0,64.28571428571429,3.8,0.7,5.6,7.707058823529412,0.0,0.886544,0.113456,0.0,0.0,0.0,0.0,0.0,A1,Connecting Guard,0.886544,A2,Low-Production Player,0.113456,True,unstable,Below 150 minutes; scored out-of-sample relative to the 150+ minute core_v3 training population.
134943::2026::Michigan,2026,134943,Winters Grady,Michigan,B10,54.0999,Wing G,134943,pid_team,78,23.9,55.73,0,18.2,5.9,85.7,35,31.6,0.33328334,26,0.0,0.0,5.0,100.0,19.4715,0.0,100.0,85.71428571428571,0,2.1,5.2,8.411771555954816,0.121226,0.0,0.0,0.668755,0.0,0.0,0.210019,0.0,A3,Two-Way Guard,0.668755,A6,Two-Way Forward,0.210019,True,unstable,Below 150 minutes; scored out-of-sample relative to the 150+ minute core_v3 training population.
126816::2026::Michigan St.,2026,126816,Brennan Walton,Michigan St.,B10,15.9996,PF/C,126816,pid_team,79,14.2,62.5,7.7,28.7,0,0.0,0,50.0,0.00000000,26.3,0.0,0.0,50.0,50.0,7.70592,0.0,100.0,50.0,0,0,5,7.160179004475112,0.0,0.0,0.111949,0.0,0.0,0.0,0.888051,0.0,A6,Two-Way Forward,0.888051,A2,Low-Production Player,0.111949,True,very_unstable,Below 150 minutes; scored out-of-sample relative to the 150+ minute core_v3 training population.
126558::2026::Michigan St.,2026,126558,Colin Walton,Michigan St.,B10,15.3,Wing F,126558,pid_team,79,2.6,150,8,15,0,0.0,0,100.0,0.00000000,0,0.0,0.0,0.0,0.0,3.85296,0.0,100.0,100.0,0,0,0,5.629830065359478,0.0,0.0,0.0,0.0,0.0,0.607294,0.316395,0.076311,A5,Efficient Play Finisher,0.607294,A6,Two-Way Forward,0.316395,True,very_unstable,Below 150 minutes; scored out-of-sample relative to the 150+ minute core_v3 training population.
77225::2026::Michigan St.,2026,77225,Nick Sanders,Michigan St.,B10,22.1004,Scoring PG,77225,pid_team,70,11.9,50,0,5.2,15.3,0.0,0,50.0,2.00060008,0,0.0,0.0,33.33333333333333,0.0,10.5956,0.0,100.0,100.0,0,0,1.8,4.685055474109066,0.620795,0.0,0.379205,0.0,0.0,0.0,0.0,0.0,A0,Perimeter Spacer,0.620795,A2,Low-Production Player,0.379205,True,very_unstable,Below 150 minutes; scored out-of-sample relative to the 150+ minute core_v3 training population.
78080::2026::Middle Tennessee,2026,78080,Jarred Hall,Middle Tennessee,CUSA,69.3,PF/C,78080,pid_team,80,19.7,55.88,3.9,12,10.4,0.0,0,30.0,0.77773333,30.9,33.33333333333333,66.67,5.555555555555555,100.0,10.0985,75.0,100.0,88.88888888888889,3.7,2,13.5,6.106493506493506,0.0,0.472449,0.527551,0.0,0.0,0.0,0.0,0.0,A2,Low-Production Player,0.527551,A1,Connecting Guard,0.472449,True,unstable,Below 150 minutes; scored out-of-sample relative to the 150+ minute core_v3 training population.
127404::2026::Milwaukee,2026,127404,Austin Villarreal,Milwaukee,Horz,6.15,PF/C,127404,pid_team,73,27.9,33.33,21.8,74.9,0,0.0,0,0.0,0.00000000,0,33.33333333333333,100.0,0.0,0.0,23.382,0.0,0.0,0.0,0,0,0,8.763642276422765,0.149441,0.0,0.0,0.0,0.0,0.0,0.850559,0.0,A6,Two-Way Forward,0.850559,A0,Perimeter Spacer,0.149441,True,very_unstable,Below 150 minutes; scored out-of-sample relative to the 150+ minute core_v3 training population.
78049::2026::Milwaukee,2026,78049,Simeon Murchison,Milwaukee,Horz,81.6,C,78049,pid_team,81,10.4,47.96,8.4,9.7,2.1,66.7,33.3,0.0,0.24989375,29.5,88.88888888888889,50.0,11.11111111111111,0.0,0,75.0,0.0,75.0,4.6,1.5,5.8,5.963872549019608,0.28963,0.0,0.673778,0.0,0.0,0.0,0.0,0.036592,A2,Low-Production Player,0.673778,A0,Perimeter Spacer,0.28963,True,unstable,Below 150 minutes; scored out-of-sample relative to the 150+ minute core_v3 training population.
134262::2026::Milwaukee,2026,134262,Tate MacKenzie,Milwaukee,Horz,125.0998,C,134262,pid_team,82,10.7,47.9,11.1,8.8,2.5,50.0,109.1,0.0,0.33343888,26,54.54545454545454,66.67,45.45454545454545,20.0,0,50.0,0.0,40.0,9.2,0.5,9,6.457052689132997,0.0,0.0,0.247362,0.0,0.0,0.0,0.0,0.752638,A7,Traditional Big,0.752638,A2,Low-Production Player,0.247362,True,borderline_unstable,Below 150 minutes; scored out-of-sample relative to the 150+ minute core_v3 training population.
133841::2026::Minnesota,2026,133841,Maximus Gizzi,Minnesota,B10,28.4,Scoring PG,133841,pid_team,73,9,28.78,4.5,0,0,0.0,33.3,0.0,0.00000000,24.9,0.0,0.0,33.33333333333333,100.0,4.53606,0.0,0.0,0.0,0,4.5,2.8,6.266422535211268,0.0,0.0,0.292551,0.578636,0.128813,0.0,0.0,0.0,A3,Two-Way Guard,0.578636,A2,Low-Production Player,0.292551,True,very_unstable,Below 150 minutes; scored out-of-sample relative to the 150+ minute core_v3 training population.
127102::2026::Minnesota,2026,127102,Nehemiah Turner,Minnesota,B10,39.7999,C,127102,pid_team,82,18.7,22.83,9.7,25.4,9.3,50.0,20,0.0,1.00000000,17,63.63636363636363,28.57,18.181818181818183,0.0,1.58762,100.0,0.0,100.0,9.4,4.8,7,10.695001746235544,0.0,0.278364,0.0,0.721636,0.0,0.0,0.0,0.0,A3,Two-Way Guard,0.721636,A1,Connecting Guard,0.278364,True,very_unstable,Below 150 minutes; scored out-of-sample relative to the 150+ minute core_v3 training population.
133973::2026::Minnesota,2026,133973,RJ Spencer,Minnesota,B10,4.7,Combo G,133973,pid_team,75,19.3,0,0,0,0,0.0,0,0.0,0.00000000,0,50.0,0.0,0.0,0.0,11.9072,0.0,0.0,0.0,0,0,0,3.3649531914893624,0.473926,0.0,0.526074,0.0,0.0,0.0,0.0,0.0,A2,Low-Production Player,0.526074,A0,Perimeter Spacer,0.473926,True,very_unstable,Below 150 minutes; scored out-of-sample relative to the 150+ minute core_v3 training population.
74410::2026::Minnesota,2026,74410,Robert Vaihola,Minnesota,B10,107.5,C,74410,pid_team,80,16.7,61.12,17.9,27,12.3,50.0,220,0.0,1.39999998,17.7,100.0,70.0,0.0,0.0,0,100.0,0.0,100.0,3.5,3.6,3.7,9.134809302325582,0.0,0.0,0.0,0.384076,0.0,0.0,0.0,0.615924,A7,Traditional Big,0.615924,A3,Two-Way Guard,0.384076,True,borderline_unstable,Below 150 minutes; scored out-of-sample relative to the 150+ minute core_v3 training population.
134162::2026::Mississippi,2026,134162,Hobert Grayson IV,Mississippi,SEC,28.5,Wing G,134162,pid_team,76,17,44.03,12.1,15.9,6.3,50.0,28.6,0.0,1.00000000,12.1,62.5,60.0,12.5,0.0,2.05628,33.33333333333333,0.0,25.0,4.3,4.1,2.8,8.75541052631579,0.0,0.0,0.0,0.0,0.0,0.0,0.14169,0.85831,A7,Traditional Big,0.85831,A6,Two-Way Forward,0.14169,True,very_unstable,Below 150 minutes; scored out-of-sample relative to the 150+ minute core_v3 training population.
126759::2026::Mississippi,2026,126759,Max Smith,Mississippi,SEC,27.0,Scoring PG,126759,pid_team,73,22.2,42.02,0,8.4,6.3,100.0,40,20.0,1.00000000,9.8,0.0,0.0,0.0,0.0,21.6451,0.0,100.0,100.0,4.5,2.2,4.4,6.500666666666667,0.627167,0.0,0.0,0.372833,0.0,0.0,0.0,0.0,A0,Perimeter Spacer,0.627167,A3,Two-Way Guard,0.372833,True,very_unstable,Below 150 minutes; scored out-of-sample relative to the 150+ minute core_v3 training population.
134138::2026::Mississippi,2026,134138,Niko Bundalo,Mississippi,SEC,35.4002,C,134138,pid_team,82,14.6,67.8,3.2,12.8,0,66.7,100,0.0,0.00000000,56.7,100.0,66.67,0.0,0.0,0,100.0,0.0,100.0,3.4,1.7,2.3,6.523861447110469,0.0,0.0,0.265198,0.0,0.0,0.0,0.0,0.734802,A7,Traditional Big,0.734802,A2,Low-Production Player,0.265198,True,very_unstable,Below 150 minutes; scored out-of-sample relative to the 150+ minute core_v3 training population.
126545::2026::Mississippi St.,2026,126545,Amier Ali,Mississippi St.,SEC,87.6,Wing F,126545,pid_team,80,21.2,45.98,6.1,17.9,4.1,57.099999999999994,18.4,30.8,2.00120050,3,17.5,57.14,12.5,20.0,16.4269,50.0,75.0,66.66666666666666,0,1.3,1.8,6.818493150684931,0.0,0.446226,0.0,0.170639,0.0,0.0,0.272576,0.11056,A1,Connecting Guard,0.446226,A6,Two-Way Forward,0.272576,True,unstable,Below 150 minutes; scored out-of-sample relative to the 150+ minute core_v3 training population.
127458::2026::Mississippi St.,2026,127458,Dellquan Warren,Mississippi St.,SEC,145.3006,Scoring PG,127458,pid_team,74,15.1,41.71,0.7,4.3,18.3,20.0,20.8,20.0,1.13324888,38.1,20.833333333333336,80.0,16.666666666666664,50.0,5.75391,25.0,66.66666666666666,33.33333333333333,0,3.1,3.6,6.301143973252691,0.0,0.0,0.210582,0.625316,0.164102,0.0,0.0,0.0,A3,Two-Way Guard,0.625316,A2,Low-Production Player,0.210582,True,borderline_unstable,Below 150 minutes; scored out-of-sample relative to the 150+ minute core_v3 training population.
127830::2026::Mississippi Valley St.,2026,127830,Antonio Sisk,Mississippi Valley St.,SWAC,60.975,Wing G,127830,pid_team,73,15,12.5,0,8.9,10,0.0,0,0.0,0.88888889,55,37.5,33.33,12.5,0.0,4.14215,100.0,0.0,100.0,0,3.1,2.9,5.810932349323495,0.0,0.0,1.0,0.0,0.0,0.0,0.0,0.0,A2,Low-Production Player,1.0,A0,Perimeter Spacer,0.0,True,unstable,Below 150 minutes; scored out-of-sample relative to the 150+ minute core_v3 training population.
75809::2026::Mississippi Valley St.,2026,75809,George Ivory III,Mississippi Valley St.,SWAC,19.1,Scoring PG,75809,pid_team,74,18.5,71.43,0,6.5,15.1,0.0,0,66.7,1.00000000,16.3,28.57142857142857,50.0,28.57142857142857,50.0,8.90563,100.0,50.0,75.0,6.5,3,8.4,6.997382198952879,0.0,0.685548,0.1581,0.0,0.0,0.156352,0.0,0.0,A1,Connecting Guard,0.685548,A2,Low-Production Player,0.1581,True,very_unstable,Below 150 minutes; scored out-of-sample relative to the 150+ minute core_v3 training population.
126714::2026::Mississippi Valley St.,2026,126714,Jonathan Pace,Mississippi Valley St.,SWAC,66.36,C,126714,pid_team,82,13,53.87,11.7,17.7,6.3,33.300000000000004,50,0.0,0.66650002,12.6,68.75,63.63999999999999,6.25,0.0,0,71.42857142857143,0.0,72.72727272727273,5.4,0,11.5,6.556540084388185,0.0,0.29668,0.171689,0.0,0.0,0.0,0.0,0.531631,A7,Traditional Big,0.531631,A1,Connecting Guard,0.29668,True,unstable,Below 150 minutes; scored out-of-sample relative to the 150+ minute core_v3 training population.
143685::2026::Mississippi Valley St.,2026,143685,PJ McDonald,Mississippi Valley St.,SWAC,5.9,Scoring PG,143685,pid_team,77,18.8,0,0,0,30.4,0.0,0,0.0,1.00000000,51.9,100.0,0.0,0.0,0.0,0,0.0,0.0,0.0,0,0,20.3,3.7003322033898307,0.0,0.0,1.0,0.0,0.0,0.0,0.0,0.0,A2,Low-Production Player,1.0,A0,Perimeter Spacer,0.0,True,very_unstable,Below 150 minutes; scored out-of-sample relative to the 150+ minute core_v3 training population.
134333::2026::Missouri,2026,134333,Nicholas Randall,Missouri,SEC,119.801,C,134333,pid_team,81,13.7,32.97,6.2,14.4,3.9,50.0,55.6,0.0,0.33341481,31.8,47.61904761904761,50.0,19.047619047619047,0.0,1.93228,60.0,0.0,62.5,4,2,6.7,7.330222619176801,0.0,0.0,0.453754,0.270409,0.0,0.0,0.0,0.275837,A2,Low-Production Player,0.453754,A7,Traditional Big,0.275837,True,borderline_unstable,Below 150 minutes; scored out-of-sample relative to the 150+ minute core_v3 training population.
135205::2026::Missouri St.,2026,135205,Ryder Cheesman,Missouri St.,CUSA,6.5667,PF/C,135205,pid_team,76,30.4,0,0,0,0,0.0,0,0.0,0.33329999,0,100.0,0.0,0.0,0.0,0,0.0,0.0,0.0,0,0,30.8,0.8724991243699272,0.0,0.0,0.929294,0.0,0.0,0.0,0.0,0.070706,A2,Low-Production Player,0.929294,A7,Traditional Big,0.070706,True,very_unstable,Below 150 minutes; scored out-of-sample relative to the 150+ minute core_v3 training population.
135584::2026::Missouri St.,2026,135584,Tyrique Brooks,Missouri St.,CUSA,147.392,Combo G,135584,pid_team,76,19.3,49.33,5.9,4.5,12.3,60.0,71.4,25.0,0.92303618,26.8,39.285714285714285,54.55,17.857142857142858,40.0,5.14875,50.0,100.0,63.63636363636363,1.6,2.2,7.2,5.352203647416414,0.148288,0.236209,0.046694,0.191195,0.377614,0.0,0.0,0.0,A4,Scoring Playmaker,0.377614,A1,Connecting Guard,0.236209,True,borderline_unstable,Below 150 minutes; scored out-of-sample relative to the 150+ minute core_v3 training population.
78167::2026::Monmouth,2026,78167,Corey Miller,Monmouth,CAA,107.0224,Combo G,78167,pid_team,74,10.7,69.38,2.1,5.3,12.2,75.0,21.1,57.099999999999994,3.00030008,10.3,42.10526315789473,75.0,21.052631578947366,25.0,3.83023,16.666666666666664,75.0,45.45454545454545,0,1.1,2.9,5.018799802658135,0.0,0.0,0.0,0.0,0.31925,0.317467,0.164657,0.198625,A4,Scoring Playmaker,0.31925,A5,Efficient Play Finisher,0.317467,True,borderline_unstable,Below 150 minutes; scored out-of-sample relative to the 150+ minute core_v3 training population.
78166::2026::Monmouth,2026,78166,Jack Leahy,Monmouth,CAA,12.2664,PF/C,78166,pid_team,77,14.9,0,11.5,0,15.9,0.0,0,0.0,2.00000000,0,100.0,0.0,0.0,0.0,0,0.0,0.0,0.0,0,0,8,2.9872138524750533,0.0,0.655302,0.344698,0.0,0.0,0.0,0.0,0.0,A1,Connecting Guard,0.655302,A2,Low-Production Player,0.344698,True,very_unstable,Below 150 minutes; scored out-of-sample relative to the 150+ minute core_v3 training population.
127128::2026::Monmouth,2026,127128,Jinup Dobuol,Monmouth,CAA,109.7046,PF/C,127128,pid_team,80,21.8,59.37,5.8,12.8,9.4,50.0,4.8,47.599999999999994,0.66656110,11,23.404255319148938,63.63999999999999,21.27659574468085,30.0,12.5632,57.14285714285714,100.0,80.0,8,1.2,2.8,6.4622996665591055,0.504326,0.180759,0.0,0.0,0.0,0.314916,0.0,0.0,A0,Perimeter Spacer,0.504326,A5,Efficient Play Finisher,0.314916,True,borderline_unstable,Below 150 minutes; scored out-of-sample relative to the 150+ minute core_v3 training population.
127748::2026::Monmouth,2026,127748,Lucas Orchard,Monmouth,CAA,19.4664,Wing G,127748,pid_team,76,18.9,33.52,0,33.4,0,0.0,25,100.0,0.00000000,0,0.0,0.0,75.0,0.0,5.60856,0.0,100.0,100.0,0,5.7,0,6.247811613857724,0.0,0.0,0.0,0.85167,0.0,0.0,0.14833,0.0,A3,Two-Way Guard,0.85167,A6,Two-Way Forward,0.14833,True,very_unstable,Below 150 minutes; scored out-of-sample relative to the 150+ minute core_v3 training population.
134992::2026::Monmouth,2026,134992,O'Marion Harvey,Monmouth,CAA,50.3282,PF/C,134992,pid_team,79,7.7,52.63,2.7,16.5,3.8,50.0,0,0.0,0.16658889,74.3,0.0,0.0,0.0,0.0,0,0.0,0.0,0.0,0,1.4,6.7,5.658656578220559,0.0,0.0,0.762422,0.237578,0.0,0.0,0.0,0.0,A2,Low-Production Player,0.762422,A3,Two-Way Guard,0.237578,True,unstable,Below 150 minutes; scored out-of-sample relative to the 150+ minute core_v3 training population.
78165::2026::Monmouth,2026,78165,Quinn Peters,Monmouth,CAA,14.9336,PF/C,78165,pid_team,78,9.3,25.64,0,11.6,0,50.0,200,0.0,0.00000000,0,0.0,0.0,100.0,0.0,0,0.0,0.0,0.0,0,0,0,3.3024856698987515,0.131754,0.0,0.401876,0.0,0.46637,0.0,0.0,0.0,A4,Scoring Playmaker,0.46637,A2,Low-Production Player,0.401876,True,very_unstable,Below 150 minutes; scored out-of-sample relative to the 150+ minute core_v3 training population.
134050::2026::Monmouth,2026,134050,Zubayr Griffin,Monmouth,CAA,30.96,Wing G,134050,pid_team,76,21.1,50,14.7,0,16.9,0.0,0,25.0,1.00000000,24,42.857142857142854,66.67,0.0,0.0,9.97077,0.0,100.0,33.33333333333333,0,0,1.7,2.6249612403100775,0.0,0.0,0.344697,0.0,0.298517,0.356786,0.0,0.0,A5,Efficient Play Finisher,0.356786,A2,Low-Production Player,0.344697,True,very_unstable,Below 150 minutes; scored out-of-sample relative to the 150+ minute core_v3 training population.
76907::2026::Montana,2026,76907,Amari Jedkins,Montana,BSky,104.25,Wing G,76907,pid_team,79,11.6,42.11,6.4,12.4,1.7,60.0,26.3,14.299999999999999,0.50060025,9.4,55.00000000000001,54.55,5.0,0.0,3.81211,66.66666666666666,100.0,75.0,3,3.3,5.4,8.395318944844124,0.494835,0.0,0.126605,0.0,0.0,0.37856,0.0,0.0,A0,Perimeter Spacer,0.494835,A5,Efficient Play Finisher,0.37856,True,borderline_unstable,Below 150 minutes; scored out-of-sample relative to the 150+ minute core_v3 training population.
78239::2026::Montana,2026,78239,Chase Henderson,Montana,BSky,109.92,Combo G,78239,pid_team,72,20.8,52.95,1.4,10.3,17.7,77.8,36,40.0,0.84615390,23.1,56.00000000000001,42.86,4.0,0.0,6.00443,50.0,100.0,70.0,0,0.6,5.1,4.910735080058224,0.0,0.0,0.375003,0.524476,0.027433,0.0,0.0,0.073088,A3,Two-Way Guard,0.524476,A2,Low-Production Player,0.375003,True,borderline_unstable,Below 150 minutes; scored out-of-sample relative to the 150+ minute core_v3 training population.
78249::2026::Montana,2026,78249,Courtney Anderson,Montana,BSky,91.52,Wing F,78249,pid_team,77,17.7,86.87,4.9,6.6,2.6,75.0,16.7,60.0,0.28571429,23.4,4.166666666666666,100.0,12.5,66.67,13.7749,100.0,100.0,86.66666666666667,1.3,0,2,4.419886363636365,0.0,0.0,0.0,0.0,0.0,0.958123,0.041877,0.0,A5,Efficient Play Finisher,0.958123,A6,Two-Way Forward,0.041877,True,unstable,Below 150 minutes; scored out-of-sample relative to the 150+ minute core_v3 training population.
77334::2026::Montana,2026,77334,Kadyn Betts,Montana,BSky,39.4002,Stretch 4,77334,pid_team,80,23.4,75,7.4,6,0,0.0,0,75.0,0.22220001,47.1,30.0,33.33,30.0,66.67,6.24461,0.0,100.0,50.0,2.9,0,3.4,4.740107918233918,0.0,0.0,0.048418,0.0,0.306353,0.100555,0.544674,0.0,A6,Two-Way Forward,0.544674,A4,Scoring Playmaker,0.306353,True,very_unstable,Below 150 minutes; scored out-of-sample relative to the 150+ minute core_v3 training population.
78966::2026::Montana St.,2026,78966,Waka Mbatch,Montana St.,BSky,112.4181,C,78966,pid_team,82,17.2,64.52,3.5,21.5,8.8,73.3,75,0.0,0.77780493,19.9,58.333333333333336,71.43,20.833333333333336,40.0,0.56705,70.0,0.0,75.0,5,1.7,7.3,7.40852229311828,0.0,0.10232,0.0,0.151435,0.227259,0.059222,0.0,0.459764,A7,Traditional Big,0.459764,A4,Scoring Playmaker,0.227259,True,borderline_unstable,Below 150 minutes; scored out-of-sample relative to the 150+ minute core_v3 training population.
128072::2026::Morehead St.,2026,128072,Jace Winkleman,Morehead St.,OVC,9.78,Combo G,128072,pid_team,75,16.4,75,0,0,0,0.0,0,50.0,0.00000000,0,0.0,0.0,0.0,0.0,24.8062,0.0,0.0,0.0,0,0,0,1.4708261758691208,0.856487,0.0,0.019935,0.0,0.123578,0.0,0.0,0.0,A0,Perimeter Spacer,0.856487,A4,Scoring Playmaker,0.123578,True,very_unstable,Below 150 minutes; scored out-of-sample relative to the 150+ minute core_v3 training population.
76184::2026::Morehead St.,2026,76184,Jacob Wilson,Morehead St.,OVC,9.4666,PF/C,76184,pid_team,78,31.2,0,0,0,0,0.0,0,0.0,0.00000000,39.3,20.0,0.0,0.0,0.0,24.8062,0.0,0.0,0.0,0,0,8.2,3.5058204635243913,0.173641,0.0,0.826359,0.0,0.0,0.0,0.0,0.0,A2,Low-Production Player,0.826359,A0,Perimeter Spacer,0.173641,True,very_unstable,Below 150 minutes; scored out-of-sample relative to the 150+ minute core_v3 training population.
134672::2026::Morgan St.,2026,134672,Breon Barnett,Morgan St.,MEAC,36.4573,Pure PG,134672,pid_team,73,4.1,0,0,10.7,8,0.0,0,0.0,1.00000000,0,50.0,0.0,0.0,0.0,2.60098,0.0,0.0,0.0,0,2.6,7.4,4.263936166419345,0.0,0.429623,0.506597,0.063781,0.0,0.0,0.0,0.0,A2,Low-Production Player,0.506597,A1,Connecting Guard,0.429623,True,very_unstable,Below 150 minutes; scored out-of-sample relative to the 150+ minute core_v3 training population.
74091::2026::Morgan St.,2026,74091,Dallas James,Morgan St.,MEAC,115.6284,C,74091,pid_team,84,20.7,52.42,11.6,15.5,0,75.0,38.1,0.0,0.03998320,46.6,41.66666666666667,50.0,45.83333333333333,45.45,0,40.0,0.0,50.0,9.2,0,11.8,7.311283387126346,0.0,0.0,0.61496,0.0,0.0,0.0,0.0,0.38504,A2,Low-Production Player,0.61496,A7,Traditional Big,0.38504,True,borderline_unstable,Below 150 minutes; scored out-of-sample relative to the 150+ minute core_v3 training population.
128267::2026::Morgan St.,2026,128267,Jayden Socka,Morgan St.,MEAC,10.2,C,128267,pid_team,81,10.8,0,14.6,0,23.2,0.0,0,0.0,2.00000000,0,0.0,0.0,0.0,0.0,0,0.0,0.0,0.0,0,0,5.4,2.7787333333333337,0.0,0.767158,0.232842,0.0,0.0,0.0,0.0,0.0,A1,Connecting Guard,0.767158,A2,Low-Production Player,0.232842,True,very_unstable,Below 150 minutes; scored out-of-sample relative to the 150+ minute core_v3 training population.
134873::2026::Morgan St.,2026,134873,Manok Lual,Morgan St.,MEAC,129.965,Wing F,134873,pid_team,81,13.3,38.99,5.3,6.6,1.6,42.9,73.7,0.0,0.20000000,24.3,40.0,50.0,35.0,42.86,1.8414,75.0,0.0,62.5,0.8,0.9,4.3,5.110699034355403,0.290464,0.0,0.663249,0.0,0.046286,0.0,0.0,0.0,A2,Low-Production Player,0.663249,A0,Perimeter Spacer,0.290464,True,borderline_unstable,Below 150 minutes; scored out-of-sample relative to the 150+ minute core_v3 training population.
126542::2026::Morgan St.,2026,126542,Matar Wade,Morgan St.,MEAC,97.6859,C,126542,pid_team,80,12.2,50.21,11.7,12.5,4.1,100.0,18.2,0.0,0.22227408,40.2,58.333333333333336,57.14,25.0,33.33,0.611995,75.0,0.0,83.33333333333334,11.1,0.6,9.1,7.340834245269788,0.076144,0.0,0.496242,0.0,0.0,0.0,0.0,0.427615,A2,Low-Production Player,0.496242,A7,Traditional Big,0.427615,True,unstable,Below 150 minutes; scored out-of-sample relative to the 150+ minute core_v3 training population.
79198::2026::Morgan St.,2026,79198,Trent Edwards,Morgan St.,MEAC,34.8,Wing F,79198,pid_team,80,12.5,41.54,3.1,19.9,0,33.300000000000004,42.9,0.0,0.00000000,13,62.5,60.0,12.5,0.0,1.62561,33.33333333333333,0.0,50.0,0,0,2.3,6.320678160919541,0.448559,0.0,0.551441,0.0,0.0,0.0,0.0,0.0,A2,Low-Production Player,0.551441,A0,Perimeter Spacer,0.448559,True,very_unstable,Below 150 minutes; scored out-of-sample relative to the 150+ minute core_v3 training population.
127452::2026::Mount St. Mary's,2026,127452,Elijah Espinosa,Mount St. Mary's,MAAC,63.28,C,127452,pid_team,81,18.4,33.9,7.2,12.9,14.2,42.9,100,0.0,1.00000000,38,85.71428571428571,33.33,14.285714285714285,0.0,0,50.0,0.0,50.0,5,0,4.8,4.9950252844500636,0.0,0.0,0.581147,0.0,0.0,0.0,0.0,0.418853,A2,Low-Production Player,0.581147,A7,Traditional Big,0.418853,True,unstable,Below 150 minutes; scored out-of-sample relative to the 150+ minute core_v3 training population.
133798::2026::Mount St. Mary's,2026,133798,John Miller IV,Mount St. Mary's,MAAC,12.5,Pure PG,133798,pid_team,73,36.7,10.1,15.1,0,20.9,50.0,50,0.0,0.33340001,20.1,0.0,0.0,25.0,0.0,23.6757,0.0,0.0,0.0,0,14.8,10,8.910879999999999,0.0,0.0,0.0,1.0,0.0,0.0,0.0,0.0,A3,Two-Way Guard,1.0,A0,Perimeter Spacer,0.0,True,very_unstable,Below 150 minutes; scored out-of-sample relative to the 150+ minute core_v3 training population.
127344::2026::N.C. State,2026,127344,Colt Langdon,N.C. State,ACC,18.0,PF/C,127344,pid_team,79,20.4,14.39,6.5,0,0,100.0,33.3,0.0,0.00000000,15.6,0.0,0.0,33.33333333333333,0.0,12.8819,0.0,0.0,0.0,0,0,2.2,3.5047111111111113,0.663524,0.0,0.253757,0.0,0.08272,0.0,0.0,0.0,A0,Perimeter Spacer,0.663524,A2,Low-Production Player,0.253757,True,very_unstable,Below 150 minutes; scored out-of-sample relative to the 150+ minute core_v3 training population.
78131::2026::N.C. State,2026,78131,Jerry Deng,N.C. State,ACC,100.0,Wing F,78131,pid_team,81,23.9,49.67,4.7,14.8,5.6,85.7,15.2,32.4,1.00000000,7.2,20.408163265306122,50.0,4.081632653061225,0.0,19.4993,80.0,81.81818181818183,83.33333333333334,1.3,2.9,3.2,7.550239999999999,0.043221,0.0,0.0,0.615443,0.0,0.0,0.204821,0.136514,A3,Two-Way Guard,0.615443,A6,Two-Way Forward,0.204821,True,borderline_unstable,Below 150 minutes; scored out-of-sample relative to the 150+ minute core_v3 training population.
76297::2026::N.C. State,2026,76297,Jordan Snell,N.C. State,ACC,19.3,Scoring PG,76297,pid_team,74,19,37.5,0,11.8,17.4,0.0,0,28.599999999999998,2.00000000,0,0.0,0.0,12.5,0.0,20.9331,0.0,100.0,100.0,0,0,4.1,5.044911917098445,0.789759,0.0,0.210241,0.0,0.0,0.0,0.0,0.0,A0,Perimeter Spacer,0.789759,A2,Low-Production Player,0.210241,True,very_unstable,Below 150 minutes; scored out-of-sample relative to the 150+ minute core_v3 training population.
75050::2026::N.C. State,2026,75050,Scottie Ebube,N.C. State,ACC,72.4999,C,75050,pid_team,82,16.8,62.6,16.1,11,0,23.1,144.4,0.0,0.00000000,28.3,75.0,88.89,0.0,0.0,0,87.5,0.0,90.9090909090909,13.9,3.2,17.1,9.63245466545471,0.0,0.0,0.0,0.0,0.0,0.0,0.0,1.0,A7,Traditional Big,1.0,A0,Perimeter Spacer,0.0,True,unstable,Below 150 minutes; scored out-of-sample relative to the 150+ minute core_v3 training population.
77986::2026::NJIT,2026,77986,Cameron Piggee,NJIT,AE,92.5548,Pure PG,77986,pid_team,72,18.7,43.84,1.3,5.2,18.9,80.0,20,30.0,2.00000000,14.8,8.0,0.0,12.0,33.33,13.7836,0.0,83.33333333333334,85.71428571428571,0,1.4,1.9,4.708605064243021,0.545061,0.454939,0.0,0.0,0.0,0.0,0.0,0.0,A0,Perimeter Spacer,0.545061,A1,Connecting Guard,0.454939,True,unstable,Below 150 minutes; scored out-of-sample relative to the 150+ minute core_v3 training population.
77983::2026::NJIT,2026,77983,Jeffrey Akintolu,NJIT,AE,101.4624,Wing F,77983,pid_team,79,11.7,37.04,7.9,10.2,0,50.0,23.5,16.7,0.00000000,15.4,27.77777777777778,60.0,0.0,0.0,7.19611,0.0,100.0,33.33333333333333,0,3.6,8.1,7.317232787712492,0.386177,0.0,0.399192,0.0,0.0,0.214632,0.0,0.0,A2,Low-Production Player,0.399192,A0,Perimeter Spacer,0.386177,True,borderline_unstable,Below 150 minutes; scored out-of-sample relative to the 150+ minute core_v3 training population.
133702::2026::NJIT,2026,133702,Zack Scherler,NJIT,AE,114.9156,C,133702,pid_team,83,10.7,55.65,10.4,6.6,6.5,55.60000000000001,81.8,0.0,0.79977200,23.6,81.81818181818183,66.67,18.181818181818183,0.0,0,100.0,0.0,100.0,4.9,0,4.8,5.287741612104884,0.064187,0.146881,0.402611,0.0,0.0,0.0,0.0,0.38632,A2,Low-Production Player,0.402611,A7,Traditional Big,0.38632,True,borderline_unstable,Below 150 minutes; scored out-of-sample relative to the 150+ minute core_v3 training population.
77558::2026::Navy,2026,77558,Cam Cormany,Navy,Pat,32.9329,Combo G,77558,pid_team,71,13.4,60.2,0,9.2,7.7,100.0,14.3,40.0,0.33349998,0,0.0,0.0,28.57142857142857,50.0,12.4095,0.0,50.0,33.33333333333333,0,0,4.8,3.707004241958649,0.703138,0.0,0.0,0.0,0.296862,0.0,0.0,0.0,A0,Perimeter Spacer,0.703138,A4,Scoring Playmaker,0.296862,True,very_unstable,Below 150 minutes; scored out-of-sample relative to the 150+ minute core_v3 training population.
126791::2026::Navy,2026,126791,Cooper Jackson,Navy,Pat,42.3525,Wing G,126791,pid_team,78,14.5,65.99,0,13.2,0,50.0,85.7,0.0,0.50000000,12.1,50.0,100.0,25.0,50.0,1.74652,100.0,0.0,100.0,0,1.8,4.6,5.341861755504398,0.0,0.098126,0.0,0.0,0.075166,0.791813,0.0,0.034895,A5,Efficient Play Finisher,0.791813,A1,Connecting Guard,0.098126,True,very_unstable,Below 150 minutes; scored out-of-sample relative to the 150+ minute core_v3 training population.
126792::2026::Navy,2026,126792,David Burnett,Navy,Pat,103.7,Wing G,126792,pid_team,75,16.4,49.38,12.5,11.4,8.9,55.60000000000001,50,25.0,1.33343881,22.2,45.45454545454545,60.0,18.181818181818183,25.0,2.41827,50.0,100.0,58.333333333333336,2.6,2.4,5.2,6.889064609450338,0.02736,0.656598,0.208188,0.107854,0.0,0.0,0.0,0.0,A1,Connecting Guard,0.656598,A2,Low-Production Player,0.208188,True,borderline_unstable,Below 150 minutes; scored out-of-sample relative to the 150+ minute core_v3 training population.
134356::2026::Navy,2026,134356,Jerry Ashley Jr.,Navy,Pat,23.8,PF/C,134356,pid_team,79,9.3,33.9,0,40.2,0,100.0,100,0.0,0.00000000,0,100.0,0.0,0.0,0.0,0,0.0,0.0,0.0,9.3,4.3,5.6,7.653327731092437,0.261581,0.0,0.0,0.0,0.0,0.0,0.0,0.738419,A7,Traditional Big,0.738419,A0,Perimeter Spacer,0.261581,True,very_unstable,Below 150 minutes; scored out-of-sample relative to the 150+ minute core_v3 training population.
78176::2026::Navy,2026,78176,Julian Gabbidon,Navy,Pat,7.5,Wing G,78176,pid_team,74,29.7,50.63,0,18.9,0,100.0,66.7,0.0,0.00000000,0,100.0,33.33,0.0,0.0,0,100.0,0.0,100.0,0,0,0,4.816384,1.0,0.0,0.0,0.0,0.0,0.0,0.0,0.0,A0,Perimeter Spacer,1.0,A1,Connecting Guard,0.0,True,very_unstable,Below 150 minutes; scored out-of-sample relative to the 150+ minute core_v3 training population.
135287::2026::Navy,2026,135287,Matt Gaffney,Navy,Pat,3.6,PF/C,135287,pid_team,70,26.8,0,0,76.7,0,0.0,0,0.0,1.00000000,0,0.0,0.0,100.0,0.0,0,0.0,0.0,0.0,0,0,0,5.392977777777778,0.0,0.0,0.127901,0.0,0.267087,0.0,0.605012,0.0,A6,Two-Way Forward,0.605012,A4,Scoring Playmaker,0.267087,True,very_unstable,Below 150 minutes; scored out-of-sample relative to the 150+ minute core_v3 training population.
78185::2026::Navy,2026,78185,Nyles Howard,Navy,Pat,33.3819,Scoring PG,78185,pid_team,75,24,78.65,0,24.5,38.3,100.0,57.1,0.0,2.33369988,27.1,75.0,83.33,0.0,0.0,2.14346,60.0,0.0,66.66666666666666,0,2.2,2.8,6.836459278830743,0.0,0.0,0.0,0.0,0.0,0.41208,0.0,0.58792,A7,Traditional Big,0.58792,A5,Efficient Play Finisher,0.41208,True,very_unstable,Below 150 minutes; scored out-of-sample relative to the 150+ minute core_v3 training population.
77371::2026::Navy,2026,77371,Sam Krist,Navy,Pat,49.0882,Wing G,77371,pid_team,76,14.4,88.89,0,15.4,5.6,0.0,0,66.7,0.50000000,33.9,0.0,0.0,33.33333333333333,66.67,9.75645,0.0,100.0,100.0,3.5,0,1.1,4.584800420467649,0.225882,0.0,0.0,0.0,0.147382,0.175578,0.451158,0.0,A6,Two-Way Forward,0.451158,A0,Perimeter Spacer,0.225882,True,very_unstable,Below 150 minutes; scored out-of-sample relative to the 150+ minute core_v3 training population.
77279::2026::Nebraska,2026,77279,Connor Essegian,Nebraska,B10,98.3003,Wing G,77279,pid_team,76,25.3,41.39,2.5,8,11.4,50.0,9.1,25.8,1.19991605,12.1,15.217391304347828,57.14,13.043478260869565,33.33,18.9213,75.0,87.5,87.5,0,1.2,2.4,5.891660554443884,0.305753,0.056794,0.392666,0.17409,0.001652,0.069045,0.0,0.0,A2,Low-Production Player,0.392666,A0,Perimeter Spacer,0.305753,True,unstable,Below 150 minutes; scored out-of-sample relative to the 150+ minute core_v3 training population.
127744::2026::Nebraska,2026,127744,Justin Bolis,Nebraska,B10,25.9998,C,127744,pid_team,80,11.8,25.64,0,21.7,5.7,50.0,200,0.0,0.99960002,0,66.66666666666666,0.0,0.0,0.0,2.37364,0.0,0.0,0.0,5.4,2.3,4.6,9.109793152255017,0.269608,0.0,0.0,0.0,0.0,0.0,0.0,0.730392,A7,Traditional Big,0.730392,A0,Perimeter Spacer,0.269608,True,very_unstable,Below 150 minutes; scored out-of-sample relative to the 150+ minute core_v3 training population.
75877::2026::Nebraska,2026,75877,Kendall Blue,Nebraska,B10,66.3993,Wing G,75877,pid_team,78,17.1,46.59,1.8,8.5,9.7,100.0,15.4,37.5,0.57138979,37.2,23.076923076923077,33.33,15.384615384615385,0.0,7.27243,0.0,66.66666666666666,50.0,0,0.9,3.6,5.773958460405456,0.106545,0.0,0.179653,0.438288,0.275514,0.0,0.0,0.0,A3,Two-Way Guard,0.438288,A4,Scoring Playmaker,0.275514,True,unstable,Below 150 minutes; scored out-of-sample relative to the 150+ minute core_v3 training population.
134939::2026::Nebraska,2026,134939,Leo Curtis,Nebraska,B10,67.1007,PF/C,134939,pid_team,86,21.5,64.9,12.6,3.4,11.3,87.5,47.1,0.0,0.80006806,20.9,40.0,87.5,30.0,50.0,2.67035,71.42857142857143,0.0,76.92307692307693,2.1,2.7,4.8,6.616026360380741,0.0,0.021718,0.0,0.0,0.538819,0.439463,0.0,0.0,A4,Scoring Playmaker,0.538819,A5,Efficient Play Finisher,0.439463,True,unstable,Below 150 minutes; scored out-of-sample relative to the 150+ minute core_v3 training population.
76314::2026::Nebraska,2026,76314,Ugnius Jarusevicius,Nebraska,B10,10.5,C,76314,pid_team,82,20.8,100.72,0,21.5,0,0.0,33.3,100.0,0.00000000,55.2,66.66666666666666,100.0,0.0,0.0,6.10365,100.0,100.0,100.0,26.7,0,3.8,10.285066666666667,0.0,0.0,0.0,0.0,0.0,0.052802,0.652372,0.294826,A6,Two-Way Forward,0.652372,A7,Traditional Big,0.294826,True,very_unstable,Below 150 minutes; scored out-of-sample relative to the 150+ minute core_v3 training population.
127854::2026::Nebraska Omaha,2026,127854,Aidan Skradis,Nebraska Omaha,Sum,63.2079,Wing G,127854,pid_team,74,4.4,75,0,11.8,0,0.0,0,100.0,1.00000000,0,0.0,0.0,50.0,0.0,2.94389,0.0,100.0,100.0,0,0,4.1,1.554343681723329,0.385441,0.430826,0.0,0.0,0.0,0.183733,0.0,0.0,A1,Connecting Guard,0.430826,A0,Perimeter Spacer,0.385441,True,unstable,Below 150 minutes; scored out-of-sample relative to the 150+ minute core_v3 training population.
134732::2026::Nevada,2026,134732,Christopher Baudreau,Nevada,MWC,8.0,C,134732,pid_team,81,30,40,29.1,0,0,0.0,0,0.0,0.00000000,0,66.66666666666666,25.0,16.666666666666664,100.0,0,0.0,0.0,33.33333333333333,0,0,10,3.97767,0.499035,0.209702,0.160706,0.0,0.130556,0.0,0.0,0.0,A0,Perimeter Spacer,0.499035,A1,Connecting Guard,0.209702,True,very_unstable,Below 150 minutes; scored out-of-sample relative to the 150+ minute core_v3 training population.
133763::2026::Nevada,2026,133763,Ethan Croley,Nevada,MWC,83.8,C,133763,pid_team,80,19.2,55.2,12.5,17,0,46.2,61.9,0.0,0.00000000,14.9,90.9090909090909,60.0,0.0,0.0,0.710049,66.66666666666666,0.0,69.23076923076923,3,0.7,3.8,6.493508353221957,0.360017,0.0,0.193358,0.0,0.0,0.0,0.0,0.446625,A7,Traditional Big,0.446625,A0,Perimeter Spacer,0.360017,True,unstable,Below 150 minutes; scored out-of-sample relative to the 150+ minute core_v3 training population.
128085::2026::New Hampshire,2026,128085,Antoni Siewruk,New Hampshire,AE,11.28,C,128085,pid_team,81,19.8,0,20.5,24,0,0.0,0,0.0,2.00000000,57.8,0.0,0.0,0.0,0.0,0,0.0,0.0,0.0,0,0,0,2.738687943262412,0.0,0.0,1.0,0.0,0.0,0.0,0.0,0.0,A2,Low-Production Player,1.0,A0,Perimeter Spacer,0.0,True,very_unstable,Below 150 minutes; scored out-of-sample relative to the 150+ minute core_v3 training population.
78037::2026::New Hampshire,2026,78037,Dylan Saunders,New Hampshire,AE,32.4918,Stretch 4,78037,pid_team,80,14.2,64.29,0,19.3,0,0.0,0,42.9,0.50000000,16.2,0.0,0.0,0.0,0.0,15.7206,0.0,100.0,100.0,4.4,0,3.1,5.071396475418412,0.657743,0.0,0.20609,0.0,0.0,0.0,0.083067,0.0531,A0,Perimeter Spacer,0.657743,A2,Low-Production Player,0.20609,True,very_unstable,Below 150 minutes; scored out-of-sample relative to the 150+ minute core_v3 training population.
126717::2026::New Hampshire,2026,126717,Jon O'Neill,New Hampshire,AE,80.34,C,126717,pid_team,81,8.3,87.5,14.9,28.4,5.1,0.0,0,0.0,1.50037504,18.1,60.0,83.33,20.0,100.0,0,80.0,0.0,66.66666666666666,0,0,3.5,6.351406522280309,0.0,0.526466,0.0,0.0,0.0,0.185758,0.0,0.287775,A1,Connecting Guard,0.526466,A7,Traditional Big,0.287775,True,unstable,Below 150 minutes; scored out-of-sample relative to the 150+ minute core_v3 training population.
134867::2026::New Hampshire,2026,134867,Myles Blackley,New Hampshire,AE,31.0095,Pure PG,134867,pid_team,76,21.7,14.39,0,0,22.2,100.0,33.3,0.0,3.00000025,0,16.666666666666664,0.0,16.666666666666664,0.0,15.8934,0.0,0.0,0.0,7.4,3.8,2.6,3.8215643593092437,0.380306,0.0,0.0,0.234573,0.385121,0.0,0.0,0.0,A4,Scoring Playmaker,0.385121,A0,Perimeter Spacer,0.380306,True,very_unstable,Below 150 minutes; scored out-of-sample relative to the 150+ minute core_v3 training population.
126720::2026::New Hampshire,2026,126720,Nick Sanford,New Hampshire,AE,8.1665,PF/C,126720,pid_team,73,22.5,0,0,17.3,0,0.0,0,0.0,0.00000000,73.4,0.0,0.0,100.0,0.0,0,0.0,0.0,0.0,0,8.3,0,9.585207861384927,0.0,0.0,1.0,0.0,0.0,0.0,0.0,0.0,A2,Low-Production Player,1.0,A0,Perimeter Spacer,0.0,True,very_unstable,Below 150 minutes; scored out-of-sample relative to the 150+ minute core_v3 training population.
134851::2026::New Haven,2026,134851,Aidan Losiewicz,New Haven,NEC,136.348,Combo G,134851,pid_team,75,20.5,54.37,0.9,9.7,11.5,25.0,8.9,37.8,1.00000000,17.1,15.217391304347828,57.14,2.1739130434782608,0.0,16.2306,100.0,100.0,100.0,0.8,1.8,2.2,6.250770088303458,0.0,0.0,0.690226,0.256425,0.0,0.053348,0.0,0.0,A2,Low-Production Player,0.690226,A3,Two-Way Guard,0.256425,True,borderline_unstable,Below 150 minutes; scored out-of-sample relative to the 150+ minute core_v3 training population.
134849::2026::New Haven,2026,134849,Dior Kennedy,New Haven,NEC,8.55,Wing G,134849,pid_team,74,20,40,0,59.2,0,0.0,0,0.0,2.49989999,0,60.0,66.67,20.0,0.0,14.0373,0.0,0.0,0.0,0,14.6,0,9.407953216374267,0.0,0.0,0.0,1.0,0.0,0.0,0.0,0.0,A3,Two-Way Guard,1.0,A0,Perimeter Spacer,0.0,True,very_unstable,Below 150 minutes; scored out-of-sample relative to the 150+ minute core_v3 training population.
134701::2026::New Haven,2026,134701,Kyle Kearson,New Haven,NEC,122.8734,Wing G,134701,pid_team,76,13,37.9,3.3,22.5,10.7,33.300000000000004,14.3,33.300000000000004,2.33312219,12.9,38.095238095238095,25.0,4.761904761904762,0.0,6.67119,50.0,100.0,83.33333333333334,0,1.7,2.5,6.420722467189806,0.015787,0.0,0.341752,0.0,0.0,0.0,0.308105,0.334356,A2,Low-Production Player,0.341752,A7,Traditional Big,0.334356,True,borderline_unstable,Below 150 minutes; scored out-of-sample relative to the 150+ minute core_v3 training population.
134847::2026::New Haven,2026,134847,Tristan Burth,New Haven,NEC,121.1471,C,134847,pid_team,80,13.6,39.46,9.6,11.1,2,44.4,56.3,0.0,1.00000000,13.4,50.0,44.440000000000005,38.88888888888889,28.57,0,50.0,0.0,42.857142857142854,3.5,1.2,7.7,5.372774090341412,0.13135,0.500795,0.367856,0.0,0.0,0.0,0.0,0.0,A1,Connecting Guard,0.500795,A2,Low-Production Player,0.367856,True,borderline_unstable,Below 150 minutes; scored out-of-sample relative to the 150+ minute core_v3 training population.
134256::2026::New Haven,2026,134256,Vere Anthony,New Haven,NEC,149.05,Combo G,134256,pid_team,72,18.2,43.71,0.9,8.5,17.1,61.5,48.1,11.1,1.41675420,22.9,51.85185185185185,57.14,14.814814814814813,25.0,4.17638,25.0,0.0,30.0,0,3.3,1.2,5.99940959409594,0.238899,0.0,0.532154,0.0,0.0,0.228947,0.0,0.0,A2,Low-Production Player,0.532154,A0,Perimeter Spacer,0.238899,True,borderline_unstable,Below 150 minutes; scored out-of-sample relative to the 150+ minute core_v3 training population.
77913::2026::New Mexico,2026,77913,Kevin Patton Jr.,New Mexico,MWC,78.5776,Wing F,77913,pid_team,80,18,34.32,8.3,14.9,7.2,50.0,31.6,0.0,1.50022499,13.8,54.54545454545454,50.0,0.0,0.0,5.84476,66.66666666666666,0.0,75.0,0,1.7,2.4,6.0664107837348045,0.340919,0.659081,0.0,0.0,0.0,0.0,0.0,0.0,A1,Connecting Guard,0.659081,A0,Perimeter Spacer,0.340919,True,unstable,Below 150 minutes; scored out-of-sample relative to the 150+ minute core_v3 training population.
127055::2026::New Mexico,2026,127055,Milos Vicentic,New Mexico,MWC,108.657,Wing G,127055,pid_team,79,21.7,47.99,3.6,10.8,3.9,100.0,19.5,20.8,1.50000000,5.5,26.82926829268293,81.82000000000001,14.634146341463413,16.669999999999998,14.4899,66.66666666666666,80.0,73.33333333333333,0,3,3.8,6.491473167858491,0.0,0.0,0.0,0.716982,0.0,0.222351,0.0,0.060667,A3,Two-Way Guard,0.716982,A5,Efficient Play Finisher,0.222351,True,borderline_unstable,Below 150 minutes; scored out-of-sample relative to the 150+ minute core_v3 training population.
135615::2026::New Mexico,2026,135615,Timeo Pons,New Mexico,MWC,64.2456,Stretch 4,135615,pid_team,80,23.6,45.32,8.2,16.3,3.2,100.0,21.7,25.0,1.33318893,13,28.000000000000004,42.86,0.0,0.0,16.5235,100.0,100.0,100.0,4.8,2.1,4.4,7.028465762635885,0.0,0.0,0.0,0.0,0.0,0.0,0.462256,0.537744,A7,Traditional Big,0.537744,A6,Two-Way Forward,0.462256,True,unstable,Below 150 minutes; scored out-of-sample relative to the 150+ minute core_v3 training population.
134208::2026::New Mexico St.,2026,134208,Amarco Doyle,New Mexico St.,CUSA,10.1334,Wing F,134208,pid_team,79,37.8,75,0,20.7,0,0.0,0,50.0,0.00000000,29.1,0.0,0.0,0.0,0.0,40.4185,0.0,100.0,100.0,0,0,7.4,3.4257879882369195,0.977435,0.0,0.022565,0.0,0.0,0.0,0.0,0.0,A0,Perimeter Spacer,0.977435,A2,Low-Production Player,0.022565,True,very_unstable,Below 150 minutes; scored out-of-sample relative to the 150+ minute core_v3 training population.
78533::2026::New Mexico St.,2026,78533,Christian Villegas,New Mexico St.,CUSA,14.5,Scoring PG,78533,pid_team,74,22.7,0,13.3,0,19.4,0.0,0,0.0,0.50015004,63.8,0.0,0.0,0.0,0.0,7.21759,0.0,0.0,0.0,0,0,0,1.9026758620689654,0.0,0.0,1.0,0.0,0.0,0.0,0.0,0.0,A2,Low-Production Player,1.0,A0,Perimeter Spacer,0.0,True,very_unstable,Below 150 minutes; scored out-of-sample relative to the 150+ minute core_v3 training population.
128424::2026::New Mexico St.,2026,128424,Teysean Eaglestaff,New Mexico St.,CUSA,8.1,PF/C,128424,pid_team,79,14.3,0,0,0,0,0.0,0,0.0,0.00000000,0,0.0,0.0,33.33333333333333,0.0,14.4352,0.0,0.0,0.0,14.9,0,9.9,5.830320987654321,0.3201,0.0,0.6799,0.0,0.0,0.0,0.0,0.0,A2,Low-Production Player,0.6799,A0,Perimeter Spacer,0.3201,True,very_unstable,Below 150 minutes; scored out-of-sample relative to the 150+ minute core_v3 training population.
128018::2026::New Orleans,2026,128018,Grant Kemp,New Orleans,Slnd,33.8,Wing G,128018,pid_team,70,26.4,31.41,17.6,9.2,21.4,71.39999999999999,63.6,0.0,1.33333333,19.2,72.72727272727273,25.0,0.0,0.0,5.15584,0.0,0.0,0.0,0,0,9.5,5.084307692307693,0.043297,0.068576,0.0,0.345616,0.54251,0.0,0.0,0.0,A4,Scoring Playmaker,0.54251,A3,Two-Way Guard,0.345616,True,very_unstable,Below 150 minutes; scored out-of-sample relative to the 150+ minute core_v3 training population.
75643::2026::New Orleans,2026,75643,Hercy Miller,New Orleans,Slnd,52.1001,Scoring PG,75643,pid_team,75,28,25.52,2.3,8,20.1,0.0,11.5,0.0,1.00000000,19.6,32.142857142857146,22.220000000000002,32.142857142857146,55.559999999999995,8.8134,0.0,0.0,25.0,0,3.3,3.1,6.93430530843511,0.245343,0.0,0.754657,0.0,0.0,0.0,0.0,0.0,A2,Low-Production Player,0.754657,A0,Perimeter Spacer,0.245343,True,unstable,Below 150 minutes; scored out-of-sample relative to the 150+ minute core_v3 training population.
135024::2026::New Orleans,2026,135024,Jamal Chretien II,New Orleans,Slnd,127.3006,Wing G,135024,pid_team,78,9.9,39.75,5.6,3.3,4.2,75.0,18.2,15.4,1.00000000,13.6,22.727272727272727,80.0,18.181818181818183,25.0,5.81822,25.0,100.0,57.14285714285714,0,0.9,2.2,4.470929437881676,0.0,0.0,0.905439,0.031499,0.063062,0.0,0.0,0.0,A2,Low-Production Player,0.905439,A4,Scoring Playmaker,0.063062,True,borderline_unstable,Below 150 minutes; scored out-of-sample relative to the 150+ minute core_v3 training population.
78975::2026::New Orleans,2026,78975,Mathok Majok,New Orleans,Slnd,77.6992,C,78975,pid_team,88,17.8,69.51,18.3,17.4,0,53.800000000000004,68.4,0.0,0.00000000,12.4,61.53846153846154,81.25,11.538461538461538,33.33,0,46.15384615384615,0.0,52.38095238095239,15.5,1.5,6.2,9.378474939252914,0.0,0.0,0.0,0.0,0.0,0.0,0.09965,0.90035,A7,Traditional Big,0.90035,A6,Two-Way Forward,0.09965,True,unstable,Below 150 minutes; scored out-of-sample relative to the 150+ minute core_v3 training population.
135025::2026::New Orleans,2026,135025,Vieux Sanneh,New Orleans,Slnd,11.4,PF/C,135025,pid_team,77,11.8,33.9,10.4,0,0,100.0,100,0.0,0.00000000,0,50.0,0.0,50.0,0.0,0,0.0,0.0,0.0,9.6,0,0,4.527438596491227,0.144281,0.0,0.063102,0.0,0.06526,0.0,0.0,0.727358,A7,Traditional Big,0.727358,A0,Perimeter Spacer,0.144281,True,very_unstable,Below 150 minutes; scored out-of-sample relative to the 150+ minute core_v3 training population.
135359::2026::New Orleans,2026,135359,William Patterson,New Orleans,Slnd,30.5998,C,135359,pid_team,86,10.9,20,7.8,10.2,0,0.0,0,0.0,0.00000000,34.2,60.0,33.33,40.0,0.0,0,0.0,0.0,0.0,10.7,0,10.5,6.724880554774868,0.0,0.0,0.799112,0.0,0.0,0.0,0.0,0.200888,A2,Low-Production Player,0.799112,A7,Traditional Big,0.200888,True,very_unstable,Below 150 minutes; scored out-of-sample relative to the 150+ minute core_v3 training population.
127840::2026::Niagara,2026,127840,AJ McBride,Niagara,MAAC,22.0,Wing G,127840,pid_team,77,23,72.92,0,22.5,0,62.5,800,0.0,0.50015004,32.4,100.0,100.0,0.0,0.0,0,0.0,0.0,0.0,0,3.7,2.4,6.309618181818181,0.0,0.0,0.0,0.730885,0.0,0.0,0.0,0.269115,A3,Two-Way Guard,0.730885,A7,Traditional Big,0.269115,True,very_unstable,Below 150 minutes; scored out-of-sample relative to the 150+ minute core_v3 training population.
134221::2026::Niagara,2026,134221,Gael Dalmau Torresola,Niagara,MAAC,48.2125,Wing G,134221,pid_team,78,18.8,46.67,2.6,7.7,4.3,0.0,0,30.8,0.66666667,20.3,6.666666666666667,100.0,6.666666666666667,0.0,16.4301,100.0,75.0,80.0,2.5,1.3,1.6,5.378007778065854,0.0,0.0,0.960762,0.0,0.0,0.039238,0.0,0.0,A2,Low-Production Player,0.960762,A5,Efficient Play Finisher,0.039238,True,very_unstable,Below 150 minutes; scored out-of-sample relative to the 150+ minute core_v3 training population.
134926::2026::Nicholls St.,2026,134926,Domanic Betancourt,Nicholls St.,Slnd,30.25,C,134926,pid_team,82,8.2,0,16.1,9.4,0,0.0,0,0.0,0.00000000,0,100.0,0.0,0.0,0.0,0,0.0,0.0,0.0,8.6,4.2,5.8,3.8633388429752067,0.0,0.0,0.553042,0.276583,0.0,0.0,0.0,0.170376,A2,Low-Production Player,0.553042,A3,Two-Way Guard,0.276583,True,very_unstable,Below 150 minutes; scored out-of-sample relative to the 150+ minute core_v3 training population.
126982::2026::Nicholls St.,2026,126982,Kevin Pazmino,Nicholls St.,Slnd,100.1408,Scoring PG,126982,pid_team,76,12.4,57.14,0,1.7,0,0.0,0,40.0,1.00000000,6.2,4.761904761904762,0.0,0.0,0.0,15.4165,0.0,87.5,87.5,0,0.8,4.2,3.0287914616220357,0.598296,0.341645,0.060059,0.0,0.0,0.0,0.0,0.0,A0,Perimeter Spacer,0.598296,A1,Connecting Guard,0.341645,True,borderline_unstable,Below 150 minutes; scored out-of-sample relative to the 150+ minute core_v3 training population.
134319::2026::Norfolk St.,2026,134319,Mekhi Reid,Norfolk St.,MEAC,26.28,Wing G,134319,pid_team,76,10.8,102.56,0,18.7,0,50.0,200,100.0,0.33333333,40.9,0.0,0.0,0.0,0.0,4.28359,0.0,0.0,0.0,0,0,9.2,3.072739726027397,0.250946,0.0,0.0,0.0,0.749054,0.0,0.0,0.0,A4,Scoring Playmaker,0.749054,A0,Perimeter Spacer,0.250946,True,very_unstable,Below 150 minutes; scored out-of-sample relative to the 150+ minute core_v3 training population.
135281::2026::Norfolk St.,2026,135281,Yel Deeng,Norfolk St.,MEAC,76.9848,PF/C,135281,pid_team,80,10.9,26.76,3.2,23.9,2.5,0.0,14.3,22.2,0.33318889,14.9,20.0,33.33,13.333333333333334,0.0,7.34329,0.0,100.0,50.0,5.3,0.8,6.8,7.392472280242334,0.0,0.0,0.369586,0.188924,0.0,0.0,0.29266,0.14883,A2,Low-Production Player,0.369586,A6,Two-Way Forward,0.29266,True,unstable,Below 150 minutes; scored out-of-sample relative to the 150+ minute core_v3 training population.
133838::2026::North Alabama,2026,133838,Kedar Bodie,North Alabama,ASun,94.0,Combo G,133838,pid_team,75,19.7,32.08,3.7,10.5,6.3,66.7,18.2,33.300000000000004,1.00000000,9.8,30.303030303030305,30.0,42.42424242424242,14.29,5.81018,33.33333333333333,66.66666666666666,37.5,0,5.2,3.4,7.637106382978723,0.707666,0.0,0.238667,0.0,0.0,0.053667,0.0,0.0,A0,Perimeter Spacer,0.707666,A2,Low-Production Player,0.238667,True,unstable,Below 150 minutes; scored out-of-sample relative to the 150+ minute core_v3 training population.
127432::2026::North Alabama,2026,127432,King Walker,North Alabama,ASun,51.975,PF/C,127432,pid_team,78,9,28.78,7,7.5,7.1,100.0,33.3,0.0,2.00120050,13.7,50.0,0.0,50.0,33.33,0,0.0,0.0,0.0,2.5,2.5,11.4,5.773829725829727,0.299763,0.515034,0.185203,0.0,0.0,0.0,0.0,0.0,A1,Connecting Guard,0.515034,A0,Perimeter Spacer,0.299763,True,unstable,Below 150 minutes; scored out-of-sample relative to the 150+ minute core_v3 training population.
133835::2026::North Alabama,2026,133835,Tank Washington,North Alabama,ASun,69.6108,Wing G,133835,pid_team,79,15.5,23.17,11.4,7,13.2,0.0,16.7,16.7,5.00089984,5.5,66.66666666666666,25.0,0.0,0.0,5.10312,66.66666666666666,100.0,75.0,6.9,3.4,5.1,7.233934964114764,0.0,0.0,0.362301,0.0,0.0,0.0,0.031526,0.606172,A7,Traditional Big,0.606172,A2,Low-Production Player,0.362301,True,unstable,Below 150 minutes; scored out-of-sample relative to the 150+ minute core_v3 training population.
126887::2026::North Carolina,2026,126887,Elijah Davis,North Carolina,ACC,10.6998,Wing G,126887,pid_team,75,15.2,37.5,0,9.9,0,0.0,0,25.0,0.00000000,0,0.0,0.0,0.0,0.0,21.9166,0.0,100.0,100.0,0,0,7.5,5.4112039477373415,0.819938,0.0,0.180062,0.0,0.0,0.0,0.0,0.0,A0,Perimeter Spacer,0.819938,A2,Low-Production Player,0.180062,True,very_unstable,Below 150 minutes; scored out-of-sample relative to the 150+ minute core_v3 training population.
133810::2026::North Carolina,2026,133810,Evan Smith,North Carolina,ACC,8.6,PF/C,133810,pid_team,73,37.3,71.43,27,36.9,74.9,75.0,133.3,0.0,3.00000012,0,33.33333333333333,100.0,66.66666666666666,50.0,0,0.0,0.0,0.0,0,0,9.3,9.029162790697676,0.0,0.0,0.0,0.0,0.0,0.0,0.479708,0.520292,A7,Traditional Big,0.520292,A6,Two-Way Forward,0.479708,True,very_unstable,Below 150 minutes; scored out-of-sample relative to the 150+ minute core_v3 training population.
133743::2026::North Carolina,2026,133743,Isaiah Denis,North Carolina,ACC,33.2,Wing G,133743,pid_team,76,20.9,63.55,3.5,15.9,6.2,50.0,14.3,50.0,1.00000000,8.4,35.714285714285715,40.0,7.142857142857142,100.0,14.0266,0.0,100.0,57.14285714285714,0,1.8,7.2,7.401349397590362,0.0,0.0,0.0,0.0,0.0,0.0,0.630388,0.369612,A6,Two-Way Forward,0.630388,A7,Traditional Big,0.369612,True,very_unstable,Below 150 minutes; scored out-of-sample relative to the 150+ minute core_v3 training population.
128285::2026::North Carolina,2026,128285,Ivan Matlekovic,North Carolina,ACC,7.2,C,128285,pid_team,84,4.7,100,0,0,0,0.0,0,0.0,0.00000000,0,0.0,0.0,100.0,100.0,0,0.0,0.0,100.0,0,0,0,3.8362333333333334,0.080541,0.0,0.0,0.0,0.182497,0.0,0.153941,0.583021,A7,Traditional Big,0.583021,A4,Scoring Playmaker,0.182497,True,very_unstable,Below 150 minutes; scored out-of-sample relative to the 150+ minute core_v3 training population.
126666::2026::North Carolina,2026,126666,James Brown,North Carolina,ACC,50.1003,C,126666,pid_team,82,15,54.05,11.6,16.9,9.4,38.5,325,0.0,1.49999993,15.4,75.0,100.0,25.0,0.0,0,66.66666666666666,0.0,66.66666666666666,4,1.2,12,8.028135560066508,0.0,0.0,0.0,0.035781,0.0,0.0,0.0,0.964219,A7,Traditional Big,0.964219,A3,Two-Way Guard,0.035781,True,unstable,Below 150 minutes; scored out-of-sample relative to the 150+ minute core_v3 training population.
127636::2026::North Carolina,2026,127636,John Holbrook,North Carolina,ACC,8.6,C,127636,pid_team,80,14.7,25.64,27,12.3,0,50.0,200,0.0,0.00000000,0,100.0,0.0,0.0,0.0,0,0.0,0.0,0.0,0,0,4.7,5.6243255813953486,0.614221,0.006305,0.104314,0.067434,0.005329,0.0,0.0,0.202396,A0,Perimeter Spacer,0.614221,A7,Traditional Big,0.202396,True,very_unstable,Below 150 minutes; scored out-of-sample relative to the 150+ minute core_v3 training population.
134772::2026::North Carolina A&T,2026,134772,Lureon Walker,North Carolina A&T,CAA,114.8,Wing G,134772,pid_team,77,22.5,56.89,2.2,8,9.5,71.39999999999999,51.2,46.7,1.00000000,6.9,28.57142857142857,50.0,33.33333333333333,35.709999999999994,7.77952,66.66666666666666,71.42857142857143,57.89473684210527,2,1,1.8,5.488710801393728,0.0,0.0,0.0,0.0,0.201059,0.068763,0.369863,0.360315,A6,Two-Way Forward,0.369863,A7,Traditional Big,0.360315,True,borderline_unstable,Below 150 minutes; scored out-of-sample relative to the 150+ minute core_v3 training population.
134647::2026::North Carolina A&T,2026,134647,Yancarlos Cueto,North Carolina A&T,CAA,39.75,Stretch 4,134647,pid_team,77,24.2,44.03,7.1,26.4,0,50.0,28.6,40.0,0.60000000,14.1,14.285714285714285,0.0,14.285714285714285,0.0,17.1149,0.0,100.0,100.0,0,0,9.5,3.003350943396226,0.667742,0.0,0.11929,0.0,0.0,0.0,0.035416,0.177552,A0,Perimeter Spacer,0.667742,A7,Traditional Big,0.177552,True,very_unstable,Below 150 minutes; scored out-of-sample relative to the 150+ minute core_v3 training population.
127693::2026::North Carolina Central,2026,127693,Camren Daniels,North Carolina Central,MEAC,13.8335,PF/C,127693,pid_team,77,23.5,33.33,13.3,13.8,0,0.0,0,0.0,2.00000000,29.1,66.66666666666666,50.0,33.33333333333333,0.0,0,0.0,0.0,0.0,0,0,4.5,3.1746123540680236,0.0,0.14437,0.739229,0.0,0.116401,0.0,0.0,0.0,A2,Low-Production Player,0.739229,A1,Connecting Guard,0.14437,True,very_unstable,Below 150 minutes; scored out-of-sample relative to the 150+ minute core_v3 training population.
79417::2026::North Carolina Central,2026,79417,Gbenga Olubi,North Carolina Central,MEAC,42.2464,Wing G,79417,pid_team,79,9.7,33.33,8.5,5.9,9.3,0.0,0,0.0,2.00000000,15.1,50.0,33.33,16.666666666666664,100.0,2.89296,0.0,0.0,50.0,0,4.4,4.9,6.642355324950765,0.0,0.0,0.313197,0.0,0.0,0.0,0.0,0.686803,A7,Traditional Big,0.686803,A2,Low-Production Player,0.313197,True,very_unstable,Below 150 minutes; scored out-of-sample relative to the 150+ minute core_v3 training population.
76239::2026::North Carolina Central,2026,76239,Jonathan Dunn,North Carolina Central,MEAC,97.2363,PF/C,76239,pid_team,79,13,29.89,5.6,5.9,1.8,50.0,58.8,0.0,0.71417348,18,83.33333333333334,26.669999999999998,0.0,0.0,1.16347,75.0,0.0,75.0,1.1,0,4.6,4.278731296851073,0.447803,0.05743,0.494767,0.0,0.0,0.0,0.0,0.0,A2,Low-Production Player,0.494767,A0,Perimeter Spacer,0.447803,True,unstable,Below 150 minutes; scored out-of-sample relative to the 150+ minute core_v3 training population.
133954::2026::North Carolina Central,2026,133954,Justin Edwards,North Carolina Central,MEAC,85.1835,Pure PG,133954,pid_team,69,12.2,36.7,1.4,6,20.3,75.0,44.4,25.0,1.77770751,36.4,33.33333333333333,33.33,22.22222222222222,0.0,2.97332,0.0,100.0,50.0,0,4.4,2.9,6.492196258665118,0.333418,0.0,0.666582,0.0,0.0,0.0,0.0,0.0,A2,Low-Production Player,0.666582,A0,Perimeter Spacer,0.333418,True,unstable,Below 150 minutes; scored out-of-sample relative to the 150+ minute core_v3 training population.
135078::2026::North Carolina Central,2026,135078,Khalil Arnold,North Carolina Central,MEAC,50.32,Wing G,135078,pid_team,76,15.9,53.13,2.4,12.5,4.6,0.0,0,45.5,1.00000000,7.8,6.25,0.0,25.0,25.0,13.6911,0.0,100.0,100.0,0,0,2.5,4.573235294117646,0.621732,0.283847,0.094421,0.0,0.0,0.0,0.0,0.0,A0,Perimeter Spacer,0.621732,A1,Connecting Guard,0.283847,True,unstable,Below 150 minutes; scored out-of-sample relative to the 150+ minute core_v3 training population.
128294::2026::North Carolina Central,2026,128294,Ramondo Battle II,North Carolina Central,MEAC,149.94,Wing F,128294,pid_team,80,20.2,32.82,5.1,12.5,7.6,62.5,16.7,18.5,1.49999990,10.9,27.450980392156865,42.86,13.725490196078432,14.29,11.9424,83.33333333333334,80.0,86.66666666666667,0.9,3.5,6.2,6.643617446978792,0.0,0.044321,0.0,0.702849,0.0,0.0,0.0,0.25283,A3,Two-Way Guard,0.702849,A7,Traditional Big,0.25283,True,borderline_unstable,Below 150 minutes; scored out-of-sample relative to the 150+ minute core_v3 training population.
78553::2026::North Dakota,2026,78553,Anthony Doppler,North Dakota,Sum,42.9816,PF/C,78553,pid_team,76,12.6,0,0,17,5.4,0.0,33.3,0.0,4.00000000,15.6,16.666666666666664,0.0,66.66666666666666,0.0,1.94645,0.0,0.0,0.0,0,0,6.8,3.729018929030097,0.0,0.0,1.0,0.0,0.0,0.0,0.0,0.0,A2,Low-Production Player,1.0,A0,Perimeter Spacer,0.0,True,very_unstable,Below 150 minutes; scored out-of-sample relative to the 150+ minute core_v3 training population.
133998::2026::North Dakota,2026,133998,Karson Ouse,North Dakota,Sum,74.2082,Wing G,133998,pid_team,79,8.7,36.23,3.6,4.1,0,50.0,80,20.0,0.00000000,33.1,0.0,0.0,0.0,0.0,4.76258,0.0,100.0,100.0,2.1,0,5.3,3.495511277729415,0.42507,0.0,0.57493,0.0,0.0,0.0,0.0,0.0,A2,Low-Production Player,0.57493,A0,Perimeter Spacer,0.42507,True,unstable,Below 150 minutes; scored out-of-sample relative to the 150+ minute core_v3 training population.
78554::2026::North Dakota,2026,78554,Matthew Bothun,North Dakota,Sum,90.27,Stretch 4,78554,pid_team,81,17.8,31.6,1.4,6.3,6.9,25.0,16,21.099999999999998,1.00000000,12.3,16.0,25.0,8.0,50.0,13.9442,100.0,100.0,83.33333333333334,3.2,0.7,3,4.454148665115764,0.557847,0.219994,0.222159,0.0,0.0,0.0,0.0,0.0,A0,Perimeter Spacer,0.557847,A2,Low-Production Player,0.222159,True,unstable,Below 150 minutes; scored out-of-sample relative to the 150+ minute core_v3 training population.
134954::2026::North Dakota,2026,134954,Micah Curtis,North Dakota,Sum,24.2,Wing F,134954,pid_team,80,20.5,18.87,0,7.1,9.9,50.0,28.6,0.0,0.66659999,0,57.14285714285714,25.0,28.57142857142857,0.0,3.19773,100.0,0.0,100.0,0,3.3,0,4.644677685950413,0.243216,0.0,0.390871,0.03459,0.0,0.0,0.0,0.331322,A2,Low-Production Player,0.390871,A7,Traditional Big,0.331322,True,very_unstable,Below 150 minutes; scored out-of-sample relative to the 150+ minute core_v3 training population.
78556::2026::North Dakota,2026,78556,Ryan Erikson,North Dakota,Sum,29.1336,PF/C,78556,pid_team,82,23.8,40.4,0,26.4,0,100.0,50,0.0,0.50000000,34.2,25.0,100.0,25.0,0.0,8.13968,100.0,0.0,100.0,0,0,2.8,3.0722876678474336,0.208027,0.0,0.043812,0.0,0.0,0.748161,0.0,0.0,A5,Efficient Play Finisher,0.748161,A0,Perimeter Spacer,0.208027,True,very_unstable,Below 150 minutes; scored out-of-sample relative to the 150+ minute core_v3 training population.
135495::2026::North Dakota St.,2026,135495,Caleb Schoenrock,North Dakota St.,Sum,15.0108,PF/C,135495,pid_team,79,5.3,100,11.3,24.4,0,0.0,0,0.0,1.00000000,0,100.0,100.0,0.0,0.0,0,0.0,0.0,0.0,0,0,4,4.288379033762358,0.0,0.423727,0.0,0.0,0.043483,0.390505,0.0,0.142285,A1,Connecting Guard,0.423727,A5,Efficient Play Finisher,0.390505,True,very_unstable,Below 150 minutes; scored out-of-sample relative to the 150+ minute core_v3 training population.
135168::2026::North Dakota St.,2026,135168,Max Majerle,North Dakota St.,Sum,88.6224,Wing G,135168,pid_team,76,16.4,25.73,5.3,15.8,12.5,100.0,26.3,0.0,1.28567751,25,47.368421052631575,22.220000000000002,15.789473684210526,33.33,4.78123,0.0,0.0,0.0,0,2.1,1.9,6.661882323204969,0.604676,0.0,0.395324,0.0,0.0,0.0,0.0,0.0,A0,Perimeter Spacer,0.604676,A2,Low-Production Player,0.395324,True,unstable,Below 150 minutes; scored out-of-sample relative to the 150+ minute core_v3 training population.
135496::2026::North Dakota St.,2026,135496,Riley Saunders,North Dakota St.,Sum,11.8002,Scoring PG,135496,pid_team,71,12.5,100,0,0,0,0.0,0,66.7,2.00000000,0,0.0,0.0,0.0,0.0,22.5401,0.0,100.0,100.0,0,0,0,2.6432738428162232,0.376513,0.618435,0.0,0.0,0.0,0.005052,0.0,0.0,A1,Connecting Guard,0.618435,A0,Perimeter Spacer,0.376513,True,very_unstable,Below 150 minutes; scored out-of-sample relative to the 150+ minute core_v3 training population.
134026::2026::North Florida,2026,134026,Gabe Jacobs,North Florida,ASun,34.56,Combo G,134026,pid_team,73,18.4,100.56,5,9.5,8.1,100.0,25,66.7,0.50000000,51.8,25.0,100.0,0.0,0.0,7.29396,0.0,100.0,66.66666666666666,0,2.4,6.8,4.446944444444444,0.0,0.0,0.0,0.690437,0.090029,0.198462,0.0,0.021072,A3,Two-Way Guard,0.690437,A5,Efficient Play Finisher,0.198462,True,very_unstable,Below 150 minutes; scored out-of-sample relative to the 150+ minute core_v3 training population.
126577::2026::North Florida,2026,126577,Taylor Thompson,North Florida,ASun,65.8529,Pure PG,126577,pid_team,71,15.1,25.16,0,6.3,26.5,50.0,28.6,25.0,1.62479222,41.7,42.857142857142854,0.0,0.0,0.0,4.19955,0.0,100.0,100.0,0,0,6.8,3.5594119621155635,0.183598,0.104876,0.711525,0.0,0.0,0.0,0.0,0.0,A2,Low-Production Player,0.711525,A0,Perimeter Spacer,0.183598,True,unstable,Below 150 minutes; scored out-of-sample relative to the 150+ minute core_v3 training population.
74891::2026::North Texas,2026,74891,Will McClendon,North Texas,Amer,73.2,Wing G,74891,pid_team,74,23.6,60.25,2.9,11,11.2,84.2,76,41.199999999999996,2.00000000,10,20.0,40.0,12.0,0.0,13.4816,50.0,100.0,88.88888888888889,1.6,0,3.7,5.130475409836066,0.170008,0.329958,0.0,0.121052,0.120584,0.0,0.049639,0.208759,A1,Connecting Guard,0.329958,A7,Traditional Big,0.208759,True,unstable,Below 150 minutes; scored out-of-sample relative to the 150+ minute core_v3 training population.
127568::2026::Northeastern,2026,127568,Haris Elezovic,Northeastern,CAA,139.1008,Wing F,127568,pid_team,80,16.7,49.58,6.6,15.6,9.9,85.7,20,25.0,1.14278779,17.3,48.57142857142857,58.81999999999999,28.57142857142857,30.0,3.28004,80.0,50.0,80.0,0,0.8,5.2,5.540413858151786,0.454578,0.39435,0.105032,0.0,0.003744,0.042296,0.0,0.0,A0,Perimeter Spacer,0.454578,A1,Connecting Guard,0.39435,True,borderline_unstable,Below 150 minutes; scored out-of-sample relative to the 150+ minute core_v3 training population.
76792::2026::Northeastern,2026,76792,LA Pratt,Northeastern,CAA,98.9001,Scoring PG,76792,pid_team,77,24.8,56.38,0,6.4,20.4,90.9,27.5,27.3,1.66665006,14,58.536585365853654,62.5,12.195121951219512,20.0,6.394,13.333333333333334,66.66666666666666,20.0,0,4.1,2.4,6.84201532657702,0.299921,0.0,0.0,0.0,0.005977,0.694101,0.0,0.0,A5,Efficient Play Finisher,0.694101,A0,Perimeter Spacer,0.299921,True,unstable,Below 150 minutes; scored out-of-sample relative to the 150+ minute core_v3 training population.
134728::2026::Northern Arizona,2026,134728,Erez Poran,Northern Arizona,BSky,54.615,PF/C,134728,pid_team,78,12,30,8.6,13.2,3.1,0.0,0,0.0,2.00065030,17.7,20.0,50.0,20.0,100.0,6.43359,0.0,0.0,0.0,0,2.1,2.1,6.306084409045133,0.0,0.0,0.486109,0.0,0.0,0.0,0.008909,0.504982,A7,Traditional Big,0.504982,A2,Low-Production Player,0.486109,True,unstable,Below 150 minutes; scored out-of-sample relative to the 150+ minute core_v3 training population.
77347::2026::Northern Colorado,2026,77347,Chancellor White,Northern Colorado,BSky,26.25,Stretch 4,77347,pid_team,78,22.2,25,0,33.2,0,0.0,0,0.0,0.60002400,25.1,50.0,50.0,0.0,0.0,10.8051,100.0,0.0,100.0,0,0,3.9,2.9597866666666666,0.0,0.0,0.646464,0.0,0.0,0.0,0.0,0.353536,A2,Low-Production Player,0.646464,A7,Traditional Big,0.353536,True,very_unstable,Below 150 minutes; scored out-of-sample relative to the 150+ minute core_v3 training population.
128390::2026::Northern Colorado,2026,128390,Hunter Caldwell,Northern Colorado,BSky,59.7927,Stretch 4,128390,pid_team,82,19.3,70,2.9,10.5,8.5,0.0,0,45.5,1.24991256,20.6,20.0,100.0,6.666666666666667,0.0,14.4555,66.66666666666666,100.0,87.5,2.4,0,3.7,4.175205334430458,0.0,0.0,0.671408,0.0,0.0,0.328592,0.0,0.0,A2,Low-Production Player,0.671408,A5,Efficient Play Finisher,0.328592,True,unstable,Below 150 minutes; scored out-of-sample relative to the 150+ minute core_v3 training population.
135052::2026::Northern Colorado,2026,135052,Tanner Braketa,Northern Colorado,BSky,69.2253,Scoring PG,135052,pid_team,73,11.2,55.56,0,10.1,13.9,0.0,0,28.599999999999998,2.99940002,11.4,0.0,0.0,22.22222222222222,100.0,8.95688,0.0,0.0,25.0,0,0,3.6,3.4070202657121023,0.148665,0.0,0.356185,0.0,0.49515,0.0,0.0,0.0,A4,Scoring Playmaker,0.49515,A2,Low-Production Player,0.356185,True,unstable,Below 150 minutes; scored out-of-sample relative to the 150+ minute core_v3 training population.
128381::2026::Northern Colorado,2026,128381,Walker Asp,Northern Colorado,BSky,11.0666,C,128381,pid_team,80,14.1,0,29.4,0,0,0.0,0,0.0,1.00000000,0,0.0,0.0,0.0,0.0,12.1558,0.0,0.0,0.0,0,0,0,1.569255236477328,0.446306,0.033404,0.520289,0.0,0.0,0.0,0.0,0.0,A2,Low-Production Player,0.520289,A0,Perimeter Spacer,0.446306,True,very_unstable,Below 150 minutes; scored out-of-sample relative to the 150+ minute core_v3 training population.
77811::2026::Northern Colorado,2026,77811,William Humer,Northern Colorado,BSky,10.775,C,77811,pid_team,82,20,0,112.2,0,0,0.0,0,0.0,1.25000000,0,0.0,0.0,0.0,0.0,48.623,0.0,0.0,0.0,0,0,36.4,0.5257243619489559,0.07527,0.850225,0.072319,0.0,0.0,0.0,0.0,0.002186,A1,Connecting Guard,0.850225,A0,Perimeter Spacer,0.07527,True,very_unstable,Below 150 minutes; scored out-of-sample relative to the 150+ minute core_v3 training population.
133715::2026::Northern Illinois,2026,133715,Isaiah Stewart,Northern Illinois,MAC,61.0082,Wing G,133715,pid_team,78,5.3,90.91,4.8,8.2,4.4,50.0,50,66.7,2.00065030,0,25.0,100.0,0.0,0.0,3.75612,0.0,100.0,66.66666666666666,0,1.3,5.2,4.17622549099957,0.0,0.527896,0.0,0.0,0.0,0.472104,0.0,0.0,A1,Connecting Guard,0.527896,A5,Efficient Play Finisher,0.472104,True,unstable,Below 150 minutes; scored out-of-sample relative to the 150+ minute core_v3 training population.
127772::2026::Northern Illinois,2026,127772,Isaiah Washington,Northern Illinois,MAC,92.1228,Wing F,127772,pid_team,77,19.1,36.59,7.7,10.2,4.8,58.3,52.2,0.0,1.19994793,17.3,52.17391304347826,50.0,13.043478260869565,33.33,5.26499,16.666666666666664,0.0,14.285714285714285,0,0,2.8,4.48935551242472,0.316603,0.188791,0.031819,0.0,0.462786,0.0,0.0,0.0,A4,Scoring Playmaker,0.462786,A0,Perimeter Spacer,0.316603,True,unstable,Below 150 minutes; scored out-of-sample relative to the 150+ minute core_v3 training population.
78094::2026::Northern Illinois,2026,78094,JJ Taylor,Northern Illinois,MAC,62.4999,PF/C,78094,pid_team,80,27.4,50.78,3.6,12.1,3.6,68.8,88.9,11.1,0.11110000,30.2,44.44444444444444,62.5,5.555555555555555,100.0,8.25006,20.0,0.0,14.285714285714285,1.8,0,2.6,5.248245197192315,0.189527,0.0,0.0,0.0,0.810473,0.0,0.0,0.0,A4,Scoring Playmaker,0.810473,A0,Perimeter Spacer,0.189527,True,unstable,Below 150 minutes; scored out-of-sample relative to the 150+ minute core_v3 training population.
127002::2026::Northern Illinois,2026,127002,Jaylen Wharton,Northern Illinois,MAC,122.7798,C,127002,pid_team,81,15.7,45.35,5.8,20.8,1.9,35.3,68,0.0,0.40007597,12.7,24.0,50.0,76.0,47.370000000000005,0,0.0,0.0,41.66666666666667,2,0.5,7.3,6.2299824563975505,0.085273,0.011054,0.392882,0.0,0.510791,0.0,0.0,0.0,A4,Scoring Playmaker,0.510791,A2,Low-Production Player,0.392882,True,borderline_unstable,Below 150 minutes; scored out-of-sample relative to the 150+ minute core_v3 training population.
134260::2026::Northern Illinois,2026,134260,Ladji Kante,Northern Illinois,MAC,135.9705,Wing G,134260,pid_team,79,16,43.97,3.9,6.6,5.3,75.0,48,18.2,0.63637771,21.9,50.0,46.150000000000006,3.8461538461538463,0.0,5.53599,16.666666666666664,100.0,37.5,1,1.5,2.4,4.735880209310108,0.0,0.0,0.243449,0.474561,0.0,0.0,0.0,0.28199,A3,Two-Way Guard,0.474561,A7,Traditional Big,0.28199,True,borderline_unstable,Below 150 minutes; scored out-of-sample relative to the 150+ minute core_v3 training population.
133713::2026::Northern Illinois,2026,133713,Max Laskey,Northern Illinois,MAC,10.2145,Scoring PG,133713,pid_team,77,11.6,75,0,0,0,0.0,0,50.0,1.00000000,0,0.0,0.0,0.0,0.0,17.1112,0.0,100.0,100.0,0,0,0,2.4078672475402616,0.725788,0.274212,0.0,0.0,0.0,0.0,0.0,0.0,A0,Perimeter Spacer,0.725788,A1,Connecting Guard,0.274212,True,very_unstable,Below 150 minutes; scored out-of-sample relative to the 150+ minute core_v3 training population.
75486::2026::Northern Iowa,2026,75486,Chase Courbat,Northern Iowa,MVC,45.7408,C,75486,pid_team,82,8.1,66.67,4.6,17.3,0,0.0,0,0.0,1.00000000,28.1,33.33333333333333,100.0,66.66666666666666,50.0,0,100.0,0.0,50.0,9.3,0,4.3,4.356539457114874,0.0,0.0,0.923324,0.0,0.0,0.045193,0.0,0.031484,A2,Low-Production Player,0.923324,A5,Efficient Play Finisher,0.045193,True,very_unstable,Below 150 minutes; scored out-of-sample relative to the 150+ minute core_v3 training population.
77188::2026::Northern Iowa,2026,77188,Hunter Jacobson,Northern Iowa,MVC,18.6,Combo G,77188,pid_team,73,17,25,6.9,0,0,0.0,0,20.0,0.00000000,0,0.0,0.0,16.666666666666664,0.0,17.2028,0.0,0.0,0.0,0,0,4.3,3.8701290322580637,0.564038,0.0,0.435962,0.0,0.0,0.0,0.0,0.0,A0,Perimeter Spacer,0.564038,A2,Low-Production Player,0.435962,True,very_unstable,Below 150 minutes; scored out-of-sample relative to the 150+ minute core_v3 training population.
135375::2026::Northern Kentucky,2026,135375,Addison Archer,Northern Kentucky,Horz,111.78,PF/C,135375,pid_team,81,9.3,50.58,12.2,9.7,4.6,66.7,60,50.0,0.66666665,18.1,40.0,25.0,40.0,50.0,1.12373,100.0,100.0,100.0,4.5,0.6,7.6,5.202755412417248,0.445462,0.263708,0.29083,0.0,0.0,0.0,0.0,0.0,A0,Perimeter Spacer,0.445462,A2,Low-Production Player,0.29083,True,borderline_unstable,Below 150 minutes; scored out-of-sample relative to the 150+ minute core_v3 training population.
134671::2026::Northern Kentucky,2026,134671,Ryan Tolliver,Northern Kentucky,Horz,130.4084,PF/C,134671,pid_team,79,9.9,51.75,10.6,17,5.5,100.0,20,0.0,0.75000006,19.8,66.66666666666666,50.0,20.0,66.67,0.977155,40.0,0.0,57.14285714285714,1,2.5,7,6.507801644679331,0.354425,0.276229,0.0,0.064859,0.304487,0.0,0.0,0.0,A0,Perimeter Spacer,0.354425,A4,Scoring Playmaker,0.304487,True,borderline_unstable,Below 150 minutes; scored out-of-sample relative to the 150+ minute core_v3 training population.
76205::2026::Northwestern,2026,76205,Gus Hurlburt,Northwestern,B10,3.7,C,76205,pid_team,81,27.5,102.56,33.6,0,0,100.0,200,0.0,0.00000000,0,0.0,0.0,100.0,100.0,0,0.0,0.0,100.0,0,0,0,3.2267999999999994,0.052961,0.0,0.0,0.0,0.947039,0.0,0.0,0.0,A4,Scoring Playmaker,0.947039,A0,Perimeter Spacer,0.052961,True,very_unstable,Below 150 minutes; scored out-of-sample relative to the 150+ minute core_v3 training population.
134566::2026::Northwestern,2026,134566,Phoenix Gill,Northwestern,B10,38.8003,Stretch 4,134566,pid_team,74,18.3,25.25,12.8,6.3,12.3,75.0,50,0.0,1.50000012,17.3,22.22222222222222,50.0,22.22222222222222,0.0,6.44351,0.0,0.0,0.0,0,0,3.1,4.148998847947052,0.148155,0.097532,0.090403,0.0,0.66391,0.0,0.0,0.0,A4,Scoring Playmaker,0.66391,A0,Perimeter Spacer,0.148155,True,very_unstable,Below 150 minutes; scored out-of-sample relative to the 150+ minute core_v3 training population.
77838::2026::Northwestern St.,2026,77838,Quentin Bolton Jr.,Northwestern St.,Slnd,38.625,Wing F,77838,pid_team,78,17.1,16.67,4.1,16.3,12.7,0.0,0,11.1,0.50000000,11.9,0.0,0.0,0.0,0.0,18.2702,0.0,100.0,100.0,0,0,6.7,4.237027831715211,0.580159,0.0,0.419841,0.0,0.0,0.0,0.0,0.0,A0,Perimeter Spacer,0.580159,A2,Low-Production Player,0.419841,True,very_unstable,Below 150 minutes; scored out-of-sample relative to the 150+ minute core_v3 training population.
126694::2026::Notre Dame,2026,126694,Brady Stevens,Notre Dame,ACC,13.1,Wing G,126694,pid_team,76,19.6,37.97,0,17.8,13.6,50.0,66.7,0.0,1.00000000,23.2,66.66666666666666,50.0,0.0,0.0,4.73353,0.0,0.0,0.0,0,0,3.1,5.895938931297709,0.0,0.0,0.103087,0.346934,0.549979,0.0,0.0,0.0,A4,Scoring Playmaker,0.549979,A3,Two-Way Guard,0.346934,True,very_unstable,Below 150 minutes; scored out-of-sample relative to the 150+ minute core_v3 training population.
143656::2026::Notre Dame,2026,143656,Mark Zackery IV,Notre Dame,ACC,20.2,Wing G,143656,pid_team,71,12.9,25,5.7,11.6,8.4,0.0,0,0.0,1.00000000,22.9,50.0,50.0,0.0,0.0,5.91691,0.0,0.0,0.0,0,0,2,5.184633663366337,0.0,0.033721,0.917601,0.0,0.048678,0.0,0.0,0.0,A2,Low-Production Player,0.917601,A4,Scoring Playmaker,0.048678,True,very_unstable,Below 150 minutes; scored out-of-sample relative to the 150+ minute core_v3 training population.
134663::2026::Notre Dame,2026,134663,Matthew MacLellan,Notre Dame,ACC,43.2999,C,134663,pid_team,81,13.3,82.32,5.3,24.2,4.6,71.39999999999999,100,0.0,1.00000000,10.3,100.0,85.71,0.0,0.0,0,100.0,0.0,100.0,3.1,0,6.5,7.144312111575316,0.0,0.0,0.0,0.0,0.0,0.266581,0.0,0.733419,A7,Traditional Big,0.733419,A5,Efficient Play Finisher,0.266581,True,very_unstable,Below 150 minutes; scored out-of-sample relative to the 150+ minute core_v3 training population.
133670::2026::Oakland,2026,133670,MJ Yeager,Oakland,Horz,19.9997,Combo G,133670,pid_team,70,20.1,50,0,5.5,0,0.0,0,33.300000000000004,0.00000000,41.7,0.0,0.0,0.0,0.0,16.9195,0.0,100.0,100.0,0,0,4,3.9964399465991987,0.411406,0.0,0.588594,0.0,0.0,0.0,0.0,0.0,A2,Low-Production Player,0.588594,A0,Perimeter Spacer,0.411406,True,very_unstable,Below 150 minutes; scored out-of-sample relative to the 150+ minute core_v3 training population.
126963::2026::Oakland,2026,126963,Nate Deer,Oakland,Horz,41.85,C,126963,pid_team,82,10.4,0,8.8,8.5,5.4,0.0,66.7,0.0,0.33333333,20.8,100.0,0.0,0.0,0.0,0,0.0,0.0,0.0,0,0,1.5,2.672821983273596,0.0,0.0,1.0,0.0,0.0,0.0,0.0,0.0,A2,Low-Production Player,1.0,A0,Perimeter Spacer,0.0,True,very_unstable,Below 150 minutes; scored out-of-sample relative to the 150+ minute core_v3 training population.
128301::2026::Ohio,2026,128301,Ayden Evans,Ohio,MAC,74.1276,Wing F,128301,pid_team,80,16.5,45.56,6.4,6.6,4.9,66.7,33.3,20.0,1.00000000,14.5,57.89473684210527,54.55,10.526315789473683,0.0,3.95887,50.0,100.0,62.5,5.7,1.6,6.2,6.306153173716673,0.399096,0.531859,0.069045,0.0,0.0,0.0,0.0,0.0,A1,Connecting Guard,0.531859,A0,Perimeter Spacer,0.399096,True,unstable,Below 150 minutes; scored out-of-sample relative to the 150+ minute core_v3 training population.
134390::2026::Ohio,2026,134390,Jordan Fisher,Ohio,MAC,13.2,Combo G,134390,pid_team,77,20.7,0,0,0,0,0.0,0,0.0,1.00000000,0,0.0,0.0,33.33333333333333,0.0,18.6859,0.0,0.0,0.0,0,0,0,1.5024030303030302,0.545532,0.0,0.454468,0.0,0.0,0.0,0.0,0.0,A0,Perimeter Spacer,0.545532,A2,Low-Production Player,0.454468,True,very_unstable,Below 150 minutes; scored out-of-sample relative to the 150+ minute core_v3 training population.
134593::2026::Ohio St.,2026,134593,Mathieu Grujicic,Ohio St.,B10,33.4002,Combo G,134593,pid_team,78,19.1,26.49,4,14.1,9.2,42.9,87.5,14.299999999999999,1.99940002,9.4,0.0,0.0,12.5,0.0,12.8007,0.0,100.0,100.0,0,1.8,2.4,6.679445033263275,0.57574,0.0,0.158985,0.237723,0.0,0.0,0.0,0.027552,A0,Perimeter Spacer,0.57574,A3,Two-Way Guard,0.237723,True,very_unstable,Below 150 minutes; scored out-of-sample relative to the 150+ minute core_v3 training population.
73516::2026::Ohio St.,2026,73516,Puff Johnson,Ohio St.,B10,103.8996,Wing F,73516,pid_team,80,13.5,47.14,7.7,4.5,1.5,66.7,50,42.9,0.25000000,17.3,33.33333333333333,33.33,27.77777777777778,20.0,4.04232,50.0,100.0,66.66666666666666,0,0.6,6.9,4.852723205864123,0.0,0.0,0.158532,0.0,0.0,0.0,0.293314,0.548154,A7,Traditional Big,0.548154,A6,Two-Way Forward,0.293314,True,borderline_unstable,Below 150 minutes; scored out-of-sample relative to the 150+ minute core_v3 training population.
134100::2026::Oklahoma,2026,134100,Alec Blair,Oklahoma,SEC,2.9,PF/C,134100,pid_team,79,23.9,52.63,40.6,0,0,50.0,0,0.0,0.00000000,0,0.0,0.0,0.0,0.0,0,0.0,0.0,0.0,0,0,0,3.2200689655172416,0.184349,0.0,0.0,0.0,0.0,0.0,0.005452,0.810199,A7,Traditional Big,0.810199,A0,Perimeter Spacer,0.184349,True,very_unstable,Below 150 minutes; scored out-of-sample relative to the 150+ minute core_v3 training population.
134036::2026::Oklahoma,2026,134036,Jake Hansen,Oklahoma,SEC,2.0001,PF/C,134036,pid_team,72,18.9,0,0,0,0,0.0,0,0.0,0.00000000,0,0.0,0.0,0.0,0.0,38.836,0.0,0.0,0.0,0,0,20,3.811909404529774,0.545994,0.0,0.454006,0.0,0.0,0.0,0.0,0.0,A0,Perimeter Spacer,0.545994,A2,Low-Production Player,0.454006,True,very_unstable,Below 150 minutes; scored out-of-sample relative to the 150+ minute core_v3 training population.
77973::2026::Oklahoma,2026,77973,Reid Lovelace,Oklahoma,SEC,7.7,Pure PG,77973,pid_team,70,20.2,50,0,0,45.3,0.0,0,33.300000000000004,2.00000000,0,0.0,0.0,0.0,0.0,23.3016,0.0,100.0,100.0,0,15.2,10.4,13.91724675324675,0.0,0.0,0.0,1.0,0.0,0.0,0.0,0.0,A3,Two-Way Guard,1.0,A0,Perimeter Spacer,0.0,True,very_unstable,Below 150 minutes; scored out-of-sample relative to the 150+ minute core_v3 training population.
134352::2026::Oklahoma St.,2026,134352,Daniel Guetta,Oklahoma St.,B12,105.4999,Combo G,134352,pid_team,74,15.2,53.99,1,7,13.5,60.0,27.8,14.299999999999999,0.75002295,40.1,50.0,88.89,11.11111111111111,0.0,3.54301,12.5,100.0,22.22222222222222,0,1.5,1.1,5.8766690774114485,0.0,0.0,0.508792,0.0,0.0,0.491208,0.0,0.0,A2,Low-Production Player,0.508792,A5,Efficient Play Finisher,0.491208,True,borderline_unstable,Below 150 minutes; scored out-of-sample relative to the 150+ minute core_v3 training population.
75694::2026::Oklahoma St.,2026,75694,Kirk Cole,Oklahoma St.,B12,53.9006,Scoring PG,75694,pid_team,73,11.3,46.15,2,5.9,8.7,0.0,0,33.300000000000004,3.00130051,8.8,7.6923076923076925,0.0,0.0,0.0,11.9876,0.0,100.0,100.0,0,0,3,4.666834877533831,0.545317,0.0,0.454683,0.0,0.0,0.0,0.0,0.0,A0,Perimeter Spacer,0.545317,A2,Low-Production Player,0.454683,True,unstable,Below 150 minutes; scored out-of-sample relative to the 150+ minute core_v3 training population.
134353::2026::Oklahoma St.,2026,134353,Mekhi Ragland,Oklahoma St.,B12,79.7006,C,134353,pid_team,83,16.3,35.84,8.3,22.5,6.2,50.0,15.4,0.0,3.00140058,4.1,50.0,30.769999999999996,42.30769230769231,45.45,1.35574,50.0,0.0,77.77777777777779,4.1,3.4,8,10.221353415156221,0.0,0.0,0.0,0.0,0.0,0.0,0.316635,0.683365,A7,Traditional Big,0.683365,A6,Two-Way Forward,0.316635,True,unstable,Below 150 minutes; scored out-of-sample relative to the 150+ minute core_v3 training population.
77243::2026::Oklahoma St.,2026,77243,Robert Jennings,Oklahoma St.,B12,38.6001,Wing F,77243,pid_team,79,16.9,50.46,8.5,24.6,0,50.0,44.4,50.0,0.00000000,24.7,70.0,42.86,0.0,0.0,2.81191,66.66666666666666,100.0,80.0,2.8,4.2,6.2,10.812303595068407,0.0,0.0,0.0,0.0,0.0,0.024811,0.424495,0.550694,A7,Traditional Big,0.550694,A6,Two-Way Forward,0.424495,True,very_unstable,Below 150 minutes; scored out-of-sample relative to the 150+ minute core_v3 training population.
127751::2026::Old Dominion,2026,127751,Ben Nacey,Old Dominion,SB,59.67,C,127751,pid_team,80,14.2,54.24,7.6,15.3,6,60.0,100,0.0,3.00000007,6.8,50.0,80.0,50.0,20.0,0,75.0,0.0,60.0,1.8,0,8.1,5.886066700184347,0.0,1.0,0.0,0.0,0.0,0.0,0.0,0.0,A1,Connecting Guard,1.0,A0,Perimeter Spacer,0.0,True,unstable,Below 150 minutes; scored out-of-sample relative to the 150+ minute core_v3 training population.
127753::2026::Old Dominion,2026,127753,CJ Parker,Old Dominion,SB,5.5334,Wing G,127753,pid_team,78,8.9,0,0,49,0,0.0,0,0.0,0.66659999,0,0.0,0.0,0.0,0.0,10.9729,0.0,0.0,0.0,0,12.4,8.7,15.411284201395164,0.0,0.0,0.0,1.0,0.0,0.0,0.0,0.0,A3,Two-Way Guard,1.0,A0,Perimeter Spacer,0.0,True,very_unstable,Below 150 minutes; scored out-of-sample relative to the 150+ minute core_v3 training population.
76821::2026::Old Dominion,2026,76821,Cooper Jones,Old Dominion,SB,9.0666,Pure PG,76821,pid_team,74,29.5,75,0,0,27,0.0,0,50.0,0.33329999,53.3,0.0,0.0,0.0,0.0,14.6305,0.0,100.0,100.0,0,0,0,2.7759909999338235,0.358902,0.0,0.528912,0.0,0.112186,0.0,0.0,0.0,A2,Low-Production Player,0.528912,A0,Perimeter Spacer,0.358902,True,very_unstable,Below 150 minutes; scored out-of-sample relative to the 150+ minute core_v3 training population.
126680::2026::Old Dominion,2026,126680,Rieco Hellams,Old Dominion,SB,32.0359,Scoring PG,126680,pid_team,70,8.1,51.28,0,8.5,5.8,100.0,200,0.0,1.49965010,52.2,0.0,0.0,100.0,0.0,0,0.0,0.0,0.0,0,2.1,4.5,5.14772489613215,0.0,0.0,0.831731,0.0,0.168269,0.0,0.0,0.0,A2,Low-Production Player,0.831731,A4,Scoring Playmaker,0.168269,True,very_unstable,Below 150 minutes; scored out-of-sample relative to the 150+ minute core_v3 training population.
143659::2026::Oral Roberts,2026,143659,Aaron Jacob,Oral Roberts,Sum,68.6826,PF/C,143659,pid_team,80,21.7,48.39,10.6,10.7,9.3,100.0,38.1,16.7,1.33314456,12.3,28.57142857142857,83.33,14.285714285714285,0.0,10.6166,60.0,100.0,71.42857142857143,6.6,1.8,4.9,6.714772009213396,0.310347,0.438712,0.0,0.0,0.0,0.250942,0.0,0.0,A1,Connecting Guard,0.438712,A0,Perimeter Spacer,0.310347,True,unstable,Below 150 minutes; scored out-of-sample relative to the 150+ minute core_v3 training population.
135475::2026::Oral Roberts,2026,135475,Lane Sparks,Oral Roberts,Sum,13.3,Combo G,135475,pid_team,75,19.4,90,0,17.4,24.8,0.0,0,50.0,1.00000000,22.4,60.0,100.0,0.0,0.0,8.68629,66.66666666666666,100.0,75.0,0,4.3,6,8.664751879699248,0.0,0.0,0.0,0.0,0.0,1.0,0.0,0.0,A5,Efficient Play Finisher,1.0,A0,Perimeter Spacer,0.0,True,very_unstable,Below 150 minutes; scored out-of-sample relative to the 150+ minute core_v3 training population.
133671::2026::Oregon,2026,133671,Efe Vatan,Oregon,B10,14.0,C,133671,pid_team,82,19.7,67.8,8.3,8.4,0,66.7,100,0.0,0.00000000,21.8,100.0,66.67,0.0,0.0,0,100.0,0.0,100.0,0,0,5.7,4.418342857142856,0.185001,0.0,0.043021,0.0,0.0,0.210576,0.0,0.561402,A7,Traditional Big,0.561402,A5,Efficient Play Finisher,0.210576,True,very_unstable,Below 150 minutes; scored out-of-sample relative to the 150+ minute core_v3 training population.
133613::2026::Oregon,2026,133613,Luke Johnson,Oregon,B10,65.1996,Wing F,133613,pid_team,80,13,43.77,5.3,9,2.8,50.0,50,25.0,0.49970005,14.2,33.33333333333333,50.0,0.0,0.0,7.33133,100.0,100.0,100.0,0,0,6.1,4.5072485107270595,0.0,0.0,0.378963,0.0,0.0,0.0,0.0,0.621037,A7,Traditional Big,0.621037,A2,Low-Production Player,0.378963,True,unstable,Below 150 minutes; scored out-of-sample relative to the 150+ minute core_v3 training population.
127852::2026::Oregon St.,2026,127852,Ja'Quavis Williford,Oregon St.,WCC,63.9001,Stretch 4,127852,pid_team,79,26.5,35.4,4,12.7,0,75.0,12.5,15.8,0.00000000,7.2,12.121212121212121,50.0,27.27272727272727,44.440000000000005,17.8854,100.0,100.0,70.0,0,0,1.3,5.003679180470765,0.418002,0.0,0.0,0.0,0.0,0.063889,0.359783,0.158327,A0,Perimeter Spacer,0.418002,A6,Two-Way Forward,0.359783,True,unstable,Below 150 minutes; scored out-of-sample relative to the 150+ minute core_v3 training population.
127851::2026::Oregon St.,2026,127851,Kaan Yarkut,Oregon St.,WCC,1.0,Combo G,127851,pid_team,78,43.2,0,0,0,0,0.0,0,0.0,0.00000000,0,100.0,0.0,0.0,0.0,0,0.0,0.0,0.0,0,0,0,3.2969559999999998,0.401377,0.0,0.580843,0.0,0.01778,0.0,0.0,0.0,A2,Low-Production Player,0.580843,A0,Perimeter Spacer,0.401377,True,very_unstable,Below 150 minutes; scored out-of-sample relative to the 150+ minute core_v3 training population.
77953::2026::Oregon St.,2026,77953,Stephen Olowoniyi,Oregon St.,WCC,37.0,C,77953,pid_team,80,19.7,42.47,3.4,9.4,0,50.0,16.7,0.0,0.00000000,16.6,46.15384615384615,50.0,46.15384615384615,33.33,0,33.33333333333333,0.0,33.33333333333333,6.4,0,3.2,5.510400000000001,0.28966,0.0,0.371993,0.0,0.338347,0.0,0.0,0.0,A2,Low-Production Player,0.371993,A4,Scoring Playmaker,0.338347,True,very_unstable,Below 150 minutes; scored out-of-sample relative to the 150+ minute core_v3 training population.
127385::2026::Penn,2026,127385,Alex Massung,Penn,Ivy,50.13,Combo G,127385,pid_team,76,20.8,37.85,4.7,9.7,18.8,66.7,46.2,0.0,1.39999998,17.8,69.23076923076923,33.33,30.76923076923077,25.0,0,33.33333333333333,0.0,25.0,0,1.2,1.7,5.4264272890484735,0.0,0.0,0.562137,0.0,0.0,0.0,0.0,0.437863,A2,Low-Production Player,0.562137,A7,Traditional Big,0.437863,True,unstable,Below 150 minutes; scored out-of-sample relative to the 150+ minute core_v3 training population.
127162::2026::Penn,2026,127162,Dylan Williams,Penn,Ivy,61.0001,Scoring PG,127162,pid_team,71,23.6,39.79,3.6,9.4,32.9,33.300000000000004,37.5,25.0,1.57140005,28.3,43.75,71.43,31.25,0.0,3.82757,40.0,0.0,33.33333333333333,0,1,2,5.543951567292513,0.0,0.0,0.0,0.226166,0.773834,0.0,0.0,0.0,A4,Scoring Playmaker,0.773834,A3,Two-Way Guard,0.226166,True,unstable,Below 150 minutes; scored out-of-sample relative to the 150+ minute core_v3 training population.
77134::2026::Penn,2026,77134,Johnnie Walter,Penn,Ivy,25.2,Wing F,77134,pid_team,82,8.3,50,0,13.6,0,0.0,0,33.300000000000004,0.00000000,0,33.33333333333333,50.0,0.0,0.0,6.78523,100.0,100.0,100.0,0,0,7.9,5.662507936507937,0.0,0.0,0.542579,0.0,0.0,0.0,0.0,0.457421,A2,Low-Production Player,0.542579,A7,Traditional Big,0.457421,True,very_unstable,Below 150 minutes; scored out-of-sample relative to the 150+ minute core_v3 training population.
128034::2026::Penn,2026,128034,Michelangelo Oberti,Penn,Ivy,48.0337,C,128034,pid_team,82,13.5,68.81,4.7,26.7,4.1,75.0,44.4,0.0,0.24992500,18.3,66.66666666666666,83.33,33.33333333333333,33.33,0,60.0,0.0,50.0,7,2.5,3.4,9.686116205913766,0.0,0.0,0.0,0.346617,0.07404,0.0,0.192298,0.387045,A7,Traditional Big,0.387045,A3,Two-Way Guard,0.346617,True,very_unstable,Below 150 minutes; scored out-of-sample relative to the 150+ minute core_v3 training population.
78399::2026::Penn,2026,78399,Niklas Polonowski,Penn,Ivy,133.1484,Wing G,78399,pid_team,78,12.4,41.22,3.5,7.3,6.8,42.9,25.9,31.6,2.49885064,7.5,14.814814814814813,50.0,14.814814814814813,0.0,8.75378,0.0,100.0,75.0,0,0.5,1.9,4.67760784207696,0.355272,0.0,0.400768,0.0,0.0,0.038043,0.020822,0.185096,A2,Low-Production Player,0.400768,A0,Perimeter Spacer,0.355272,True,borderline_unstable,Below 150 minutes; scored out-of-sample relative to the 150+ minute core_v3 training population.
134513::2026::Penn,2026,134513,Payton Kamin,Penn,Ivy,10.725,PF/C,134513,pid_team,79,14,0,0,13.4,0,0.0,0,0.0,0.75000000,0,33.33333333333333,0.0,33.33333333333333,0.0,7.10834,0.0,0.0,0.0,0,0,4.7,4.363897435897435,0.296885,0.0,0.703115,0.0,0.0,0.0,0.0,0.0,A2,Low-Production Player,0.703115,A0,Perimeter Spacer,0.296885,True,very_unstable,Below 150 minutes; scored out-of-sample relative to the 150+ minute core_v3 training population.
135080::2026::Penn St.,2026,135080,Justin Houser,Penn St.,B10,112.6008,PF/C,135080,pid_team,84,14.7,52.42,5.5,17.8,4.6,62.5,38.1,33.300000000000004,0.50015004,21.6,45.83333333333333,54.55,4.166666666666666,0.0,4.74434,100.0,100.0,100.0,8.7,1.1,8.5,7.345489552472096,0.39515,0.197929,0.274572,0.0,0.0,0.132349,0.0,0.0,A0,Perimeter Spacer,0.39515,A2,Low-Production Player,0.274572,True,borderline_unstable,Below 150 minutes; scored out-of-sample relative to the 150+ minute core_v3 training population.
135142::2026::Pepperdine,2026,135142,Nikola Radovanovic,Pepperdine,WCC,81.0352,Wing F,135142,pid_team,81,15,56.55,10.6,12.6,7.7,75.0,61.5,25.0,1.49978747,20.5,57.14285714285714,62.5,7.142857142857142,0.0,3.08117,20.0,100.0,33.33333333333333,1.5,1.5,6.4,6.093055857207732,0.146023,0.681871,0.0,0.075559,0.096547,0.0,0.0,0.0,A1,Connecting Guard,0.681871,A0,Perimeter Spacer,0.146023,True,unstable,Below 150 minutes; scored out-of-sample relative to the 150+ minute core_v3 training population.
128001::2026::Pepperdine,2026,128001,Pasha Shemirani,Pepperdine,WCC,65.1296,Wing G,128001,pid_team,77,7.4,33.33,3.9,10.2,6.1,0.0,0,40.0,2.00000000,0,0.0,0.0,44.44444444444444,0.0,4.97481,0.0,50.0,50.0,0,0,4.2,4.373194369380436,0.261732,0.0,0.738268,0.0,0.0,0.0,0.0,0.0,A2,Low-Production Player,0.738268,A0,Perimeter Spacer,0.261732,True,unstable,Below 150 minutes; scored out-of-sample relative to the 150+ minute core_v3 training population.
135421::2026::Pepperdine,2026,135421,Vladimir Sudar,Pepperdine,WCC,68.3552,Scoring PG,135421,pid_team,77,17.6,38.81,1.8,7.4,14.1,60.0,83.3,20.0,1.19978402,25.6,8.333333333333332,0.0,50.0,33.33,4.50549,0.0,100.0,66.66666666666666,0,1.8,1.2,5.375321848228079,0.090583,0.0,0.06834,0.419294,0.421783,0.0,0.0,0.0,A4,Scoring Playmaker,0.421783,A3,Two-Way Guard,0.419294,True,unstable,Below 150 minutes; scored out-of-sample relative to the 150+ minute core_v3 training population.
134070::2026::Pittsburgh,2026,134070,Kieran Mullen,Pittsburgh,ACC,112.4,C,134070,pid_team,84,9.5,52.17,6.2,18.2,1.5,100.0,41.7,0.0,0.20000000,28.8,78.57142857142857,45.45,0.0,0.0,0.545174,80.0,0.0,71.42857142857143,1.1,0.6,5.7,5.763523131672597,0.61429,0.0,0.351968,0.0,0.0,0.0,0.0,0.033742,A0,Perimeter Spacer,0.61429,A2,Low-Production Player,0.351968,True,borderline_unstable,Below 150 minutes; scored out-of-sample relative to the 150+ minute core_v3 training population.
135000::2026::Pittsburgh,2026,135000,Macari Moore,Pittsburgh,ACC,131.1002,Pure PG,135000,pid_team,75,19.4,52.08,7,10.7,23.5,87.5,32,75.0,1.21417352,33.9,64.0,37.5,20.0,20.0,1.87232,16.666666666666664,100.0,40.0,0.9,5.2,8.5,8.07181072187533,0.182476,0.0,0.352003,0.136132,0.0,0.276724,0.052665,0.0,A2,Low-Production Player,0.352003,A5,Efficient Play Finisher,0.276724,True,borderline_unstable,Below 150 minutes; scored out-of-sample relative to the 150+ minute core_v3 training population.
77769::2026::Pittsburgh,2026,77769,Papa Amadou Kante,Pittsburgh,ACC,113.2,PF/C,77769,pid_team,82,14.8,45.31,17.3,29.4,11.3,44.4,45,0.0,2.33333333,11,64.0,43.75,8.0,100.0,1.09035,85.71428571428571,0.0,84.61538461538461,1.1,1.1,5.3,7.197703180212014,0.0,1.0,0.0,0.0,0.0,0.0,0.0,0.0,A1,Connecting Guard,1.0,A0,Perimeter Spacer,0.0,True,borderline_unstable,Below 150 minutes; scored out-of-sample relative to the 150+ minute core_v3 training population.
77771::2026::Portland,2026,77771,Kelson Gebbers,Portland,WCC,71.1529,PF/C,77771,pid_team,79,9.9,59.36,3.6,13,4.9,50.0,20,28.599999999999998,0.49981255,24.6,20.0,100.0,10.0,100.0,5.66498,100.0,100.0,100.0,3.5,0.8,9,6.634107675161518,0.0,0.13919,0.0,0.0,0.0,0.86081,0.0,0.0,A5,Efficient Play Finisher,0.86081,A1,Connecting Guard,0.13919,True,unstable,Below 150 minutes; scored out-of-sample relative to the 150+ minute core_v3 training population.
127275::2026::Portland,2026,127275,NaVaughn Long,Portland,WCC,118.0284,Wing G,127275,pid_team,78,10.3,62.05,1,9.7,4.1,50.0,10,55.60000000000001,0.85720003,30.1,25.0,80.0,30.0,16.669999999999998,3.96629,25.0,100.0,70.0,0.9,0.9,3.7,6.382091089941066,0.0,0.0,0.0,0.0,0.0,0.786273,0.213727,0.0,A5,Efficient Play Finisher,0.786273,A6,Two-Way Forward,0.213727,True,borderline_unstable,Below 150 minutes; scored out-of-sample relative to the 150+ minute core_v3 training population.
127127::2026::Portland,2026,127127,Preston Lee,Portland,WCC,11.925,Combo G,127127,pid_team,71,10.5,76.92,0,0,0,50.0,200,0.0,0.75000000,0,100.0,100.0,0.0,0.0,0,0.0,0.0,0.0,0,0,5,2.5660477987421384,0.0,0.13167,0.0,0.0,0.777071,0.088701,0.0,0.002558,A4,Scoring Playmaker,0.777071,A1,Connecting Guard,0.13167,True,very_unstable,Below 150 minutes; scored out-of-sample relative to the 150+ minute core_v3 training population.
127910::2026::Portland,2026,127910,Riley Parker,Portland,WCC,19.4,Pure PG,127910,pid_team,74,13,59.26,0,5.9,16.1,80.0,500,0.0,2.00000000,22.8,0.0,0.0,0.0,0.0,2.96737,0.0,0.0,0.0,0,3,2.1,6.576329896907216,0.0,0.0,0.0,0.04237,0.0,0.0,0.0,0.95763,A7,Traditional Big,0.95763,A3,Two-Way Guard,0.04237,True,very_unstable,Below 150 minutes; scored out-of-sample relative to the 150+ minute core_v3 training population.
143683::2026::Portland,2026,143683,Samuel Noland,Portland,WCC,51.8999,PF/C,143683,pid_team,73,6.5,65.69,0,4.4,3.2,83.3,150,0.0,0.99969998,0,0.0,0.0,100.0,50.0,0,0.0,0.0,0.0,0,1.1,3.1,5.119331636477141,0.0,0.0,0.0,0.0,0.642535,0.0,0.0,0.357465,A4,Scoring Playmaker,0.642535,A7,Traditional Big,0.357465,True,unstable,Below 150 minutes; scored out-of-sample relative to the 150+ minute core_v3 training population.
134481::2026::Portland St.,2026,134481,Brayden Barron,Portland St.,BSky,72.505,PF/C,134481,pid_team,78,14,41.84,9.8,22.1,0,0.0,18.2,0.0,0.16666666,27.7,58.333333333333336,57.14,25.0,33.33,0,50.0,0.0,57.14285714285714,2,1,6.1,6.010068271153714,0.0,0.0,0.569951,0.0,0.0,0.0,0.0,0.430049,A2,Low-Production Player,0.569951,A7,Traditional Big,0.430049,True,unstable,Below 150 minutes; scored out-of-sample relative to the 150+ minute core_v3 training population.
76353::2026::Portland St.,2026,76353,Charles Chukwu,Portland St.,BSky,75.8574,C,76353,pid_team,81,6.8,57.14,5.9,10.1,0,0.0,0,0.0,0.50000000,14.4,66.66666666666666,50.0,11.11111111111111,100.0,0,100.0,0.0,83.33333333333334,4.1,1,10.9,5.043531679176982,0.0,0.520096,0.396652,0.0,0.0,0.0,0.0,0.083252,A1,Connecting Guard,0.520096,A2,Low-Production Player,0.396652,True,unstable,Below 150 minutes; scored out-of-sample relative to the 150+ minute core_v3 training population.
134479::2026::Portland St.,2026,134479,Colt Ness,Portland St.,BSky,39.62,Stretch 4,134479,pid_team,72,13.3,40,0,8.9,13.1,0.0,0,0.0,1.83333330,32.4,40.0,100.0,20.0,0.0,4.26617,0.0,0.0,0.0,0,0,10.4,3.3917112569409387,0.0,0.139896,0.731406,0.0,0.128698,0.0,0.0,0.0,A2,Low-Production Player,0.731406,A1,Connecting Guard,0.139896,True,very_unstable,Below 150 minutes; scored out-of-sample relative to the 150+ minute core_v3 training population.
128437::2026::Portland St.,2026,128437,Kean Webb,Portland St.,BSky,18.6,C,128437,pid_team,83,10.1,0,11.9,12.2,0,0.0,0,0.0,0.00000000,0,0.0,0.0,0.0,0.0,0,0.0,0.0,0.0,12.4,0,12.2,3.8970537634408604,0.0,0.0,0.729645,0.0,0.0,0.0,0.0,0.270355,A2,Low-Production Player,0.729645,A7,Traditional Big,0.270355,True,very_unstable,Below 150 minutes; scored out-of-sample relative to the 150+ minute core_v3 training population.
126638::2026::Portland St.,2026,126638,Mozae Downing-Rivers,Portland St.,BSky,88.8416,Pure PG,126638,pid_team,78,13.7,44.44,0,1.7,30.9,0.0,0,0.0,2.00000000,41.6,30.0,33.33,50.0,60.0,0.812604,0.0,0.0,0.0,1.7,2.4,5.6,4.837913770125707,0.0,0.0,0.30758,0.170507,0.521914,0.0,0.0,0.0,A4,Scoring Playmaker,0.521914,A2,Low-Production Player,0.30758,True,unstable,Below 150 minutes; scored out-of-sample relative to the 150+ minute core_v3 training population.
134480::2026::Portland St.,2026,134480,Samuel Stewart IV,Portland St.,BSky,32.0728,Pure PG,134480,pid_team,76,8.1,33.33,0,7.6,0,0.0,0,0.0,2.90879989,0,0.0,0.0,66.66666666666666,50.0,3.65672,0.0,0.0,0.0,0,7.4,5.1,4.799967573769673,0.0,0.0,0.388159,0.532502,0.079339,0.0,0.0,0.0,A3,Two-Way Guard,0.532502,A2,Low-Production Player,0.388159,True,very_unstable,Below 150 minutes; scored out-of-sample relative to the 150+ minute core_v3 training population.
77921::2026::Prairie View A&M,2026,77921,Doug Young,Prairie View A&M,SWAC,52.6666,Combo G,77921,pid_team,72,24,50,6,4.1,8.2,0.0,0,25.0,0.62500472,25.1,27.27272727272727,33.33,36.36363636363637,75.0,7.93712,50.0,100.0,40.0,0,1,3.6,5.0870798570631095,0.0,0.0,0.268105,0.0,0.566717,0.0,0.165178,0.0,A4,Scoring Playmaker,0.566717,A2,Low-Production Player,0.268105,True,unstable,Below 150 minutes; scored out-of-sample relative to the 150+ minute core_v3 training population.
77968::2026::Prairie View A&M,2026,77968,Marcel Bryant,Prairie View A&M,SWAC,114.3693,PF/C,77968,pid_team,79,24.5,64.84,4.7,16.7,1.9,70.0,55.6,55.60000000000001,0.22223025,27.4,47.22222222222222,70.59,27.77777777777778,30.0,4.31068,33.33333333333333,60.0,40.0,4.4,1.9,8.7,8.21265846691376,0.0,0.0,0.0,0.528749,0.471251,0.0,0.0,0.0,A3,Two-Way Guard,0.528749,A4,Scoring Playmaker,0.471251,True,borderline_unstable,Below 150 minutes; scored out-of-sample relative to the 150+ minute core_v3 training population.
78376::2026::Prairie View A&M,2026,78376,Ryan Bolton Jr.,Prairie View A&M,SWAC,62.4767,C,78376,pid_team,83,13.5,66.67,10.9,31.5,3.7,0.0,0,0.0,0.24989375,49,71.42857142857143,80.0,14.285714285714285,0.0,0,25.0,0.0,40.0,6,1.1,16,8.189997230967704,0.0,0.0,0.234865,0.0,0.0,0.0,0.0,0.765135,A7,Traditional Big,0.765135,A2,Low-Production Player,0.234865,True,unstable,Below 150 minutes; scored out-of-sample relative to the 150+ minute core_v3 training population.
73692::2026::Prairie View A&M,2026,73692,Seryee Lewis,Prairie View A&M,SWAC,12.8,C,73692,pid_team,81,17.4,33.33,0,0,0,0.0,0,0.0,0.00000000,0,66.66666666666666,50.0,33.33333333333333,0.0,0,100.0,0.0,100.0,27.9,0,11.1,4.504375,0.0,0.0,0.37957,0.0,0.0,0.0,0.0,0.62043,A7,Traditional Big,0.62043,A2,Low-Production Player,0.37957,True,very_unstable,Below 150 minutes; scored out-of-sample relative to the 150+ minute core_v3 training population.
134418::2026::Presbyterian,2026,134418,Amare Anderson,Presbyterian,BSth,85.6729,Wing G,134418,pid_team,73,14.5,60.4,3.8,3.6,2.9,75.0,30.8,25.0,1.39991196,25.4,40.0,83.33,20.0,33.33,3.67968,40.0,100.0,55.55555555555556,1.7,1.8,6.1,4.226316606534856,0.0,0.0,0.540049,0.34031,0.024451,0.0,0.0,0.09519,A2,Low-Production Player,0.540049,A3,Two-Way Guard,0.34031,True,unstable,Below 150 minutes; scored out-of-sample relative to the 150+ minute core_v3 training population.
127516::2026::Presbyterian,2026,127516,Erik Taylor,Presbyterian,BSth,104.3335,Scoring PG,127516,pid_team,73,17.1,49.69,2.3,7.7,30.5,76.9,59.1,15.4,2.85703274,13.2,31.818181818181817,71.43,9.090909090909092,50.0,7.33844,20.0,50.0,37.5,0,1.1,1.5,5.193231320716739,0.0,0.0,0.0,0.0,0.695132,0.0,0.006345,0.298524,A4,Scoring Playmaker,0.695132,A7,Traditional Big,0.298524,True,borderline_unstable,Below 150 minutes; scored out-of-sample relative to the 150+ minute core_v3 training population.
128027::2026::Presbyterian,2026,128027,Luke Allison,Presbyterian,BSth,12.25,Wing G,128027,pid_team,72,12.9,0,0,15.3,0,0.0,0,0.0,1.00000000,60.8,0.0,0.0,0.0,0.0,8.27927,0.0,0.0,0.0,0,0,0,3.234801632653061,0.0,0.0,1.0,0.0,0.0,0.0,0.0,0.0,A2,Low-Production Player,1.0,A0,Perimeter Spacer,0.0,True,very_unstable,Below 150 minutes; scored out-of-sample relative to the 150+ minute core_v3 training population.
135528::2026::Princeton,2026,135528,Cash McSweeney,Princeton,Ivy,72.9859,Stretch 4,135528,pid_team,80,19.5,33.61,3.6,20.4,23.4,25.0,40,20.0,1.18187602,43.4,20.0,50.0,30.0,33.33,4.75114,100.0,100.0,66.66666666666666,0,1.9,5.4,6.456863585980305,0.0,0.0,0.267234,0.327347,0.0,0.0,0.405419,0.0,A6,Two-Way Forward,0.405419,A3,Two-Way Guard,0.327347,True,unstable,Below 150 minutes; scored out-of-sample relative to the 150+ minute core_v3 training population.
133624::2026::Princeton,2026,133624,Cooper Mueller,Princeton,Ivy,1.55,Combo G,133624,pid_team,75,20,150,0,0,0,0.0,0,100.0,0.00000000,0,0.0,0.0,0.0,0.0,0,0.0,100.0,100.0,0,0,0,0.462578064516129,0.177932,0.0,0.0,0.0,0.045783,0.776286,0.0,0.0,A5,Efficient Play Finisher,0.776286,A0,Perimeter Spacer,0.177932,True,very_unstable,Below 150 minutes; scored out-of-sample relative to the 150+ minute core_v3 training population.
135529::2026::Princeton,2026,135529,Jake Sussberg,Princeton,Ivy,121.1688,Stretch 4,135529,pid_team,77,15.1,53.54,2.1,13.1,3.8,70.0,37,33.300000000000004,1.00000000,7.3,11.11111111111111,66.67,11.11111111111111,33.33,11.6907,50.0,100.0,80.0,1.1,0.6,5,5.242042505991641,0.0,0.0,0.0,0.0,0.0,0.280603,0.274601,0.444795,A7,Traditional Big,0.444795,A5,Efficient Play Finisher,0.280603,True,borderline_unstable,Below 150 minutes; scored out-of-sample relative to the 150+ minute core_v3 training population.
127297::2026::Princeton,2026,127297,Peyton Seals,Princeton,Ivy,145.1613,Stretch 4,127297,pid_team,76,13.6,52.68,2.6,14.9,5.9,100.0,10.7,28.599999999999998,0.74999997,22.8,21.428571428571427,66.67,3.571428571428571,100.0,9.33369,75.0,83.33333333333334,81.81818181818183,0,1.8,4.8,6.241663583889094,0.0,0.0,0.0,0.249498,0.0,0.135287,0.282327,0.332888,A7,Traditional Big,0.332888,A6,Two-Way Forward,0.282327,True,borderline_unstable,Below 150 minutes; scored out-of-sample relative to the 150+ minute core_v3 training population.
134639::2026::Princeton,2026,134639,Ryan Mandes,Princeton,Ivy,7.2625,Wing G,134639,pid_team,75,11.2,67.8,0,21.6,0,0.0,100,0.0,0.00000000,0,100.0,100.0,0.0,0.0,0,100.0,0.0,100.0,0,0,7,4.779615834767641,0.0,0.0,0.0,0.0,0.0,0.42849,0.0,0.57151,A7,Traditional Big,0.57151,A5,Efficient Play Finisher,0.42849,True,very_unstable,Below 150 minutes; scored out-of-sample relative to the 150+ minute core_v3 training population.
127299::2026::Princeton,2026,127299,Zio Kim,Princeton,Ivy,9.1,PF/C,127299,pid_team,76,22.2,105.26,0,20.8,30.2,100.0,0,0.0,1.00000000,47.6,0.0,0.0,0.0,0.0,0,0.0,0.0,0.0,0,0,0,3.7415076923076924,0.039111,0.0,0.079013,0.0,0.605025,0.0,0.0,0.276851,A4,Scoring Playmaker,0.605025,A7,Traditional Big,0.276851,True,very_unstable,Below 150 minutes; scored out-of-sample relative to the 150+ minute core_v3 training population.
127934::2026::Providence,2026,127934,Daquan Davis,Providence,BE,27.6999,Wing G,127934,pid_team,73,10.2,22.35,0,3.7,15.9,0.0,25,0.0,3.00030008,19.7,25.0,100.0,25.0,0.0,4.09061,0.0,0.0,0.0,0,2,7.2,5.840208809418086,0.0,0.0,0.76145,0.0,0.0,0.0,0.0,0.23855,A2,Low-Production Player,0.76145,A7,Traditional Big,0.23855,True,very_unstable,Below 150 minutes; scored out-of-sample relative to the 150+ minute core_v3 training population.
134081::2026::Providence,2026,134081,Jack Williams,Providence,BE,11.9,Pure PG,134081,pid_team,76,11.2,50,0,0,13.3,0.0,0,33.300000000000004,1.00030004,0,0.0,0.0,0.0,0.0,13.6354,0.0,100.0,100.0,0,0,0,3.615932773109243,0.654552,0.345448,0.0,0.0,0.0,0.0,0.0,0.0,A0,Perimeter Spacer,0.654552,A1,Connecting Guard,0.345448,True,very_unstable,Below 150 minutes; scored out-of-sample relative to the 150+ minute core_v3 training population.
134077::2026::Providence,2026,134077,Jaylen Harrell,Providence,BE,54.7998,Wing G,134077,pid_team,77,14.3,63.13,6.5,1.9,6.4,100.0,18.8,27.3,1.99979997,0,29.411764705882355,100.0,0.0,0.0,11.2492,60.0,100.0,77.77777777777779,0,1,1.5,4.659863722130372,0.0,0.327722,0.0,0.0,0.0,0.672278,0.0,0.0,A5,Efficient Play Finisher,0.672278,A1,Connecting Guard,0.327722,True,unstable,Below 150 minutes; scored out-of-sample relative to the 150+ minute core_v3 training population.
135084::2026::Providence,2026,135084,Peteris Pinnis,Providence,BE,76.5,C,135084,pid_team,84,14.7,51.99,6.2,24.3,2.1,33.300000000000004,23.1,0.0,0.12511250,39.4,66.66666666666666,60.0,20.0,33.33,0,83.33333333333334,0.0,88.88888888888889,2.6,2.2,7.3,9.261542483660131,0.0,0.0,0.603315,0.120843,0.0,0.0,0.0,0.275841,A2,Low-Production Player,0.603315,A7,Traditional Big,0.275841,True,unstable,Below 150 minutes; scored out-of-sample relative to the 150+ minute core_v3 training population.
127351::2026::Purdue,2026,127351,Aaron Fine,Purdue,B10,23.1003,Pure PG,127351,pid_team,74,28,50.23,0,0,24.6,50.0,20,0.0,1.49999993,19.1,60.0,50.0,40.0,50.0,0,0.0,0.0,0.0,0,0,6.9,3.9105466162777107,0.0,0.0,0.534998,0.0,0.283423,0.0,0.0,0.181579,A2,Low-Production Player,0.534998,A4,Scoring Playmaker,0.283423,True,very_unstable,Below 150 minutes; scored out-of-sample relative to the 150+ minute core_v3 training population.
77832::2026::Purdue,2026,77832,Jace Rayl,Purdue,B10,15.5,PF/C,77832,pid_team,70,4.8,0,0,0,0,0.0,0,0.0,0.00000000,0,0.0,0.0,100.0,0.0,0,0.0,0.0,0.0,0,0,5.2,3.8566451612903228,0.038964,0.0,0.961036,0.0,0.0,0.0,0.0,0.0,A2,Low-Production Player,0.961036,A0,Perimeter Spacer,0.038964,True,very_unstable,Below 150 minutes; scored out-of-sample relative to the 150+ minute core_v3 training population.
74678::2026::Purdue,2026,74678,Liam Murphy,Purdue,B10,89.1996,Wing F,74678,pid_team,80,13.2,51.85,2.9,12.3,5.3,0.0,0,34.8,3.00000001,0,10.714285714285714,66.67,3.571428571428571,0.0,15.8766,100.0,100.0,100.0,0,0.7,3.6,5.521818483490957,0.0,0.0,0.0,0.0,0.0,0.451836,0.193187,0.354978,A5,Efficient Play Finisher,0.451836,A7,Traditional Big,0.354978,True,unstable,Below 150 minutes; scored out-of-sample relative to the 150+ minute core_v3 training population.
127519::2026::Purdue Fort Wayne,2026,127519,Mason Shrout,Purdue Fort Wayne,Horz,56.538,Wing G,127519,pid_team,77,23.2,41.28,4.5,0,6.7,100.0,44.4,14.299999999999999,1.66637785,9.7,22.22222222222222,50.0,0.0,0.0,15.8614,0.0,100.0,50.0,0,2.2,9.3,2.300435105592699,0.20464,0.267202,0.0,0.480663,0.047495,0.0,0.0,0.0,A3,Two-Way Guard,0.480663,A1,Connecting Guard,0.267202,True,unstable,Below 150 minutes; scored out-of-sample relative to the 150+ minute core_v3 training population.
133870::2026::Queens,2026,133870,Reid Celestin,Queens,ASun,42.2592,Wing G,133870,pid_team,78,11,20,19,0,11.4,0.0,0,0.0,1.00000000,13.7,80.0,25.0,0.0,0.0,1.47772,100.0,0.0,100.0,0,3,2.1,4.927040739058004,0.0,0.386184,0.613816,0.0,0.0,0.0,0.0,0.0,A2,Low-Production Player,0.613816,A1,Connecting Guard,0.386184,True,very_unstable,Below 150 minutes; scored out-of-sample relative to the 150+ minute core_v3 training population.
135376::2026::Queens,2026,135376,Tyler Crider,Queens,ASun,9.81,Pure PG,135376,pid_team,72,16,0,0,0,13.2,0.0,0,0.0,0.90000001,0,0.0,0.0,25.0,0.0,15.516,0.0,0.0,0.0,0,0,3.8,3.702503567787972,0.424855,0.013324,0.561821,0.0,0.0,0.0,0.0,0.0,A2,Low-Production Player,0.561821,A0,Perimeter Spacer,0.424855,True,very_unstable,Below 150 minutes; scored out-of-sample relative to the 150+ minute core_v3 training population.
128421::2026::Quinnipiac,2026,128421,Braylan Ritvo,Quinnipiac,MAAC,56.0,Wing F,128421,pid_team,80,12.4,38.77,7.8,2,3.2,0.0,6.7,33.300000000000004,1.00000000,0,46.666666666666664,42.86,13.333333333333334,0.0,6.13792,100.0,50.0,80.0,3.7,3.1,5,6.444371428571428,0.141135,0.834862,0.024003,0.0,0.0,0.0,0.0,0.0,A1,Connecting Guard,0.834862,A0,Perimeter Spacer,0.141135,True,unstable,Below 150 minutes; scored out-of-sample relative to the 150+ minute core_v3 training population.
133963::2026::Quinnipiac,2026,133963,Christopher Skenderi,Quinnipiac,MAAC,11.84,PF/C,133963,pid_team,79,22,0,16.6,34.6,0,0.0,0,0.0,0.50000000,39.7,50.0,0.0,0.0,0.0,9.20688,0.0,0.0,0.0,0,0,0,4.44277027027027,0.038959,0.0,0.961041,0.0,0.0,0.0,0.0,0.0,A2,Low-Production Player,0.961041,A0,Perimeter Spacer,0.038959,True,very_unstable,Below 150 minutes; scored out-of-sample relative to the 150+ minute core_v3 training population.
74100::2026::Quinnipiac,2026,74100,"Ronell Giles, Jr.",Quinnipiac,MAAC,70.273,Wing G,74100,pid_team,75,14.3,33.52,5.9,6.2,8.8,50.0,25,25.0,1.00000000,43.5,25.0,50.0,25.0,0.0,4.18495,0.0,100.0,50.0,0,0,2.9,3.3252714413786237,0.007335,0.0,0.858249,0.0,0.134416,0.0,0.0,0.0,A2,Low-Production Player,0.858249,A4,Scoring Playmaker,0.134416,True,unstable,Below 150 minutes; scored out-of-sample relative to the 150+ minute core_v3 training population.
135251::2026::Radford,2026,135251,Bradley Land,Radford,BSth,23.5998,PF/C,135251,pid_team,78,14,100,7.6,0,0,0.0,0,0.0,0.33333335,55.9,50.0,100.0,50.0,100.0,0,0.0,0.0,0.0,0,0,5.7,2.2799684743091038,0.0,0.0,0.240106,0.0,0.759894,0.0,0.0,0.0,A4,Scoring Playmaker,0.759894,A2,Low-Production Player,0.240106,True,very_unstable,Below 150 minutes; scored out-of-sample relative to the 150+ minute core_v3 training population.
134856::2026::Radford,2026,134856,Gabriel Ferreira,Radford,BSth,64.436,C,134856,pid_team,82,16.5,31.01,19.2,26.6,0,50.0,36.4,0.0,0.50000000,0,71.42857142857143,30.0,7.142857142857142,0.0,0,33.33333333333333,0.0,40.0,2.8,0,6.1,4.577695698056986,0.613552,0.293936,0.092512,0.0,0.0,0.0,0.0,0.0,A0,Perimeter Spacer,0.613552,A1,Connecting Guard,0.293936,True,unstable,Below 150 minutes; scored out-of-sample relative to the 150+ minute core_v3 training population.
134858::2026::Radford,2026,134858,Warren Keel,Radford,BSth,67.4927,Pure PG,134858,pid_team,72,8.9,22.22,0,5.9,22.3,0.0,0,0.0,6.49825039,10.6,33.33333333333333,0.0,44.44444444444444,50.0,1.86407,0.0,0.0,0.0,1.9,3.8,3.4,6.482478845860368,0.0,0.0,0.526243,0.311532,0.162226,0.0,0.0,0.0,A2,Low-Production Player,0.526243,A3,Two-Way Guard,0.311532,True,unstable,Below 150 minutes; scored out-of-sample relative to the 150+ minute core_v3 training population.
133979::2026::Rhode Island,2026,133979,Barrett Loer,Rhode Island,A10,19.9,Stretch 4,133979,pid_team,78,26.1,44.03,11.9,6.2,10.3,100.0,28.6,25.0,0.50000000,23.1,42.857142857142854,33.33,0.0,0.0,12.4211,0.0,100.0,50.0,0,0,12.1,4.500381909547738,0.0,0.0,0.0,0.36067,0.0,0.0,0.0,0.63933,A7,Traditional Big,0.63933,A3,Two-Way Guard,0.36067,True,very_unstable,Below 150 minutes; scored out-of-sample relative to the 150+ minute core_v3 training population.
74471::2026::Rhode Island,2026,74471,Mouhamed Sow,Rhode Island,A10,99.3,C,74471,pid_team,81,17.5,53.69,15.5,18.6,2.2,62.5,30.8,20.0,0.33333333,10.4,68.96551724137932,60.0,3.4482758620689653,0.0,3.02463,58.333333333333336,100.0,56.25,4,1.8,4,7.392064451158106,0.510376,0.240988,0.121827,0.045968,0.0,0.08084,0.0,0.0,A0,Perimeter Spacer,0.510376,A1,Connecting Guard,0.240988,True,unstable,Below 150 minutes; scored out-of-sample relative to the 150+ minute core_v3 training population.
78826::2026::Rice,2026,78826,Dallas Hobbs,Rice,Amer,144.0,Scoring PG,78826,pid_team,73,24.9,34.45,1.4,7.1,20.9,66.7,25,24.099999999999998,0.76192512,31.3,20.833333333333336,30.0,18.75,11.110000000000001,11.8969,33.33333333333333,42.857142857142854,36.36363636363637,0,5,3.6,7.409805555555555,0.569863,0.0,0.430137,0.0,0.0,0.0,0.0,0.0,A0,Perimeter Spacer,0.569863,A2,Low-Production Player,0.430137,True,borderline_unstable,Below 150 minutes; scored out-of-sample relative to the 150+ minute core_v3 training population.
134685::2026::Rice,2026,134685,Evan Cochran,Rice,Amer,18.12,C,134685,pid_team,81,14.6,0,30.3,16.6,0,0.0,0,0.0,0.00000000,0,50.0,0.0,50.0,0.0,0,0.0,0.0,0.0,0,0,5.8,2.0673796909492275,0.103029,0.0,0.896971,0.0,0.0,0.0,0.0,0.0,A2,Low-Production Player,0.896971,A0,Perimeter Spacer,0.103029,True,very_unstable,Below 150 minutes; scored out-of-sample relative to the 150+ minute core_v3 training population.
76401::2026::Rice,2026,76401,George Perkins,Rice,Amer,2.8,Combo G,76401,pid_team,80,9,0,0,0,0,0.0,0,0.0,0.00000000,0,0.0,0.0,0.0,0.0,16.8198,0.0,0.0,0.0,0,0,0,4.319485714285715,0.542834,0.0,0.457166,0.0,0.0,0.0,0.0,0.0,A0,Perimeter Spacer,0.542834,A2,Low-Production Player,0.457166,True,very_unstable,Below 150 minutes; scored out-of-sample relative to the 150+ minute core_v3 training population.
77228::2026::Rice,2026,77228,Jordan Williams,Rice,Amer,126.3696,Wing G,77228,pid_team,74,15.2,31.43,3.5,12.3,12.9,77.8,50,11.1,0.83327920,39,27.77777777777778,40.0,22.22222222222222,0.0,4.45229,0.0,100.0,33.33333333333333,0,2,4.6,5.854572618731087,0.0,0.0,0.150795,0.780161,0.069044,0.0,0.0,0.0,A3,Two-Way Guard,0.780161,A2,Low-Production Player,0.150795,True,borderline_unstable,Below 150 minutes; scored out-of-sample relative to the 150+ minute core_v3 training population.
74229::2026::Rice,2026,74229,Trey Patterson,Rice,Amer,104.6994,Stretch 4,74229,pid_team,80,13.6,34.82,3,19.7,0,66.7,26.1,22.2,0.00000000,20.9,21.73913043478261,40.0,39.130434782608695,22.220000000000002,5.10263,0.0,100.0,50.0,2.1,1.1,1.5,6.759847716414802,0.0,0.0,0.105799,0.271471,0.0,0.0,0.522543,0.100187,A6,Two-Way Forward,0.522543,A3,Two-Way Guard,0.271471,True,borderline_unstable,Below 150 minutes; scored out-of-sample relative to the 150+ minute core_v3 training population.
126548::2026::Richmond,2026,126548,Bryson McGlothin,Richmond,A10,8.4,Scoring PG,126548,pid_team,80,9,0,0,12.1,0,0.0,0,0.0,0.00000000,0,0.0,0.0,50.0,0.0,5.85378,0.0,0.0,0.0,0,6.1,8.4,10.895809523809524,0.257226,0.0,0.742774,0.0,0.0,0.0,0.0,0.0,A2,Low-Production Player,0.742774,A0,Perimeter Spacer,0.257226,True,very_unstable,Below 150 minutes; scored out-of-sample relative to the 150+ minute core_v3 training population.
126546::2026::Richmond,2026,126546,Kirby Mooney,Richmond,A10,7.7334,Pure PG,126546,pid_team,75,38.1,33.33,13.1,0,21,0.0,0,0.0,0.33329999,51,33.33333333333333,0.0,33.33333333333333,100.0,6.69003,0.0,0.0,0.0,0,6.5,8.9,9.74991594900044,0.0,0.0,0.852525,0.147475,0.0,0.0,0.0,0.0,A2,Low-Production Player,0.852525,A3,Two-Way Guard,0.147475,True,very_unstable,Below 150 minutes; scored out-of-sample relative to the 150+ minute core_v3 training population.
134638::2026::Richmond,2026,134638,Will Harper III,Richmond,A10,133.6218,Wing G,134638,pid_team,76,20,53.38,8.7,10.1,8.1,84.2,54.3,38.5,1.14279997,15,28.57142857142857,50.0,34.285714285714285,25.0,5.58526,60.0,100.0,69.23076923076923,0,1.7,5.3,6.356866918421993,0.422362,0.411923,0.0,0.0,0.165715,0.0,0.0,0.0,A0,Perimeter Spacer,0.422362,A1,Connecting Guard,0.411923,True,borderline_unstable,Below 150 minutes; scored out-of-sample relative to the 150+ minute core_v3 training population.
76649::2026::Rider,2026,76649,Devean Williams,Rider,MAAC,92.5336,Combo G,76649,pid_team,75,12.8,39.58,3.3,10.3,18.2,100.0,11.1,25.0,1.99981998,20,10.526315789473683,50.0,21.052631578947366,25.0,7.66986,100.0,100.0,83.33333333333334,0,3.8,0.8,7.026161307892485,0.0,0.126356,0.028093,0.845551,0.0,0.0,0.0,0.0,A3,Two-Way Guard,0.845551,A1,Connecting Guard,0.126356,True,unstable,Below 150 minutes; scored out-of-sample relative to the 150+ minute core_v3 training population.
126589::2026::Rider,2026,126589,Maurizio D'Alessandro,Rider,MAAC,9.8,Combo G,126589,pid_team,73,25.5,25,0,0,0,0.0,0,25.0,0.00000000,0,0.0,0.0,33.33333333333333,0.0,24.1459,0.0,100.0,100.0,0,0,0,3.0999836734693873,0.881823,0.0,0.118177,0.0,0.0,0.0,0.0,0.0,A0,Perimeter Spacer,0.881823,A2,Low-Production Player,0.118177,True,very_unstable,Below 150 minutes; scored out-of-sample relative to the 150+ minute core_v3 training population.
75936::2026::Robert Morris,2026,75936,Cyril Arvanitis,Robert Morris,Horz,4.2666,Pure PG,75936,pid_team,75,32.4,50,0,0,0,0.0,0,0.0,0.00000000,0,0.0,0.0,100.0,50.0,0,0.0,0.0,100.0,0,25.2,0,11.408522008156377,0.0,0.0,0.0,1.0,0.0,0.0,0.0,0.0,A3,Two-Way Guard,1.0,A0,Perimeter Spacer,0.0,True,very_unstable,Below 150 minutes; scored out-of-sample relative to the 150+ minute core_v3 training population.
135163::2026::Robert Morris,2026,135163,Eddie Cooke III,Robert Morris,Horz,101.4,PF/C,135163,pid_team,77,19.6,60.44,14.4,18.6,24.6,93.30000000000001,71.4,0.0,1.88878528,19.8,47.61904761904761,70.0,38.095238095238095,37.5,1.67333,57.14285714285714,0.0,40.0,1,0.6,4.4,6.873333333333334,0.0,0.275661,0.0,0.0,0.724339,0.0,0.0,0.0,A4,Scoring Playmaker,0.724339,A1,Connecting Guard,0.275661,True,borderline_unstable,Below 150 minutes; scored out-of-sample relative to the 150+ minute core_v3 training population.
135162::2026::Robert Morris,2026,135162,Jeremiah Littlejohn,Robert Morris,Horz,11.88,Wing F,135162,pid_team,77,30.6,50.31,0,11.2,0,100.0,28.6,0.0,0.33333333,0,25.0,100.0,25.0,50.0,17.9883,50.0,0.0,50.0,0,0,3.7,4.490942760942761,0.0,0.0,0.0,0.0,0.129992,0.53503,0.0,0.334978,A5,Efficient Play Finisher,0.53503,A7,Traditional Big,0.334978,True,very_unstable,Below 150 minutes; scored out-of-sample relative to the 150+ minute core_v3 training population.
78805::2026::Robert Morris,2026,78805,Ubong Okon,Robert Morris,Horz,92.0295,C,78805,pid_team,85,7.6,71.94,7,11.2,3.6,100.0,33.3,0.0,0.39986401,37.5,71.42857142857143,80.0,14.285714285714285,0.0,0,100.0,0.0,100.0,10.6,2.8,10.7,8.150299632183158,0.0,0.0,0.0,0.0,0.0,0.139817,0.0,0.860183,A7,Traditional Big,0.860183,A5,Efficient Play Finisher,0.139817,True,unstable,Below 150 minutes; scored out-of-sample relative to the 150+ minute core_v3 training population.
78193::2026::Rutgers,2026,78193,Baye Fall,Rutgers,B10,45.3996,C,78193,pid_team,83,11.4,35.97,9.9,29.7,4,50.0,33.3,0.0,0.50000000,23.2,42.857142857142854,66.67,42.857142857142854,0.0,0,50.0,0.0,66.66666666666666,7.6,1.3,9.7,9.108538401219393,0.0,0.0,0.598687,0.122298,0.0,0.0,0.0,0.279015,A2,Low-Production Player,0.598687,A7,Traditional Big,0.279015,True,very_unstable,Below 150 minutes; scored out-of-sample relative to the 150+ minute core_v3 training population.
134494::2026::Rutgers,2026,134494,Gevonte Ware,Rutgers,B10,36.7002,PF/C,134494,pid_team,81,9.6,20.2,0,10,0,0.0,50,0.0,0.00000000,34.2,50.0,50.0,50.0,0.0,0,100.0,0.0,100.0,0,1.6,8.7,5.862758241099504,0.0,0.0,0.861777,0.0,0.0,0.0,0.0,0.138223,A2,Low-Production Player,0.861777,A7,Traditional Big,0.138223,True,very_unstable,Below 150 minutes; scored out-of-sample relative to the 150+ minute core_v3 training population.
79081::2026::SIU Edwardsville,2026,79081,Harrison Alexander,SIU Edwardsville,OVC,122.8335,Wing G,79081,pid_team,77,19,60.12,4.2,4.9,6.1,66.7,8.3,33.300000000000004,0.74999997,17.3,21.052631578947366,75.0,18.421052631578945,71.43,11.486,33.33333333333333,100.0,68.42105263157895,0,2.2,2.5,4.964020401600541,0.0,0.0,0.199774,0.252218,0.359487,0.188521,0.0,0.0,A4,Scoring Playmaker,0.359487,A3,Two-Way Guard,0.252218,True,borderline_unstable,Below 150 minutes; scored out-of-sample relative to the 150+ minute core_v3 training population.
135453::2026::SIU Edwardsville,2026,135453,Iwo Baganc,SIU Edwardsville,OVC,30.6,C,135453,pid_team,80,9.8,51.28,10.4,0,0,100.0,200,0.0,0.50000000,0,0.0,0.0,100.0,0.0,0,0.0,0.0,0.0,0,0,10.7,1.3378039215686275,0.0,0.0,0.099377,0.0,0.079029,0.0,0.0,0.821594,A7,Traditional Big,0.821594,A2,Low-Production Player,0.099377,True,very_unstable,Below 150 minutes; scored out-of-sample relative to the 150+ minute core_v3 training population.
126955::2026::SMU,2026,126955,Chance Puryear,SMU,ACC,35.6006,PF/C,126955,pid_team,79,15.2,31.13,9.8,9.2,0,33.300000000000004,60,33.300000000000004,0.00000000,41.9,20.0,0.0,20.0,0.0,4.78622,0.0,100.0,100.0,3.5,0,7.9,5.582703662297826,0.232435,0.0,0.767565,0.0,0.0,0.0,0.0,0.0,A2,Low-Production Player,0.767565,A0,Perimeter Spacer,0.232435,True,very_unstable,Below 150 minutes; scored out-of-sample relative to the 150+ minute core_v3 training population.
126958::2026::SMU,2026,126958,Mitchell Holmes,SMU,ACC,136.9992,C,126958,pid_team,82,11.2,73.19,4.2,14.3,4.7,100.0,18.5,0.0,1.00000000,14.8,62.96296296296296,76.47,37.03703703703704,60.0,0,84.61538461538461,0.0,84.21052631578947,3.6,0.8,6.4,6.839047235312322,0.013458,0.160868,0.0,0.0,0.21066,0.564784,0.0,0.050231,A5,Efficient Play Finisher,0.564784,A4,Scoring Playmaker,0.21066,True,borderline_unstable,Below 150 minutes; scored out-of-sample relative to the 150+ minute core_v3 training population.
126959::2026::SMU,2026,126959,Niccolo Kalischer-Stork,SMU,ACC,1.8,PF/C,126959,pid_team,75,20,0,0,0,0,0.0,0,0.0,0.00000000,51.3,0.0,0.0,0.0,0.0,0,0.0,0.0,0.0,0,0,0,3.557311111111111,0.0,0.0,1.0,0.0,0.0,0.0,0.0,0.0,A2,Low-Production Player,1.0,A0,Perimeter Spacer,0.0,True,very_unstable,Below 150 minutes; scored out-of-sample relative to the 150+ minute core_v3 training population.
134684::2026::SMU,2026,134684,Nigel Walls,SMU,ACC,31.8996,C,134684,pid_team,82,6.7,0,0,6.8,8.2,0.0,0,0.0,1.00000000,53.4,0.0,0.0,50.0,0.0,1.8035,0.0,0.0,0.0,15.6,3.6,10,9.455002570565147,0.0,0.0,0.58911,0.41089,0.0,0.0,0.0,0.0,A2,Low-Production Player,0.58911,A3,Two-Way Guard,0.41089,True,very_unstable,Below 150 minutes; scored out-of-sample relative to the 150+ minute core_v3 training population.
135369::2026::Sacramento St.,2026,135369,Isaiah Bronson,Sacramento St.,BSky,13.8668,PF/C,135369,pid_team,74,15.2,0,13,0,0,0.0,0,0.0,1.00000000,44.3,0.0,0.0,0.0,0.0,0,0.0,0.0,0.0,0,0,4.9,2.1165315718118096,0.0,0.0,1.0,0.0,0.0,0.0,0.0,0.0,A2,Low-Production Player,1.0,A0,Perimeter Spacer,0.0,True,very_unstable,Below 150 minutes; scored out-of-sample relative to the 150+ minute core_v3 training population.
128446::2026::Sacramento St.,2026,128446,Jeremiah Cherry,Sacramento St.,BSky,124.9332,C,128446,pid_team,83,27.6,52.91,4.5,21.5,8.6,64.3,27.5,0.0,0.45455043,20.4,41.37931034482759,66.67,41.37931034482759,41.67,1.40564,62.5,0.0,78.78787878787878,5.9,1.9,3.7,7.927148268034438,0.270129,0.0,0.139553,0.077893,0.483479,0.0,0.028947,0.0,A4,Scoring Playmaker,0.483479,A0,Perimeter Spacer,0.270129,True,borderline_unstable,Below 150 minutes; scored out-of-sample relative to the 150+ minute core_v3 training population.
76203::2026::Sacramento St.,2026,76203,Jeremiah Nyarko,Sacramento St.,BSky,20.16,C,76203,pid_team,81,15.9,20,11.3,6.1,0,0.0,0,0.0,0.00000000,18.5,80.0,25.0,20.0,0.0,0,100.0,0.0,100.0,6.2,0,14.9,5.202876984126985,0.0,0.0,0.657059,0.0,0.0,0.0,0.0,0.342941,A2,Low-Production Player,0.657059,A7,Traditional Big,0.342941,True,very_unstable,Below 150 minutes; scored out-of-sample relative to the 150+ minute core_v3 training population.
78587::2026::Sacred Heart,2026,78587,Lucius Gibson-Savadel,Sacred Heart,MAAC,102.2938,C,78587,pid_team,83,17.9,67.23,11.3,14.4,2,50.0,40,0.0,0.25000000,35.2,90.0,72.22,10.0,50.0,0,46.15384615384615,0.0,42.857142857142854,3.4,1.7,5.1,7.19621326023669,0.0,0.0,0.172177,0.082217,0.231993,0.0,0.0,0.513613,A7,Traditional Big,0.513613,A4,Scoring Playmaker,0.231993,True,borderline_unstable,Below 150 minutes; scored out-of-sample relative to the 150+ minute core_v3 training population.
126913::2026::Sacred Heart,2026,126913,Malik Sheppard,Sacred Heart,MAAC,3.8666,Combo G,126913,pid_team,70,34.2,100,0,0,0,0.0,0,0.0,0.00000000,68.5,100.0,100.0,0.0,0.0,0,0.0,0.0,0.0,0,0,0,2.2956602700046553,0.0,0.0,0.320609,0.0,0.679391,0.0,0.0,0.0,A4,Scoring Playmaker,0.679391,A2,Low-Production Player,0.320609,True,very_unstable,Below 150 minutes; scored out-of-sample relative to the 150+ minute core_v3 training population.
77876::2026::Saint Francis,2026,77876,KJ Swain,Saint Francis,NEC,83.0568,Wing G,77876,pid_team,72,14.9,41.67,0,8.2,3,0.0,0,23.1,1.80033596,18.1,11.11111111111111,50.0,16.666666666666664,66.67,11.8043,0.0,66.66666666666666,66.66666666666666,1.9,1.8,3.2,4.4826769150749834,0.104587,0.891214,0.0,0.0,0.0,0.004199,0.0,0.0,A1,Connecting Guard,0.891214,A0,Perimeter Spacer,0.104587,True,unstable,Below 150 minutes; scored out-of-sample relative to the 150+ minute core_v3 training population.
135014::2026::Saint Francis,2026,135014,Melvin Weaver III,Saint Francis,NEC,12.8668,Wing G,135014,pid_team,75,8.9,67.8,0,18.5,0,0.0,100,0.0,0.00000000,0,100.0,100.0,0.0,0.0,0,0.0,0.0,0.0,0,0,0,2.8495165853203592,0.0,0.024185,0.12692,0.0,0.603303,0.245591,0.0,0.0,A4,Scoring Playmaker,0.603303,A5,Efficient Play Finisher,0.245591,True,very_unstable,Below 150 minutes; scored out-of-sample relative to the 150+ minute core_v3 training population.
127045::2026::Saint Francis,2026,127045,Trey Weiand,Saint Francis,NEC,80.34,Combo G,127045,pid_team,76,11.1,48.14,0,0,0,100.0,30,25.0,0.49981255,10.3,20.0,50.0,0.0,0.0,9.12248,100.0,100.0,100.0,0,1.2,1.6,2.6414538212596463,0.381037,0.0,0.278937,0.0,0.0,0.340025,0.0,0.0,A0,Perimeter Spacer,0.381037,A5,Efficient Play Finisher,0.340025,True,unstable,Below 150 minutes; scored out-of-sample relative to the 150+ minute core_v3 training population.
78156::2026::Saint Joseph's,2026,78156,Al Amadou,Saint Joseph's,A10,56.1276,PF/C,78156,pid_team,81,6.3,0,4.1,0,0,0.0,0,0.0,0.60000004,68.6,0.0,0.0,0.0,0.0,2.15827,0.0,0.0,0.0,4,0,5.9,2.150364526543091,0.0,0.0,1.0,0.0,0.0,0.0,0.0,0.0,A2,Low-Production Player,1.0,A0,Perimeter Spacer,0.0,True,unstable,Below 150 minutes; scored out-of-sample relative to the 150+ minute core_v3 training population.
127464::2026::Saint Joseph's,2026,127464,Billy Rayer,Saint Joseph's,A10,8.7332,Scoring PG,127464,pid_team,71,18.9,0,0,0,0,0.0,0,0.0,1.00000000,60.1,0.0,0.0,0.0,0.0,10.7914,0.0,0.0,0.0,0,0,0,2.12624009526863,0.0,0.0,1.0,0.0,0.0,0.0,0.0,0.0,A2,Low-Production Player,1.0,A0,Perimeter Spacer,0.0,True,very_unstable,Below 150 minutes; scored out-of-sample relative to the 150+ minute core_v3 training population.
126746::2026::Saint Joseph's,2026,126746,Kevin Kearney,Saint Joseph's,A10,52.7423,PF/C,126746,pid_team,79,20.9,26.71,16.6,4.5,3.8,50.0,42.9,0.0,0.50017504,12.1,21.428571428571427,66.67,21.428571428571427,33.33,10.1566,50.0,0.0,33.33333333333333,2.3,1.3,3.4,4.951691526535626,0.502644,0.090296,0.189876,0.0,0.217184,0.0,0.0,0.0,A0,Perimeter Spacer,0.502644,A4,Scoring Playmaker,0.217184,True,unstable,Below 150 minutes; scored out-of-sample relative to the 150+ minute core_v3 training population.
127463::2026::Saint Joseph's,2026,127463,Mekai Johnson,Saint Joseph's,A10,60.441,Wing G,127463,pid_team,77,11.4,45.23,6.3,2,3.3,100.0,22.2,14.299999999999999,1.00000000,19.5,20.0,100.0,0.0,0.0,7.74764,50.0,100.0,75.0,0,1.1,3,4.1586009496864715,0.0,0.0,0.668049,0.0,0.0,0.331951,0.0,0.0,A2,Low-Production Player,0.668049,A5,Efficient Play Finisher,0.331951,True,unstable,Below 150 minutes; scored out-of-sample relative to the 150+ minute core_v3 training population.
127465::2026::Saint Joseph's,2026,127465,Steven Solano,Saint Joseph's,A10,32.025,C,127465,pid_team,84,18.8,64.75,18.5,14,6.7,50.0,33.3,0.0,0.25000000,31.5,66.66666666666666,66.67,11.11111111111111,100.0,0,50.0,0.0,57.14285714285714,3.6,0,6.7,6.050410616705698,0.0,0.0,0.113536,0.0,0.273877,0.0,0.0,0.612587,A7,Traditional Big,0.612587,A4,Scoring Playmaker,0.273877,True,very_unstable,Below 150 minutes; scored out-of-sample relative to the 150+ minute core_v3 training population.
135350::2026::Saint Louis,2026,135350,Cam Hutson,Saint Louis,A10,92.0839,Stretch 4,135350,pid_team,77,22.9,42.42,5.1,10.8,6,70.0,50,16.7,0.21432245,32.8,35.0,57.14,5.0,0.0,9.05786,25.0,100.0,50.0,3.1,0.8,8.1,5.477222402613268,0.501449,0.0,0.498551,0.0,0.0,0.0,0.0,0.0,A0,Perimeter Spacer,0.501449,A2,Low-Production Player,0.498551,True,unstable,Below 150 minutes; scored out-of-sample relative to the 150+ minute core_v3 training population.
77534::2026::Saint Louis,2026,77534,Isaac Holmes,Saint Louis,A10,34.8218,Wing G,77534,pid_team,76,10.7,50.42,4.8,11.4,5.6,50.0,40,25.0,3.71409996,0,20.0,100.0,0.0,0.0,8.58113,100.0,100.0,100.0,0,2.1,6.1,5.516808436094631,0.0,0.0,0.0,0.0,0.0,0.397409,0.049063,0.553528,A7,Traditional Big,0.553528,A5,Efficient Play Finisher,0.397409,True,very_unstable,Below 150 minutes; scored out-of-sample relative to the 150+ minute core_v3 training population.
77041::2026::Saint Louis,2026,77041,Jaden Schertz,Saint Louis,A10,34.5228,Wing G,77041,pid_team,71,10.4,40,0,11.5,5.6,0.0,0,0.0,0.50000000,20.4,100.0,40.0,0.0,0.0,0,100.0,0.0,100.0,0,2.1,1.5,5.4275203633540725,0.0,0.0,0.572808,0.0,0.0,0.0,0.0,0.427192,A2,Low-Production Player,0.572808,A7,Traditional Big,0.427192,True,very_unstable,Below 150 minutes; scored out-of-sample relative to the 150+ minute core_v3 training population.
135351::2026::Saint Louis,2026,135351,Jax Kerr,Saint Louis,A10,109.7452,PF/C,135351,pid_team,83,25.4,42.96,12.1,17.2,5.3,63.6,28.2,15.8,0.57135510,14.1,45.23809523809524,52.629999999999995,2.380952380952381,100.0,11.3889,60.0,100.0,70.58823529411765,2.4,1.8,6.9,7.0828428031476545,0.670867,0.329133,0.0,0.0,0.0,0.0,0.0,0.0,A0,Perimeter Spacer,0.670867,A1,Connecting Guard,0.329133,True,borderline_unstable,Below 150 minutes; scored out-of-sample relative to the 150+ minute core_v3 training population.
76475::2026::Saint Mary's,2026,76475,Cade Bennett,Saint Mary's,WCC,32.6375,Combo G,76475,pid_team,72,11.9,80.81,0,21.6,13.6,100.0,50,50.0,4.00000000,20,0.0,0.0,0.0,0.0,9.53875,0.0,50.0,50.0,0,0,4.7,5.208548448870166,0.324255,0.0,0.0,0.0,0.404344,0.0,0.087986,0.183415,A4,Scoring Playmaker,0.404344,A0,Perimeter Spacer,0.324255,True,very_unstable,Below 150 minutes; scored out-of-sample relative to the 150+ minute core_v3 training population.
77402::2026::Saint Mary's,2026,77402,Kevin Gad,Saint Mary's,WCC,60.5142,Wing G,77402,pid_team,78,10.5,50,8.4,7.6,14.7,0.0,0,40.0,4.99860008,10,30.0,66.67,20.0,0.0,5.29931,50.0,100.0,75.0,0,1,2.8,5.468481777830659,0.0,0.0,0.44037,0.0,0.0,0.0,0.221528,0.338102,A2,Low-Production Player,0.44037,A7,Traditional Big,0.338102,True,unstable,Below 150 minutes; scored out-of-sample relative to the 150+ minute core_v3 training population.
135150::2026::Saint Mary's,2026,135150,Mantas Juzenas,Saint Mary's,WCC,143.845,Wing F,135150,pid_team,79,15.8,63.31,6.8,20.7,8.9,55.60000000000001,25,46.7,1.00000000,16,8.333333333333332,33.33,8.333333333333332,33.33,12.6621,100.0,92.85714285714286,93.75,0,1.3,2.8,7.3408738572769305,0.0,0.0,0.0,0.0,0.0,0.0,0.600465,0.399535,A6,Two-Way Forward,0.600465,A7,Traditional Big,0.399535,True,borderline_unstable,Below 150 minutes; scored out-of-sample relative to the 150+ minute core_v3 training population.
127835::2026::Saint Mary's,2026,127835,Oliver Faubert,Saint Mary's,WCC,19.636,Combo G,127835,pid_team,81,7.3,0,0,0,0,0.0,0,0.0,0.00000000,45.5,100.0,0.0,0.0,0.0,0,0.0,0.0,0.0,0,3.3,4.3,5.970808718679976,0.0,0.0,0.923825,0.076175,0.0,0.0,0.0,0.0,A2,Low-Production Player,0.923825,A3,Two-Way Guard,0.076175,True,very_unstable,Below 150 minutes; scored out-of-sample relative to the 150+ minute core_v3 training population.
128434::2026::Saint Mary's,2026,128434,Tony Duckett,Saint Mary's,WCC,139.8411,Combo G,128434,pid_team,77,23,53.71,1.8,5.8,11.5,91.3,52.3,22.2,1.12513755,16,47.82608695652174,50.0,28.26086956521739,38.46,4.12735,27.27272727272727,100.0,42.10526315789473,4.1,2.7,6,7.121568694754261,0.375592,0.0,0.0,0.0,0.0,0.509459,0.0,0.114948,A5,Efficient Play Finisher,0.509459,A0,Perimeter Spacer,0.375592,True,borderline_unstable,Below 150 minutes; scored out-of-sample relative to the 150+ minute core_v3 training population.
126669::2026::Samford,2026,126669,Caleb Harrison,Samford,SC,60.8388,C,126669,pid_team,81,18.6,37.74,14.5,18,11.6,0.0,28.6,0.0,2.99956678,19.8,71.42857142857143,40.0,28.57142857142857,50.0,0,0.0,0.0,0.0,6.7,1.9,2.5,4.394018290959059,0.0,1.0,0.0,0.0,0.0,0.0,0.0,0.0,A1,Connecting Guard,1.0,A0,Perimeter Spacer,0.0,True,unstable,Below 150 minutes; scored out-of-sample relative to the 150+ minute core_v3 training population.
126670::2026::Samford,2026,126670,Corey Brown,Samford,SC,19.14,PF/C,126670,pid_team,76,10.9,105.26,0,11.4,0,100.0,0,0.0,4.00000000,53.4,0.0,0.0,0.0,0.0,0,0.0,0.0,0.0,0,0,4,2.7480041797283175,0.0,0.0,0.117754,0.0,0.388477,0.0,0.0,0.493769,A7,Traditional Big,0.493769,A4,Scoring Playmaker,0.388477,True,very_unstable,Below 150 minutes; scored out-of-sample relative to the 150+ minute core_v3 training population.
79255::2026::Samford,2026,79255,Zach Lamey,Samford,SC,25.38,Scoring PG,79255,pid_team,75,12.6,150,0,0,0,0.0,0,100.0,0.00000000,80.7,0.0,0.0,0.0,0.0,5.31216,0.0,100.0,100.0,0,5.1,3.5,3.401465721040189,0.0,0.0,0.545386,0.454614,0.0,0.0,0.0,0.0,A2,Low-Production Player,0.545386,A3,Two-Way Guard,0.454614,True,very_unstable,Below 150 minutes; scored out-of-sample relative to the 150+ minute core_v3 training population.
135109::2026::San Diego,2026,135109,Brandon Benjamin,San Diego,WCC,125.0532,Scoring PG,135109,pid_team,78,22,58.28,3.9,10.7,25.6,70.0,30.3,33.300000000000004,1.33328055,24.7,42.42424242424242,64.29,48.484848484848484,50.0,1.47221,33.33333333333333,0.0,22.22222222222222,1,3.4,2,6.657390614554445,0.0,0.0,0.11256,0.0,0.340316,0.0,0.152757,0.394367,A7,Traditional Big,0.394367,A4,Scoring Playmaker,0.340316,True,borderline_unstable,Below 150 minutes; scored out-of-sample relative to the 150+ minute core_v3 training population.
134723::2026::San Diego,2026,134723,Caleb Versher,San Diego,WCC,13.3334,PF/C,134723,pid_team,75,19.6,0,31.9,0,43,0.0,0,0.0,0.75001875,0,100.0,0.0,0.0,0.0,0,0.0,0.0,0.0,0,0,11.1,0.9734591327043366,0.0,0.167567,0.832433,0.0,0.0,0.0,0.0,0.0,A2,Low-Production Player,0.832433,A1,Connecting Guard,0.167567,True,very_unstable,Below 150 minutes; scored out-of-sample relative to the 150+ minute core_v3 training population.
76204::2026::San Diego,2026,76204,Emmanuel Callas,San Diego,WCC,133.11,Wing G,76204,pid_team,77,7.1,43.17,5.5,14.1,5.2,50.0,33.3,0.0,1.00000000,13.1,30.76923076923077,50.0,61.53846153846154,37.5,0,0.0,0.0,33.33333333333333,0.9,4.1,6.6,7.631883404702878,0.0,0.0,0.473162,0.0,0.0,0.0,0.0,0.526838,A7,Traditional Big,0.526838,A2,Low-Production Player,0.473162,True,borderline_unstable,Below 150 minutes; scored out-of-sample relative to the 150+ minute core_v3 training population.
78511::2026::San Diego,2026,78511,Josh Hecht,San Diego,WCC,18.5892,Wing G,78511,pid_team,74,25.4,33.33,0,0,0,0.0,0,0.0,0.19996401,47.5,33.33333333333333,100.0,33.33333333333333,0.0,5.82751,100.0,0.0,100.0,0,0,4.1,1.7590106083102015,0.0,0.0,0.889192,0.0,0.0,0.110808,0.0,0.0,A2,Low-Production Player,0.889192,A5,Efficient Play Finisher,0.110808,True,very_unstable,Below 150 minutes; scored out-of-sample relative to the 150+ minute core_v3 training population.
76202::2026::San Diego,2026,76202,Neel Beniwal,San Diego,WCC,24.3446,Wing G,76202,pid_team,77,11.8,75,0,21.6,0,0.0,0,50.0,1.00000000,41.9,0.0,0.0,0.0,0.0,10.36,0.0,100.0,100.0,0,0,6.8,2.86846364286125,0.361725,0.0,0.638275,0.0,0.0,0.0,0.0,0.0,A2,Low-Production Player,0.638275,A0,Perimeter Spacer,0.361725,True,very_unstable,Below 150 minutes; scored out-of-sample relative to the 150+ minute core_v3 training population.
128438::2026::San Diego,2026,128438,Nick Del Bosque,San Diego,WCC,7.0,PF/C,128438,pid_team,72,19.9,0,0,0,0,0.0,0,0.0,0.00000000,58.9,0.0,0.0,100.0,0.0,0,0.0,0.0,0.0,0,0,8,2.5007428571428574,0.0,0.0,1.0,0.0,0.0,0.0,0.0,0.0,A2,Low-Production Player,1.0,A0,Perimeter Spacer,0.0,True,very_unstable,Below 150 minutes; scored out-of-sample relative to the 150+ minute core_v3 training population.
134487::2026::San Diego,2026,134487,Piotr Winkowski,San Diego,WCC,85.75,C,134487,pid_team,82,21.4,49.47,8.2,19.8,8,45.5,68.8,0.0,0.55555556,27.2,50.0,66.67,38.88888888888889,28.57,0,66.66666666666666,0.0,80.0,16.8,3.3,5.7,8.414693877551022,0.0,0.0,0.031216,0.406275,0.0,0.0,0.0,0.562509,A7,Traditional Big,0.562509,A3,Two-Way Guard,0.406275,True,unstable,Below 150 minutes; scored out-of-sample relative to the 150+ minute core_v3 training population.
77499::2026::San Diego St.,2026,77499,Cam Lawin,San Diego St.,MWC,11.5835,Combo G,77499,pid_team,75,31.4,66.67,0,0,0,0.0,0,40.0,0.00000000,20.4,0.0,0.0,16.666666666666664,100.0,31.6326,0.0,100.0,66.66666666666666,0,0,4.4,2.926959899857556,0.864211,0.0,0.0,0.0,0.135789,0.0,0.0,0.0,A0,Perimeter Spacer,0.864211,A4,Scoring Playmaker,0.135789,True,very_unstable,Below 150 minutes; scored out-of-sample relative to the 150+ minute core_v3 training population.
126886::2026::San Diego St.,2026,126886,Thokbor Majak,San Diego St.,MWC,27.3,C,126886,pid_team,85,9.7,0,23.1,20.9,0,0.0,0,0.0,0.00000000,27.8,50.0,0.0,50.0,0.0,0,0.0,0.0,0.0,12.6,0,11.2,6.664263736263735,0.0,0.0,0.817633,0.0,0.0,0.0,0.0,0.182367,A2,Low-Production Player,0.817633,A7,Traditional Big,0.182367,True,very_unstable,Below 150 minutes; scored out-of-sample relative to the 150+ minute core_v3 training population.
77233::2026::San Francisco,2026,77233,Aidan Braccia,San Francisco,WCC,86.4375,PF/C,77233,pid_team,73,10.5,16.72,1.6,9.3,9.3,0.0,14.3,8.3,2.00000000,7.8,7.142857142857142,100.0,7.142857142857142,0.0,9.80292,100.0,100.0,100.0,0,2.4,7,5.579846710050615,0.0,0.0,0.678498,0.0,0.0,0.0,0.0,0.321502,A2,Low-Production Player,0.678498,A7,Traditional Big,0.321502,True,unstable,Below 150 minutes; scored out-of-sample relative to the 150+ minute core_v3 training population.
133996::2026::San Francisco,2026,133996,Sean Blakely Drummond,San Francisco,WCC,8.08,PF/C,133996,pid_team,76,24.2,0,24.8,0,0,0.0,200,0.0,0.00000000,0,0.0,0.0,0.0,0.0,11.641,0.0,0.0,0.0,22.4,0,0,4.366554455445545,0.81202,0.019968,0.168012,0.0,0.0,0.0,0.0,0.0,A0,Perimeter Spacer,0.81202,A2,Low-Production Player,0.168012,True,very_unstable,Below 150 minutes; scored out-of-sample relative to the 150+ minute core_v3 training population.
135076::2026::San Francisco,2026,135076,Weilun Zhao,San Francisco,WCC,68.5062,Scoring PG,135076,pid_team,72,25.6,34.53,0,3.9,37.6,66.7,56.3,0.0,1.87511726,27.7,37.5,66.67,0.0,0.0,10.1226,0.0,0.0,0.0,0,1,4.1,4.1952348838499285,0.0,0.015559,0.743231,0.0,0.24121,0.0,0.0,0.0,A2,Low-Production Player,0.743231,A4,Scoring Playmaker,0.24121,True,unstable,Below 150 minutes; scored out-of-sample relative to the 150+ minute core_v3 training population.
76181::2026::San Jose St.,2026,76181,JaVaughn Hannah,San Jose St.,MWC,44.2,Combo G,76181,pid_team,75,17.4,60.36,0,6.1,4.8,33.300000000000004,27.3,40.0,0.33333333,23.7,45.45454545454545,80.0,9.090909090909092,0.0,6.96962,25.0,100.0,50.0,0,1.4,1.8,4.729619909502262,0.0,0.0,0.745549,0.254451,0.0,0.0,0.0,0.0,A2,Low-Production Player,0.745549,A3,Two-Way Guard,0.254451,True,very_unstable,Below 150 minutes; scored out-of-sample relative to the 150+ minute core_v3 training population.
127968::2026::San Jose St.,2026,127968,Jaden Goodall,San Jose St.,MWC,8.9334,PF/C,127968,pid_team,78,9.8,0,0,23.8,28.8,0.0,0,0.0,1.00000000,0,0.0,0.0,100.0,0.0,0,0.0,0.0,0.0,0,0,0,3.6250744397429875,0.0,0.0,0.742252,0.0,0.257748,0.0,0.0,0.0,A2,Low-Production Player,0.742252,A4,Scoring Playmaker,0.257748,True,very_unstable,Below 150 minutes; scored out-of-sample relative to the 150+ minute core_v3 training population.
77358::2026::Santa Clara,2026,77358,Brendan Yarusso,Santa Clara,WCC,9.2,Wing G,77358,pid_team,73,20,57.55,0,26.4,0,100.0,33.3,36.4,0.00000000,0,0.0,0.0,8.333333333333332,0.0,66.0675,0.0,100.0,100.0,0,0,4.3,6.518260869565219,1.0,0.0,0.0,0.0,0.0,0.0,0.0,0.0,A0,Perimeter Spacer,1.0,A1,Connecting Guard,0.0,True,very_unstable,Below 150 minutes; scored out-of-sample relative to the 150+ minute core_v3 training population.
127455::2026::Seattle,2026,127455,Ray Adams,Seattle,WCC,30.42,Pure PG,127455,pid_team,80,14.5,0,0,0,23.8,0.0,0,0.0,4.00000000,0,66.66666666666666,0.0,0.0,0.0,0,0.0,0.0,0.0,0,8.4,17.4,2.239868507560815,0.0,0.0,0.239112,0.760888,0.0,0.0,0.0,0.0,A3,Two-Way Guard,0.760888,A2,Low-Production Player,0.239112,True,very_unstable,Below 150 minutes; scored out-of-sample relative to the 150+ minute core_v3 training population.
134251::2026::Seattle,2026,134251,Stratos Papastavrou,Seattle,WCC,14.85,Wing G,134251,pid_team,79,7.5,100,0,0,0,0.0,0,0.0,1.00000000,0,100.0,100.0,0.0,0.0,0,0.0,0.0,0.0,0,0,0,0.8632565656565656,0.0,0.113357,0.0,0.0,0.289403,0.59724,0.0,0.0,A5,Efficient Play Finisher,0.59724,A4,Scoring Playmaker,0.289403,True,very_unstable,Below 150 minutes; scored out-of-sample relative to the 150+ minute core_v3 training population.
127456::2026::Seattle,2026,127456,Yuto Kawashima,Seattle,WCC,16.2,PF/C,127456,pid_team,81,41.3,33.33,32.3,0,0,0.0,0,0.0,0.00000000,0,33.33333333333333,100.0,33.33333333333333,0.0,14.5806,100.0,0.0,100.0,0,0,0,0.7913185185185185,0.469259,0.0,0.120773,0.0,0.0,0.409967,0.0,0.0,A0,Perimeter Spacer,0.469259,A5,Efficient Play Finisher,0.409967,True,very_unstable,Below 150 minutes; scored out-of-sample relative to the 150+ minute core_v3 training population.
127532::2026::Seton Hall,2026,127532,Assane Mbaye,Seton Hall,BE,3.9,C,127532,pid_team,86,9.5,0,0,0,0,0.0,0,0.0,0.00000000,0,100.0,0.0,0.0,0.0,0,0.0,0.0,0.0,0,0,20.5,3.8069230769230766,0.0,0.0,0.943978,0.0,0.0,0.0,0.0,0.056022,A2,Low-Production Player,0.943978,A7,Traditional Big,0.056022,True,very_unstable,Below 150 minutes; scored out-of-sample relative to the 150+ minute core_v3 training population.
77639::2026::Seton Hall,2026,77639,David Gabriel,Seton Hall,BE,4.0002,Combo G,77639,pid_team,73,24.3,0,0,0,0,0.0,0,0.0,0.00000000,61.8,0.0,0.0,0.0,0.0,15.1771,0.0,0.0,0.0,0,0,0,3.006189690515475,0.0,0.0,1.0,0.0,0.0,0.0,0.0,0.0,A2,Low-Production Player,1.0,A0,Perimeter Spacer,0.0,True,very_unstable,Below 150 minutes; scored out-of-sample relative to the 150+ minute core_v3 training population.
127534::2026::Seton Hall,2026,127534,Godswill Erheriene,Seton Hall,BE,43.2,C,127534,pid_team,81,15,62.26,10.6,8.1,0,66.7,60,0.0,0.00000000,46.3,100.0,60.0,0.0,0.0,0,66.66666666666666,0.0,66.66666666666666,0,0,6.5,4.394472222222222,0.0,0.0,0.401389,0.0,0.0,0.0,0.0,0.598611,A7,Traditional Big,0.598611,A2,Low-Production Player,0.401389,True,very_unstable,Below 150 minutes; scored out-of-sample relative to the 150+ minute core_v3 training population.
127533::2026::Seton Hall,2026,127533,Jahseem Felton,Seton Hall,BE,41.6001,Wing G,127533,pid_team,77,11.8,25.25,0,11.3,3.9,75.0,50,0.0,1.00000000,12.2,50.0,25.0,0.0,0.0,5.69143,100.0,0.0,100.0,0,2.9,1,6.53869582044274,0.0,0.0,0.15629,0.196563,0.0,0.0,0.0,0.647146,A7,Traditional Big,0.647146,A3,Two-Way Guard,0.196563,True,very_unstable,Below 150 minutes; scored out-of-sample relative to the 150+ minute core_v3 training population.
127345::2026::Siena,2026,127345,Chris Torres,Siena,MAAC,10.6002,Combo G,127345,pid_team,74,18.1,25,0,0,17.6,0.0,0,0.0,1.00020004,0,50.0,50.0,50.0,0.0,0,0.0,0.0,0.0,0,0,3.8,3.7053866908171544,0.0,0.049161,0.665599,0.0,0.28524,0.0,0.0,0.0,A2,Low-Production Player,0.665599,A4,Scoring Playmaker,0.28524,True,very_unstable,Below 150 minutes; scored out-of-sample relative to the 150+ minute core_v3 training population.
134205::2026::Siena,2026,134205,Danny Murray,Siena,MAAC,7.5,Combo G,134205,pid_team,76,13.8,0,0,0,0,0.0,0,0.0,0.00000000,60.3,0.0,0.0,0.0,0.0,8.8842,0.0,0.0,0.0,0,0,0,3.58232,0.0,0.0,1.0,0.0,0.0,0.0,0.0,0.0,A2,Low-Production Player,1.0,A0,Perimeter Spacer,0.0,True,very_unstable,Below 150 minutes; scored out-of-sample relative to the 150+ minute core_v3 training population.
76530::2026::Siena,2026,76530,Marcus Jackson,Siena,MAAC,44.8998,PF/C,76530,pid_team,74,13.7,17.91,13.9,18.3,14.7,20.0,83.3,0.0,3.99940002,10.2,16.666666666666664,0.0,16.666666666666664,100.0,5.55263,0.0,0.0,0.0,0,1.4,3.6,6.865277796337622,0.0,0.0,0.192292,0.065579,0.207434,0.0,0.009366,0.525328,A7,Traditional Big,0.525328,A4,Scoring Playmaker,0.207434,True,very_unstable,Below 150 minutes; scored out-of-sample relative to the 150+ minute core_v3 training population.
78290::2026::Siena,2026,78290,Mosi Clayton,Siena,MAAC,7.1001,Scoring PG,78290,pid_team,73,17.4,0,0,0,0,0.0,0,0.0,0.00000000,0,0.0,0.0,0.0,0.0,26.6526,0.0,0.0,0.0,0,0,5.6,3.766099069027197,0.607831,0.0,0.392169,0.0,0.0,0.0,0.0,0.0,A0,Perimeter Spacer,0.607831,A2,Low-Production Player,0.392169,True,very_unstable,Below 150 minutes; scored out-of-sample relative to the 150+ minute core_v3 training population.
134275::2026::Siena,2026,134275,Owen Schlager,Siena,MAAC,50.4,Wing G,134275,pid_team,75,25.3,44.44,5,9.3,10.4,70.0,90.9,14.299999999999999,0.42857145,34.2,36.36363636363637,50.0,0.0,0.0,8.63742,0.0,100.0,33.33333333333333,0,1.2,4.8,5.6898888888888886,0.530175,0.0,0.469825,0.0,0.0,0.0,0.0,0.0,A0,Perimeter Spacer,0.530175,A2,Low-Production Player,0.469825,True,unstable,Below 150 minutes; scored out-of-sample relative to the 150+ minute core_v3 training population.
127892::2026::Siena,2026,127892,Tajae Jones,Siena,MAAC,13.8999,Wing F,127892,pid_team,80,20.4,40,0,16.9,0,0.0,0,0.0,0.00000000,22,60.0,66.67,0.0,0.0,8.8842,50.0,0.0,50.0,0,4.5,8.6,8.84213555493205,0.0,0.0,0.547078,0.0,0.0,0.0,0.0,0.452922,A2,Low-Production Player,0.547078,A7,Traditional Big,0.452922,True,very_unstable,Below 150 minutes; scored out-of-sample relative to the 150+ minute core_v3 training population.
74101::2026::South Alabama,2026,74101,Maxwell Land,South Alabama,SB,7.6,Combo G,74101,pid_team,76,22.3,75,0,28.2,26,0.0,0,50.0,1.00000000,35.9,0.0,0.0,0.0,0.0,16.0417,0.0,100.0,100.0,0,0,0,7.7899473684210525,0.213627,0.0,0.018233,0.367973,0.0,0.0,0.400167,0.0,A6,Two-Way Forward,0.400167,A3,Two-Way Guard,0.367973,True,very_unstable,Below 150 minutes; scored out-of-sample relative to the 150+ minute core_v3 training population.
134267::2026::South Carolina,2026,134267,Eli Sparkman,South Carolina,SEC,39.1001,Scoring PG,134267,pid_team,72,9.4,42.86,3,9,13.4,0.0,0,28.599999999999998,3.00040007,0,0.0,0.0,0.0,0.0,10.6478,0.0,100.0,100.0,0,1.5,2,5.610420433707332,0.646682,0.0,0.353318,0.0,0.0,0.0,0.0,0.0,A0,Perimeter Spacer,0.646682,A2,Low-Production Player,0.353318,True,very_unstable,Below 150 minutes; scored out-of-sample relative to the 150+ minute core_v3 training population.
77156::2026::South Carolina St.,2026,77156,Colin McKenzie,South Carolina St.,MEAC,96.1002,PF/C,77156,pid_team,78,15.3,38.1,1.2,13.3,4.2,0.0,0,25.0,0.19997600,38.9,9.523809523809524,0.0,52.38095238095239,45.45,4.75138,0.0,100.0,71.42857142857143,1.2,0.6,5.4,5.514702362742222,0.121726,0.0,0.878274,0.0,0.0,0.0,0.0,0.0,A2,Low-Production Player,0.878274,A0,Perimeter Spacer,0.121726,True,unstable,Below 150 minutes; scored out-of-sample relative to the 150+ minute core_v3 training population.
74680::2026::South Dakota,2026,74680,Ashton Smith,South Dakota,Sum,26.2998,C,74680,pid_team,81,13,30.3,4.3,13.9,0,50.0,50,0.0,0.00000000,32.6,60.0,33.33,20.0,0.0,0,100.0,0.0,100.0,3.6,2.1,10.6,7.700149811025178,0.0,0.0,0.511715,0.037994,0.0,0.0,0.0,0.450291,A2,Low-Production Player,0.511715,A7,Traditional Big,0.450291,True,very_unstable,Below 150 minutes; scored out-of-sample relative to the 150+ minute core_v3 training population.
128273::2026::South Dakota,2026,128273,Caleb Kizer,South Dakota,Sum,36.364,PF/C,128273,pid_team,79,12.3,63.29,5.8,6.2,0,50.0,66.7,0.0,0.66666661,22.8,66.66666666666666,100.0,33.33333333333333,0.0,0,50.0,0.0,50.0,4.7,0,8.1,3.0188978110218896,0.0,0.0,0.336848,0.0,0.139679,0.210714,0.0,0.312759,A2,Low-Production Player,0.336848,A7,Traditional Big,0.312759,True,very_unstable,Below 150 minutes; scored out-of-sample relative to the 150+ minute core_v3 training population.
126789::2026::South Dakota,2026,126789,Porter Ihnen,South Dakota,Sum,18.675,PF/C,126789,pid_team,78,4.8,0,0,0,0,0.0,0,0.0,1.00000000,0,0.0,0.0,0.0,0.0,0,0.0,0.0,0.0,0,0,7.3,1.1633649263721555,0.116011,0.237441,0.646549,0.0,0.0,0.0,0.0,0.0,A2,Low-Production Player,0.646549,A1,Connecting Guard,0.237441,True,very_unstable,Below 150 minutes; scored out-of-sample relative to the 150+ minute core_v3 training population.
126676::2026::South Dakota St.,2026,126676,Andrell Burton Jr.,South Dakota St.,Sum,6.75,Pure PG,126676,pid_team,78,20.1,100,0,0,0,0.0,0,0.0,0.33333333,63.8,100.0,100.0,0.0,0.0,0,0.0,0.0,0.0,0,12.8,26.1,9.14548148148148,0.0,0.0,0.0,0.695936,0.0,0.0,0.0,0.304064,A3,Two-Way Guard,0.695936,A7,Traditional Big,0.304064,True,very_unstable,Below 150 minutes; scored out-of-sample relative to the 150+ minute core_v3 training population.
135293::2026::South Dakota St.,2026,135293,Jaden Rogers,South Dakota St.,Sum,110.0004,PF/C,135293,pid_team,77,9.3,61.28,4.4,15.6,1.6,100.0,11.8,20.0,0.66650002,12.1,33.33333333333333,100.0,5.555555555555555,100.0,5.62064,83.33333333333334,100.0,80.0,3.8,1.7,5.7,7.100446907465789,0.0,0.0,0.0,0.0,0.0,0.155042,0.343198,0.50176,A7,Traditional Big,0.50176,A6,Two-Way Forward,0.343198,True,borderline_unstable,Below 150 minutes; scored out-of-sample relative to the 150+ minute core_v3 training population.
126677::2026::South Dakota St.,2026,126677,Jadyn Cascio Jensen,South Dakota St.,Sum,2.8333,Pure PG,126677,pid_team,75,23.4,0,0,0,64.9,0.0,0,0.0,1.00000000,0,0.0,0.0,0.0,0.0,25.2929,0.0,0.0,0.0,0,0,0,3.205858892457558,0.509014,0.0,0.275699,0.0,0.215287,0.0,0.0,0.0,A0,Perimeter Spacer,0.509014,A2,Low-Production Player,0.275699,True,very_unstable,Below 150 minutes; scored out-of-sample relative to the 150+ minute core_v3 training population.
126645::2026::South Dakota St.,2026,126645,Trey Buchanan,South Dakota St.,Sum,102.7446,Combo G,126645,pid_team,72,21,65.08,2.4,7.3,13.8,100.0,11.1,36.4,0.57141936,32.4,18.51851851851852,100.0,0.0,0.0,13.5718,40.0,100.0,76.92307692307693,0,1.9,4.2,5.645104462910947,0.0,0.0,0.111876,0.576539,0.027902,0.283684,0.0,0.0,A3,Two-Way Guard,0.576539,A5,Efficient Play Finisher,0.283684,True,borderline_unstable,Below 150 minutes; scored out-of-sample relative to the 150+ minute core_v3 training population.
134446::2026::South Florida,2026,134446,Caleb Sanders,South Florida,Amer,75.636,Wing G,134446,pid_team,78,16.1,72.64,5.5,10,11.5,78.60000000000001,100,42.9,2.00027507,18.6,42.857142857142854,66.67,7.142857142857142,100.0,5.25542,25.0,100.0,50.0,0,2.3,3.3,6.5533343910307265,0.0,0.648675,0.0,0.0,0.351325,0.0,0.0,0.0,A1,Connecting Guard,0.648675,A4,Scoring Playmaker,0.351325,True,unstable,Below 150 minutes; scored out-of-sample relative to the 150+ minute core_v3 training population.
134255::2026::South Florida,2026,134255,Tristan Beckford,South Florida,Amer,146.096,Wing F,134255,pid_team,77,16,59.7,7.3,17.6,6.4,72.2,51.4,25.0,1.19991594,12.6,50.0,68.17999999999999,2.272727272727273,0.0,4.81685,66.66666666666666,100.0,73.07692307692307,3.2,1.6,4.4,7.447185412331617,0.21943,0.564096,0.0,0.0,0.0,0.216474,0.0,0.0,A1,Connecting Guard,0.564096,A0,Perimeter Spacer,0.21943,True,borderline_unstable,Below 150 minutes; scored out-of-sample relative to the 150+ minute core_v3 training population.
77119::2026::South Florida,2026,77119,Xavier Brown,South Florida,Amer,36.5001,Pure PG,77119,pid_team,74,14.9,36.7,2.7,2.8,21.1,50.0,44.4,33.300000000000004,5.00060016,10,33.33333333333333,0.0,0.0,0.0,9.00929,0.0,100.0,100.0,0,0,6.6,4.219396659187234,0.586674,0.0,0.413326,0.0,0.0,0.0,0.0,0.0,A0,Perimeter Spacer,0.586674,A2,Low-Production Player,0.413326,True,very_unstable,Below 150 minutes; scored out-of-sample relative to the 150+ minute core_v3 training population.
128143::2026::Southeast Missouri St.,2026,128143,Jay Reynolds,Southeast Missouri St.,OVC,35.84,Combo G,128143,pid_team,75,21.7,8.4,0,8.7,0,50.0,40,0.0,0.50000000,18.8,0.0,0.0,0.0,0.0,19.8099,0.0,0.0,0.0,0,0,0,1.8466406249999998,0.651813,0.0,0.348187,0.0,0.0,0.0,0.0,0.0,A0,Perimeter Spacer,0.651813,A2,Low-Production Player,0.348187,True,very_unstable,Below 150 minutes; scored out-of-sample relative to the 150+ minute core_v3 training population.
134511::2026::Southeast Missouri St.,2026,134511,Trace Sadler,Southeast Missouri St.,OVC,36.385,C,134511,pid_team,84,5.2,100,5.4,0,0,0.0,0,0.0,0.00000000,50.6,50.0,100.0,0.0,0.0,0,0.0,0.0,0.0,5,0,1.8,2.815687783427237,0.0,0.0,0.299511,0.0,0.0,0.348569,0.0,0.35192,A7,Traditional Big,0.35192,A5,Efficient Play Finisher,0.348569,True,very_unstable,Below 150 minutes; scored out-of-sample relative to the 150+ minute core_v3 training population.
128314::2026::Southeastern Louisiana,2026,128314,Seth Jones,Southeastern Louisiana,Slnd,138.425,Wing G,128314,pid_team,74,26.8,40.93,3.5,15.7,12.2,80.0,20.4,23.5,0.44444444,26,6.122448979591836,66.67,24.489795918367346,33.33,15.8285,0.0,62.5,42.857142857142854,1.9,4.2,3.1,7.763193064836556,0.499742,0.0,0.0,0.0,0.0,0.500258,0.0,0.0,A5,Efficient Play Finisher,0.500258,A0,Perimeter Spacer,0.499742,True,borderline_unstable,Below 150 minutes; scored out-of-sample relative to the 150+ minute core_v3 training population.
143675::2026::Southern,2026,143675,D'Mari Wiltz,Southern,SWAC,21.9,Scoring PG,143675,pid_team,72,13.2,0,5,5.5,7,0.0,0,0.0,0.24998125,77.5,0.0,0.0,0.0,0.0,2.6201,0.0,0.0,0.0,0,2.6,3.7,5.921041095890411,0.0,0.0,1.0,0.0,0.0,0.0,0.0,0.0,A2,Low-Production Player,1.0,A0,Perimeter Spacer,0.0,True,very_unstable,Below 150 minutes; scored out-of-sample relative to the 150+ minute core_v3 training population.
127028::2026::Southern,2026,127028,Jayce Depron,Southern,SWAC,22.74,PF/C,127028,pid_team,75,21,0,0,11.4,0,0.0,0,0.0,1.00000000,0,0.0,0.0,16.666666666666664,0.0,27.8385,0.0,0.0,0.0,0,0,11.3,2.325927880386983,0.525518,0.021166,0.453316,0.0,0.0,0.0,0.0,0.0,A0,Perimeter Spacer,0.525518,A2,Low-Production Player,0.453316,True,very_unstable,Below 150 minutes; scored out-of-sample relative to the 150+ minute core_v3 training population.
72946::2026::Southern,2026,72946,Keith Lamar,Southern,SWAC,78.9285,Wing G,72946,pid_team,79,12.3,28.95,0,9.3,6.4,0.0,0,20.0,1.00000000,17.6,10.526315789473683,0.0,10.526315789473683,50.0,10.7762,0.0,100.0,100.0,1.4,0,3.6,4.675122420925267,0.447346,0.178564,0.37409,0.0,0.0,0.0,0.0,0.0,A0,Perimeter Spacer,0.447346,A2,Low-Production Player,0.37409,True,unstable,Below 150 minutes; scored out-of-sample relative to the 150+ minute core_v3 training population.
127025::2026::Southern,2026,127025,Lionel Bell,Southern,SWAC,86.334,C,127025,pid_team,81,14.7,37.16,9.5,14,0,37.5,72.7,0.0,0.37511251,27.5,54.54545454545454,50.0,45.45454545454545,20.0,0,66.66666666666666,0.0,50.0,3.3,2.4,7.5,5.9282785461116125,0.0,0.0,0.461637,0.114739,0.0,0.0,0.0,0.423624,A2,Low-Production Player,0.461637,A7,Traditional Big,0.423624,True,unstable,Below 150 minutes; scored out-of-sample relative to the 150+ minute core_v3 training population.
133908::2026::Southern,2026,133908,Rondae Hill,Southern,SWAC,58.4,Combo G,133908,pid_team,72,16.5,53.76,0,9.8,7.4,0.0,15.4,41.699999999999996,1.57135509,27.5,0.0,0.0,7.6923076923076925,0.0,13.7051,0.0,40.0,40.0,2.3,0,3.2,4.164349315068494,0.316982,0.262724,0.420294,0.0,0.0,0.0,0.0,0.0,A2,Low-Production Player,0.420294,A0,Perimeter Spacer,0.316982,True,unstable,Below 150 minutes; scored out-of-sample relative to the 150+ minute core_v3 training population.
135365::2026::Southern Illinois,2026,135365,Caden Hawkins,Southern Illinois,MVC,72.8,Combo G,135365,pid_team,72,15.7,43.42,1.6,4.9,9.6,44.4,69.2,30.0,1.99962498,21.6,7.6923076923076925,100.0,15.384615384615385,0.0,8.44142,0.0,100.0,75.0,0,1.7,2.4,5.278219780219781,0.0,0.220202,0.411728,0.368071,0.0,0.0,0.0,0.0,A2,Low-Production Player,0.411728,A3,Two-Way Guard,0.368071,True,unstable,Below 150 minutes; scored out-of-sample relative to the 150+ minute core_v3 training population.
126970::2026::Southern Illinois,2026,126970,Jaheem Webber,Southern Illinois,MVC,126.3798,C,126970,pid_team,82,11.3,52.88,14.3,11.6,6.7,25.0,47.1,0.0,1.25035635,12.2,70.0,64.29,15.0,33.33,0,66.66666666666666,0.0,69.23076923076923,11.4,0.9,5.8,7.7943152307568155,0.0,0.636,0.0,0.0,0.0,0.0,0.0,0.364,A1,Connecting Guard,0.636,A7,Traditional Big,0.364,True,borderline_unstable,Below 150 minutes; scored out-of-sample relative to the 150+ minute core_v3 training population.
135304::2026::Southern Indiana,2026,135304,Alem Fejzic,Southern Indiana,OVC,102.9432,Wing G,135304,pid_team,75,11.5,31.82,2.2,4.9,2.2,0.0,0,19.0,0.66682221,11,4.545454545454546,100.0,0.0,0.0,13.2913,100.0,75.0,80.0,0,1.3,2.2,4.329610892220177,0.0,0.0,0.0,0.0,0.0,1.0,0.0,0.0,A5,Efficient Play Finisher,1.0,A0,Perimeter Spacer,0.0,True,borderline_unstable,Below 150 minutes; scored out-of-sample relative to the 150+ minute core_v3 training population.
127682::2026::Southern Indiana,2026,127682,Ben Ezeagu,Southern Indiana,OVC,110.24,PF/C,127682,pid_team,79,15.3,44.68,4.7,9.6,0,65.0,142.9,0.0,0.00000000,28.7,87.5,28.57,0.0,0.0,0,50.0,0.0,60.0,1.8,3.9,8.3,7.481603773584904,0.0,0.0,0.0,0.97271,0.0,0.0,0.0,0.02729,A3,Two-Way Guard,0.97271,A7,Traditional Big,0.02729,True,borderline_unstable,Below 150 minutes; scored out-of-sample relative to the 150+ minute core_v3 training population.
76326::2026::Southern Indiana,2026,76326,Braxton Jones,Southern Indiana,OVC,42.0,Pure PG,76326,pid_team,72,17.1,30.2,2.4,2.7,9.3,100.0,30.8,25.0,2.00000000,8.1,15.384615384615385,0.0,53.84615384615385,14.29,5.5423,0.0,100.0,50.0,0,4.2,6.7,6.7059999999999995,0.79334,0.20666,0.0,0.0,0.0,0.0,0.0,0.0,A0,Perimeter Spacer,0.79334,A1,Connecting Guard,0.20666,True,very_unstable,Below 150 minutes; scored out-of-sample relative to the 150+ minute core_v3 training population.
76865::2026::Southern Indiana,2026,76865,Trey Thomas,Southern Indiana,OVC,66.975,Wing G,76865,pid_team,74,27.9,36.54,4.5,10.1,11.9,100.0,5.6,10.0,0.50000000,12.5,30.555555555555557,63.63999999999999,41.66666666666667,26.669999999999998,8.6892,71.42857142857143,100.0,58.333333333333336,1.4,0.9,1.2,5.469509518477045,0.105402,0.0,0.0,0.0,0.398041,0.186725,0.309832,0.0,A4,Scoring Playmaker,0.398041,A6,Two-Way Forward,0.309832,True,unstable,Below 150 minutes; scored out-of-sample relative to the 150+ minute core_v3 training population.
127969::2026::Southern Miss,2026,127969,Dalyn Brandon,Southern Miss,SB,142.7717,Wing F,127969,pid_team,77,9.3,47.29,4,10.5,3.6,60.0,21.7,31.3,1.00000000,12.7,20.0,60.0,8.0,0.0,6.30464,33.33333333333333,100.0,70.0,4.9,2.4,6.9,7.544632444665153,0.301471,0.698529,0.0,0.0,0.0,0.0,0.0,0.0,A1,Connecting Guard,0.698529,A0,Perimeter Spacer,0.301471,True,borderline_unstable,Below 150 minutes; scored out-of-sample relative to the 150+ minute core_v3 training population.
128114::2026::Southern Miss,2026,128114,EJ Paymon,Southern Miss,SB,57.7918,C,128114,pid_team,81,37.5,41.28,17.9,6,11.3,54.50000000000001,57.9,0.0,0.44446049,19.5,50.0,63.63999999999999,22.727272727272727,0.0,4.44314,57.14285714285714,0.0,60.0,12.2,2.9,11.3,5.824916337611911,0.0,0.0,0.098108,0.360672,0.202857,0.0,0.0,0.338363,A3,Two-Way Guard,0.360672,A7,Traditional Big,0.338363,True,unstable,Below 150 minutes; scored out-of-sample relative to the 150+ minute core_v3 training population.
77205::2026::Southern Miss,2026,77205,Fallou Diagne,Southern Miss,SB,149.9674,PF/C,77205,pid_team,83,15.5,44.15,5.9,8.4,4,75.0,10,25.8,0.60009603,13.3,7.5,100.0,15.0,33.33,12.8025,66.66666666666666,100.0,92.3076923076923,0,0,5.2,4.354946475033907,0.0,0.0,0.520568,0.0,0.0,0.411394,0.0,0.068038,A2,Low-Production Player,0.520568,A5,Efficient Play Finisher,0.411394,True,borderline_unstable,Below 150 minutes; scored out-of-sample relative to the 150+ minute core_v3 training population.
135139::2026::Southern Miss,2026,135139,Felipe Patino,Southern Miss,SB,102.1785,PF/C,135139,pid_team,76,10.8,27.4,7.1,1.4,2.1,66.7,20,9.1,0.33312222,13,6.666666666666667,100.0,20.0,33.33,7.74514,0.0,100.0,66.66666666666666,0,2.1,2.9,4.217443004154494,0.056846,0.0,0.0,0.0,0.0,0.943154,0.0,0.0,A5,Efficient Play Finisher,0.943154,A0,Perimeter Spacer,0.056846,True,borderline_unstable,Below 150 minutes; scored out-of-sample relative to the 150+ minute core_v3 training population.
134495::2026::Southern Miss,2026,134495,IJ Ezuma,Southern Miss,SB,58.8875,C,134495,pid_team,80,16.2,32.74,8.3,8.3,3.1,57.099999999999994,46.7,0.0,2.00000000,6.2,53.333333333333336,37.5,26.666666666666668,25.0,3.06788,66.66666666666666,0.0,50.0,2.1,0,7.1,4.887251114413076,0.124385,0.875615,0.0,0.0,0.0,0.0,0.0,0.0,A1,Connecting Guard,0.875615,A0,Perimeter Spacer,0.124385,True,unstable,Below 150 minutes; scored out-of-sample relative to the 150+ minute core_v3 training population.
76876::2026::Southern Miss,2026,76876,Robert Cowherd,Southern Miss,SB,51.52,Stretch 4,76876,pid_team,76,17.4,24.18,0,0,4,100.0,7.1,0.0,0.20000000,22.3,14.285714285714285,100.0,35.714285714285715,20.0,9.11068,100.0,0.0,66.66666666666666,0,1.3,5.4,3.99223602484472,0.0,0.0,0.0,0.0,0.066262,0.933738,0.0,0.0,A5,Efficient Play Finisher,0.933738,A4,Scoring Playmaker,0.066262,True,unstable,Below 150 minutes; scored out-of-sample relative to the 150+ minute core_v3 training population.
135336::2026::Southern Utah,2026,135336,Brayden Johnson,Southern Utah,WAC,45.385,Pure PG,135336,pid_team,73,12.3,0,3.6,3.5,34.1,0.0,66.7,0.0,4.50130065,28.8,0.0,0.0,100.0,0.0,0,0.0,0.0,0.0,0,0,1.3,2.7680511182108622,0.0,0.0,0.986223,0.0,0.013777,0.0,0.0,0.0,A2,Low-Production Player,0.986223,A4,Scoring Playmaker,0.013777,True,very_unstable,Below 150 minutes; scored out-of-sample relative to the 150+ minute core_v3 training population.
134941::2026::Southern Utah,2026,134941,Chuks Isitua,Southern Utah,WAC,24.9375,C,134941,pid_team,82,4,0,8.6,8.3,0,0.0,0,0.0,0.00000000,0,100.0,0.0,0.0,0.0,0,0.0,0.0,0.0,0,0,11.9,2.676531328320802,0.030717,0.0,0.969283,0.0,0.0,0.0,0.0,0.0,A2,Low-Production Player,0.969283,A0,Perimeter Spacer,0.030717,True,very_unstable,Below 150 minutes; scored out-of-sample relative to the 150+ minute core_v3 training population.
127382::2026::Southern Utah,2026,127382,Langston Binns,Southern Utah,WAC,19.2855,Scoring PG,127382,pid_team,74,30.1,50,0,0,0,0.0,0,25.0,1.00000000,16.8,0.0,0.0,42.857142857142854,66.67,19.2911,0.0,100.0,100.0,0,0,3.6,2.067439267843717,0.723635,0.0,0.251314,0.0,0.025051,0.0,0.0,0.0,A0,Perimeter Spacer,0.723635,A2,Low-Production Player,0.251314,True,very_unstable,Below 150 minutes; scored out-of-sample relative to the 150+ minute core_v3 training population.
134057::2026::Southern Utah,2026,134057,Zeplin Kidd,Southern Utah,WAC,46.077,Wing F,134057,pid_team,79,10.9,29.2,5.1,24.3,7.3,0.0,150,0.0,1.00000000,22.5,100.0,50.0,0.0,0.0,0,0.0,0.0,0.0,0,0,3.5,3.3261193220044705,0.0,0.0,0.569602,0.057518,0.0,0.0,0.0,0.37288,A2,Low-Production Player,0.569602,A7,Traditional Big,0.37288,True,very_unstable,Below 150 minutes; scored out-of-sample relative to the 150+ minute core_v3 training population.
75542::2026::St. Bonaventure,2026,75542,Amar’e Marshall,St. Bonaventure,A10,148.3999,Combo G,75542,pid_team,76,18.8,56.83,6.4,10.6,18.1,60.0,24.4,33.300000000000004,1.87487974,17,40.476190476190474,52.94,14.285714285714285,83.33,7.15928,44.44444444444444,83.33333333333334,47.61904761904761,0,2,4,5.831782905514086,0.031249,0.772376,0.0,0.0,0.196375,0.0,0.0,0.0,A1,Connecting Guard,0.772376,A4,Scoring Playmaker,0.196375,True,borderline_unstable,Below 150 minutes; scored out-of-sample relative to the 150+ minute core_v3 training population.
78510::2026::St. Bonaventure,2026,78510,Broek Ostrom,St. Bonaventure,A10,9.375,Combo G,78510,pid_team,74,22.5,50.85,0,0,0,0.0,100,50.0,0.00000000,30.6,0.0,0.0,0.0,0.0,14.8489,0.0,100.0,100.0,0,0,0,2.9380266666666666,0.577475,0.0,0.422525,0.0,0.0,0.0,0.0,0.0,A0,Perimeter Spacer,0.577475,A2,Low-Production Player,0.422525,True,very_unstable,Below 150 minutes; scored out-of-sample relative to the 150+ minute core_v3 training population.
135241::2026::St. Bonaventure,2026,135241,Ilia Ermakov,St. Bonaventure,A10,88.0888,Wing G,135241,pid_team,77,18.4,51.28,1.5,12.4,15.1,0.0,5,38.5,1.00000000,32.9,10.0,100.0,25.0,20.0,9.81537,50.0,80.0,75.0,0,3.8,1.5,6.368437304174877,0.0,0.0,0.485379,0.514621,0.0,0.0,0.0,0.0,A3,Two-Way Guard,0.514621,A2,Low-Production Player,0.485379,True,unstable,Below 150 minutes; scored out-of-sample relative to the 150+ minute core_v3 training population.
127094::2026::St. Bonaventure,2026,127094,Xander Wedlow,St. Bonaventure,A10,6.2,C,127094,pid_team,82,27.7,0,19.1,19.5,0,0.0,0,0.0,0.00000000,68.9,100.0,0.0,0.0,0.0,0,0.0,0.0,0.0,0,0,6.5,5.533529032258065,0.0,0.0,1.0,0.0,0.0,0.0,0.0,0.0,A2,Low-Production Player,1.0,A0,Perimeter Spacer,0.0,True,very_unstable,Below 150 minutes; scored out-of-sample relative to the 150+ minute core_v3 training population.
133732::2026::St. John's,2026,133732,Casper Pohto,St. John's,BE,27.3,PF/C,133732,pid_team,75,13.3,20,12,4,5.6,0.0,0,0.0,0.50015004,31.1,20.0,100.0,40.0,0.0,4.23254,100.0,0.0,100.0,0,0,2.9,4.314593406593407,0.0,0.0,0.882145,0.0,0.0,0.112107,0.0,0.005748,A2,Low-Production Player,0.882145,A5,Efficient Play Finisher,0.112107,True,very_unstable,Below 150 minutes; scored out-of-sample relative to the 150+ minute core_v3 training population.
133729::2026::St. John's,2026,133729,Fotis Konstantinidis,St. John's,BE,8.4,Pure PG,133729,pid_team,74,5.4,150,0,13.1,20.7,0.0,0,100.0,1.00030004,0,0.0,0.0,0.0,0.0,6.34881,0.0,100.0,100.0,0,0,9.5,5.769428571428572,0.0,0.465337,0.0,0.0,0.0,0.534663,0.0,0.0,A5,Efficient Play Finisher,0.534663,A1,Connecting Guard,0.465337,True,very_unstable,Below 150 minutes; scored out-of-sample relative to the 150+ minute core_v3 training population.
134484::2026::St. John's,2026,134484,Handje Tamba,St. John's,BE,17.8,C,134484,pid_team,83,17.3,50.51,6.1,6.2,19.3,50.0,50,0.0,2.00000000,18.3,50.0,0.0,50.0,100.0,0,0.0,0.0,50.0,17.1,0,6.7,7.640606741573034,0.0,0.772048,0.0,0.0,0.227952,0.0,0.0,0.0,A1,Connecting Guard,0.772048,A4,Scoring Playmaker,0.227952,True,very_unstable,Below 150 minutes; scored out-of-sample relative to the 150+ minute core_v3 training population.
133731::2026::St. John's,2026,133731,Kelvin Odih,St. John's,BE,55.5,PF/C,133731,pid_team,76,20.5,47.02,23.7,13.9,6.3,50.0,13.3,0.0,0.40000001,24.9,81.25,53.849999999999994,6.25,0.0,1.02954,14.285714285714285,0.0,14.285714285714285,3.6,3.1,7.9,8.596612612612612,0.0,0.0,0.010301,0.881512,0.0,0.0,0.0,0.108186,A3,Two-Way Guard,0.881512,A7,Traditional Big,0.108186,True,unstable,Below 150 minutes; scored out-of-sample relative to the 150+ minute core_v3 training population.
79153::2026::St. Thomas,2026,79153,Adam Tauer,St. Thomas,Sum,25.9497,Wing G,79153,pid_team,75,12.9,50,6.5,11.8,0,0.0,0,0.0,2.00120050,22.5,75.0,66.67,0.0,0.0,2.89158,50.0,0.0,50.0,0,2.9,2,5.467870534148757,0.0,0.797737,0.202263,0.0,0.0,0.0,0.0,0.0,A1,Connecting Guard,0.797737,A2,Low-Production Player,0.202263,True,very_unstable,Below 150 minutes; scored out-of-sample relative to the 150+ minute core_v3 training population.
134973::2026::St. Thomas,2026,134973,Jack Tauer,St. Thomas,Sum,14.836,PF/C,134973,pid_team,74,9.7,0,0,9.9,11.8,0.0,200,0.0,0.72719997,0,100.0,0.0,0.0,0.0,0,0.0,0.0,0.0,9.9,0,3.4,5.270746832030197,0.074704,0.401689,0.460338,0.06327,0.0,0.0,0.0,0.0,A2,Low-Production Player,0.460338,A1,Connecting Guard,0.401689,True,very_unstable,Below 150 minutes; scored out-of-sample relative to the 150+ minute core_v3 training population.
128119::2026::St. Thomas,2026,128119,Kyle Counts,St. Thomas,Sum,16.24,Combo G,128119,pid_team,79,10.8,75,0,7.8,10.3,0.0,0,50.0,1.00000000,36,0.0,0.0,0.0,0.0,7.71088,0.0,100.0,100.0,7.8,0,2.7,5.548571428571429,0.353293,0.065867,0.473423,0.0,0.0,0.037946,0.069471,0.0,A2,Low-Production Player,0.473423,A0,Perimeter Spacer,0.353293,True,very_unstable,Below 150 minutes; scored out-of-sample relative to the 150+ minute core_v3 training population.
128120::2026::St. Thomas,2026,128120,Ryan Lafferty,St. Thomas,Sum,134.364,Combo G,128120,pid_team,77,11.6,37.66,1,13.8,14.9,0.0,18.2,20.0,1.16665140,47,45.45454545454545,60.0,9.090909090909092,0.0,2.26791,66.66666666666666,100.0,75.0,0.9,3.6,3.2,7.618171534041855,0.0,0.0,0.379783,0.620217,0.0,0.0,0.0,0.0,A3,Two-Way Guard,0.620217,A2,Low-Production Player,0.379783,True,borderline_unstable,Below 150 minutes; scored out-of-sample relative to the 150+ minute core_v3 training population.
126979::2026::St. Thomas,2026,126979,Tim Franks,St. Thomas,Sum,52.5694,Combo G,126979,pid_team,77,19.1,51.95,0,18.3,17.7,100.0,7.7,42.9,3.00000000,7.9,46.15384615384615,33.33,0.0,0.0,10.447,100.0,100.0,100.0,0,1.5,3.2,5.033178997667844,0.226926,0.0,0.0,0.0,0.0,0.26065,0.355988,0.156437,A6,Two-Way Forward,0.355988,A5,Efficient Play Finisher,0.26065,True,unstable,Below 150 minutes; scored out-of-sample relative to the 150+ minute core_v3 training population.
78819::2026::St. Thomas,2026,78819,Tommy Humphries,St. Thomas,Sum,25.3332,Wing G,78819,pid_team,77,16.6,30,8.7,0,0,0.0,0,50.0,1.33320004,0,40.0,0.0,20.0,0.0,7.71088,0.0,100.0,100.0,0,0,0,2.2296906825825404,0.488187,0.388358,0.123455,0.0,0.0,0.0,0.0,0.0,A0,Perimeter Spacer,0.488187,A1,Connecting Guard,0.388358,True,very_unstable,Below 150 minutes; scored out-of-sample relative to the 150+ minute core_v3 training population.
127316::2026::Stanford,2026,127316,Ethan Kitch,Stanford,ACC,2.4999,Combo G,127316,pid_team,74,28.9,75,0,0,0,0.0,0,50.0,0.00000000,0,0.0,0.0,0.0,0.0,44.6166,0.0,100.0,100.0,0,0,0,3.2418416736669466,1.0,0.0,0.0,0.0,0.0,0.0,0.0,0.0,A0,Perimeter Spacer,1.0,A1,Connecting Guard,0.0,True,very_unstable,Below 150 minutes; scored out-of-sample relative to the 150+ minute core_v3 training population.
127293::2026::Stanford,2026,127293,Evan Stinson,Stanford,ACC,21.2,Wing G,127293,pid_team,79,15.8,58.82,0,11.7,8.6,100.0,40,25.0,1.00000000,17.6,16.666666666666664,100.0,0.0,0.0,11.1542,100.0,100.0,100.0,0,5.6,5.7,8.45143396226415,0.0,0.0,0.0,1.0,0.0,0.0,0.0,0.0,A3,Two-Way Guard,1.0,A0,Perimeter Spacer,0.0,True,very_unstable,Below 150 minutes; scored out-of-sample relative to the 150+ minute core_v3 training population.
134536::2026::Stanford,2026,134536,Kristers Skrinda,Stanford,ACC,53.9001,Stretch 4,134536,pid_team,82,10.2,38.89,12.7,18.4,3.2,0.0,0,25.0,1.00000000,10.8,33.33333333333333,66.67,22.22222222222222,0.0,4.35284,0.0,100.0,33.33333333333333,0,1.1,1.5,6.027424809972522,0.0,0.177782,0.128791,0.0,0.0,0.126719,0.566709,0.0,A6,Two-Way Forward,0.566709,A1,Connecting Guard,0.177782,True,unstable,Below 150 minutes; scored out-of-sample relative to the 150+ minute core_v3 training population.
127284::2026::Stanford,2026,127284,Tallis Toure,Stanford,ACC,6.9,C,127284,pid_team,83,7.9,0,16.6,18,0,0.0,0,0.0,0.00000000,0,0.0,0.0,100.0,0.0,0,0.0,0.0,0.0,15.9,0,0,7.814202898550724,0.0,0.0,0.556371,0.0,0.0,0.0,0.443629,0.0,A2,Low-Production Player,0.556371,A6,Two-Way Forward,0.443629,True,very_unstable,Below 150 minutes; scored out-of-sample relative to the 150+ minute core_v3 training population.
135039::2026::Stephen F. Austin,2026,135039,Bryceson Melvin,Stephen F. Austin,Slnd,11.35,PF/C,135039,pid_team,77,27.3,33.33,0,50.8,0,0.0,0,0.0,0.00000000,0,0.0,0.0,100.0,33.33,0,0.0,0.0,0.0,0,0,0,3.962995594713657,0.0,0.0,0.0,0.0,0.566454,0.0,0.433546,0.0,A4,Scoring Playmaker,0.566454,A6,Two-Way Forward,0.433546,True,very_unstable,Below 150 minutes; scored out-of-sample relative to the 150+ minute core_v3 training population.
134024::2026::Stephen F. Austin,2026,134024,Eltramon Smith Jr.,Stephen F. Austin,Slnd,104.3445,PF/C,134024,pid_team,79,19.4,38.19,1.2,19.9,9.6,0.0,10,11.1,1.33333333,20,34.375,81.82000000000001,3.125,0.0,11.6012,100.0,50.0,92.3076923076923,3.5,0,7.3,6.057089736402014,0.0,0.537537,0.462463,0.0,0.0,0.0,0.0,0.0,A1,Connecting Guard,0.537537,A2,Low-Production Player,0.462463,True,borderline_unstable,Below 150 minutes; scored out-of-sample relative to the 150+ minute core_v3 training population.
134951::2026::Stephen F. Austin,2026,134951,Harris Dar,Stephen F. Austin,Slnd,18.675,Combo G,134951,pid_team,75,5.3,100,0,10.6,15.7,0.0,0,0.0,0.50000000,0,100.0,100.0,0.0,0.0,0,0.0,0.0,0.0,0,0,7.3,2.9622918340026776,0.0,0.165241,0.0,0.0,0.395887,0.438872,0.0,0.0,A5,Efficient Play Finisher,0.438872,A4,Scoring Playmaker,0.395887,True,very_unstable,Below 150 minutes; scored out-of-sample relative to the 150+ minute core_v3 training population.
134836::2026::Stephen F. Austin,2026,134836,Tichyque Musaka,Stephen F. Austin,Slnd,22.275,C,134836,pid_team,83,23.2,46.08,44.9,7.7,0,33.300000000000004,75,0.0,1.00000000,0,75.0,66.67,25.0,0.0,0,0.0,0.0,0.0,7.3,0,5.3,3.9077890011223344,0.0,0.363064,0.0,0.0,0.115464,0.0,0.0,0.521472,A7,Traditional Big,0.521472,A1,Connecting Guard,0.363064,True,very_unstable,Below 150 minutes; scored out-of-sample relative to the 150+ minute core_v3 training population.
78138::2026::Stetson,2026,78138,Isaac Jones,Stetson,ASun,17.4223,Scoring PG,78138,pid_team,73,8.3,0,0,9.9,0,0.0,0,0.0,1.00000000,58.3,0.0,0.0,0.0,0.0,4.73668,0.0,0.0,0.0,0,0,6.6,3.2634497167423357,0.0,0.0,1.0,0.0,0.0,0.0,0.0,0.0,A2,Low-Production Player,1.0,A0,Perimeter Spacer,0.0,True,very_unstable,Below 150 minutes; scored out-of-sample relative to the 150+ minute core_v3 training population.
135428::2026::Stetson,2026,135428,Miller McGowan,Stetson,ASun,16.65,Scoring PG,135428,pid_team,73,21.7,40.82,0,0,0,100.0,133.3,0.0,0.00000000,20.4,0.0,0.0,0.0,0.0,12.9182,0.0,0.0,0.0,0,0,9,2.9064264264264263,0.243451,0.0,0.0,0.269364,0.220857,0.0,0.0,0.266328,A3,Two-Way Guard,0.269364,A7,Traditional Big,0.266328,True,very_unstable,Below 150 minutes; scored out-of-sample relative to the 150+ minute core_v3 training population.
78619::2026::Stonehill,2026,78619,Charlie Diamantis,Stonehill,NEC,11.22,Wing G,78619,pid_team,75,36,29.2,0,50.1,26.7,66.7,150,0.0,0.66666665,25.3,0.0,0.0,0.0,0.0,19.0912,0.0,0.0,0.0,0,0,0,5.761639928698752,1.0,0.0,0.0,0.0,0.0,0.0,0.0,0.0,A0,Perimeter Spacer,1.0,A1,Connecting Guard,0.0,True,very_unstable,Below 150 minutes; scored out-of-sample relative to the 150+ minute core_v3 training population.
134001::2026::Stonehill,2026,134001,Cory Lovell,Stonehill,NEC,53.2638,Wing F,134001,pid_team,81,5.3,20,2.6,4.9,0,0.0,0,0.0,1.00000000,0,80.0,25.0,0.0,0.0,1.36366,100.0,0.0,100.0,0,2.7,4.5,5.272541576079814,0.055893,0.640611,0.303496,0.0,0.0,0.0,0.0,0.0,A1,Connecting Guard,0.640611,A2,Low-Production Player,0.303496,True,unstable,Below 150 minutes; scored out-of-sample relative to the 150+ minute core_v3 training population.
127914::2026::Stonehill,2026,127914,Eino Montin,Stonehill,NEC,8.6,Wing G,127914,pid_team,73,18,51.28,0,12.8,0,0.0,200,0.0,0.00000000,38.8,100.0,100.0,0.0,0.0,0,100.0,0.0,100.0,0,0,0,5.2478139534883725,0.0,0.0,0.316357,0.0,0.0,0.0,0.0,0.683643,A7,Traditional Big,0.683643,A2,Low-Production Player,0.316357,True,very_unstable,Below 150 minutes; scored out-of-sample relative to the 150+ minute core_v3 training population.
135210::2026::Stonehill,2026,135210,Norbu Jenpa,Stonehill,NEC,10.5332,Wing G,135210,pid_team,76,22.9,0,0,15.5,0,0.0,0,0.0,0.33340001,73.9,0.0,0.0,0.0,0.0,7.95467,0.0,0.0,0.0,0,0,5.6,3.9354042456233627,0.0,0.0,1.0,0.0,0.0,0.0,0.0,0.0,A2,Low-Production Player,1.0,A0,Perimeter Spacer,0.0,True,very_unstable,Below 150 minutes; scored out-of-sample relative to the 150+ minute core_v3 training population.
76100::2026::Stonehill,2026,76100,Will Batchelder,Stonehill,NEC,54.4666,Scoring PG,76100,pid_team,73,21.6,37.34,0,8.7,9.7,100.0,15,27.3,0.66665000,26.3,5.0,0.0,40.0,25.0,10.5002,0.0,100.0,80.0,0,2.8,2.5,7.855236052920505,0.111047,0.0,0.0,0.887072,0.001881,0.0,0.0,0.0,A3,Two-Way Guard,0.887072,A0,Perimeter Spacer,0.111047,True,unstable,Below 150 minutes; scored out-of-sample relative to the 150+ minute core_v3 training population.
77504::2026::Stony Brook,2026,77504,Leon Nahar,Stony Brook,CAA,22.5835,Wing F,77504,pid_team,82,18.4,57.55,6.3,0,0,100.0,33.3,50.0,1.00000000,0,16.666666666666664,0.0,16.666666666666664,0.0,13.165,0.0,100.0,100.0,0,0,6.7,2.8265592135851394,0.962913,0.037087,0.0,0.0,0.0,0.0,0.0,0.0,A0,Perimeter Spacer,0.962913,A1,Connecting Guard,0.037087,True,very_unstable,Below 150 minutes; scored out-of-sample relative to the 150+ minute core_v3 training population.
75048::2026::Syracuse,2026,75048,Bryce Zephir,Syracuse,ACC,115.6008,Combo G,75048,pid_team,76,10.1,50.31,1,6.9,8.5,25.0,28.6,25.0,1.00000000,30,57.14285714285714,75.0,14.285714285714285,0.0,2.01736,16.666666666666664,100.0,28.57142857142857,0.9,1.5,4.2,5.525982519152116,0.0,0.0,0.592296,0.407704,0.0,0.0,0.0,0.0,A2,Low-Production Player,0.592296,A3,Two-Way Guard,0.407704,True,borderline_unstable,Below 150 minutes; scored out-of-sample relative to the 150+ minute core_v3 training population.
143678::2026::Syracuse,2026,143678,Calvin Russell III,Syracuse,ACC,1.8,PF/C,143678,pid_team,77,20,43.17,64.4,0,0,100.0,33.3,0.0,0.00000000,25.8,100.0,33.33,0.0,0.0,0,0.0,0.0,0.0,0,0,22.2,4.073822222222223,0.0,0.0,0.058221,0.0,0.0,0.0,0.0,0.941779,A7,Traditional Big,0.941779,A2,Low-Production Player,0.058221,True,very_unstable,Below 150 minutes; scored out-of-sample relative to the 150+ minute core_v3 training population.
135195::2026::Syracuse,2026,135195,Luke Fennell,Syracuse,ACC,64.8,Scoring PG,135195,pid_team,78,13,35.66,0,10.5,9.9,100.0,21.4,25.0,2.00000000,13.9,21.428571428571427,0.0,21.428571428571427,33.33,7.18179,0.0,100.0,100.0,0,1.8,1.2,5.980277777777777,0.42302,0.415692,0.0,0.161288,0.0,0.0,0.0,0.0,A0,Perimeter Spacer,0.42302,A1,Connecting Guard,0.415692,True,unstable,Below 150 minutes; scored out-of-sample relative to the 150+ minute core_v3 training population.
127072::2026::Syracuse,2026,127072,Noah Lobdell,Syracuse,ACC,4.1,Pure PG,127072,pid_team,72,19.6,0,0,0,0,0.0,0,0.0,0.00000000,0,0.0,0.0,0.0,0.0,29.9241,0.0,0.0,0.0,0,14.4,9.8,13.369951219512197,0.0,0.0,0.0,1.0,0.0,0.0,0.0,0.0,A3,Two-Way Guard,1.0,A0,Perimeter Spacer,0.0,True,very_unstable,Below 150 minutes; scored out-of-sample relative to the 150+ minute core_v3 training population.
135196::2026::Syracuse,2026,135196,Tiefing Diawara,Syracuse,ACC,9.4,C,135196,pid_team,84,6,100,12.3,24.1,0,0.0,0,0.0,0.00000000,0,50.0,100.0,0.0,0.0,0,100.0,0.0,100.0,22.6,0,4.3,10.055319148936169,0.0,0.0,0.0,0.0,0.0,0.069216,0.052148,0.878636,A7,Traditional Big,0.878636,A5,Efficient Play Finisher,0.069216,True,very_unstable,Below 150 minutes; scored out-of-sample relative to the 150+ minute core_v3 training population.
128220::2026::TCU,2026,128220,Adam Stewart,TCU,B12,4.2,C,128220,pid_team,83,10.7,100,26.4,0,0,0.0,0,0.0,0.00000000,0,100.0,100.0,0.0,0.0,0,0.0,0.0,0.0,0,0,0,3.6802476190476185,0.0,0.0,0.0,0.0,0.259856,0.528153,0.0,0.211991,A5,Efficient Play Finisher,0.528153,A4,Scoring Playmaker,0.259856,True,very_unstable,Below 150 minutes; scored out-of-sample relative to the 150+ minute core_v3 training population.
127991::2026::TCU,2026,127991,Ashton Simmons,TCU,B12,18.8,Wing G,127991,pid_team,75,24.7,35.71,0,19.4,9.5,0.0,0,25.0,0.33333333,37.3,14.285714285714285,0.0,28.57142857142857,50.0,12.5448,0.0,100.0,50.0,0,0,4.3,5.961659574468086,0.281734,0.0,0.662602,0.0,0.055664,0.0,0.0,0.0,A2,Low-Production Player,0.662602,A0,Perimeter Spacer,0.281734,True,very_unstable,Below 150 minutes; scored out-of-sample relative to the 150+ minute core_v3 training population.
128219::2026::TCU,2026,128219,Drew McElroy,TCU,B12,3.2001,PF/C,128219,pid_team,74,11.5,0,0,0,0,0.0,0,0.0,0.00000000,0,0.0,0.0,0.0,0.0,20.3853,0.0,0.0,0.0,70.8,0,0,15.112902721789947,0.693293,0.294231,0.0,0.0,0.0,0.0,0.0,0.012476,A0,Perimeter Spacer,0.693293,A1,Connecting Guard,0.294231,True,very_unstable,Below 150 minutes; scored out-of-sample relative to the 150+ minute core_v3 training population.
134699::2026::TCU,2026,134699,Kayden Edwards,TCU,B12,89.1996,Combo G,134699,pid_team,74,22.6,56.39,1.2,10.9,18.8,25.0,10.5,43.5,1.60011193,14.3,23.684210526315788,55.559999999999995,15.789473684210526,33.33,14.8845,60.0,100.0,82.35294117647058,0,0.6,1.8,5.391728214027865,0.145734,0.442123,0.412143,0.0,0.0,0.0,0.0,0.0,A1,Connecting Guard,0.442123,A2,Low-Production Player,0.412143,True,unstable,Below 150 minutes; scored out-of-sample relative to the 150+ minute core_v3 training population.
79257::2026::TCU,2026,79257,RJ Jones,TCU,B12,55.8,Pure PG,79257,pid_team,75,20.1,54.89,0,8.7,24,50.0,10,35.3,2.33363347,15.5,0.0,0.0,15.0,66.67,17.7718,0.0,100.0,100.0,0,1,5,5.521677419354838,0.702975,0.0,0.0,0.0,0.297025,0.0,0.0,0.0,A0,Perimeter Spacer,0.702975,A4,Scoring Playmaker,0.297025,True,unstable,Below 150 minutes; scored out-of-sample relative to the 150+ minute core_v3 training population.
76105::2026::TCU,2026,76105,Trey Stuart,TCU,B12,4.4,PF/C,76105,pid_team,74,20.3,0,25.2,0,0,0.0,0,0.0,0.00000000,0,0.0,0.0,0.0,0.0,27.1805,0.0,0.0,0.0,0,0,18.2,4.26390909090909,0.409666,0.0,0.590334,0.0,0.0,0.0,0.0,0.0,A2,Low-Production Player,0.590334,A0,Perimeter Spacer,0.409666,True,very_unstable,Below 150 minutes; scored out-of-sample relative to the 150+ minute core_v3 training population.
128380::2026::TCU,2026,128380,Vianney Salatchoum,TCU,B12,122.3991,C,128380,pid_team,82,13.3,53.22,8.2,12.9,2.9,66.7,13,0.0,0.25014376,28.3,44.827586206896555,76.92,34.48275862068966,20.0,0,70.0,0.0,72.22222222222221,11.1,0.9,6.2,7.7541746630489925,0.000354,0.0,0.602105,0.0,0.0,0.001302,0.0,0.39624,A2,Low-Production Player,0.602105,A7,Traditional Big,0.39624,True,borderline_unstable,Below 150 minutes; scored out-of-sample relative to the 150+ minute core_v3 training population.
134754::2026::Tarleton St.,2026,134754,"AJ Dent, Jr",Tarleton St.,WAC,25.0,Combo G,134754,pid_team,77,18.2,60,0,0,0,0.0,0,40.0,0.00000000,12.4,30.0,66.67,20.0,50.0,11.3293,0.0,50.0,20.0,0,2.3,3.2,5.013472,0.0,0.0,0.0,0.0,0.344672,0.655328,0.0,0.0,A5,Efficient Play Finisher,0.655328,A4,Scoring Playmaker,0.344672,True,very_unstable,Below 150 minutes; scored out-of-sample relative to the 150+ minute core_v3 training population.
133938::2026::Tarleton St.,2026,133938,Cam Thomas,Tarleton St.,WAC,76.9219,Wing G,133938,pid_team,75,18.8,31.82,3.9,12.8,6.6,0.0,0,0.0,0.42860001,15.1,18.181818181818183,75.0,59.09090909090909,30.769999999999996,4.70272,0.0,0.0,42.857142857142854,0,3.8,2.7,5.917534538278436,0.0,0.0,0.161557,0.404578,0.433865,0.0,0.0,0.0,A4,Scoring Playmaker,0.433865,A3,Two-Way Guard,0.404578,True,unstable,Below 150 minutes; scored out-of-sample relative to the 150+ minute core_v3 training population.
133939::2026::Tarleton St.,2026,133939,Damion Porter Jr.,Tarleton St.,WAC,88.05,Wing G,133939,pid_team,74,13,38.37,6.7,14.4,2,50.0,33.3,20.0,0.50000000,14.8,61.111111111111114,36.36,11.11111111111111,50.0,3.19544,25.0,100.0,50.0,0,1.3,5.9,6.180579216354344,0.0,0.0,0.0,0.254737,0.0,0.0,0.259907,0.485356,A7,Traditional Big,0.485356,A6,Two-Way Forward,0.259907,True,unstable,Below 150 minutes; scored out-of-sample relative to the 150+ minute core_v3 training population.
79217::2026::Tarleton St.,2026,79217,Joseph Martinez,Tarleton St.,WAC,7.2,Scoring PG,79217,pid_team,75,20,0,0,0,0,0.0,0,0.0,0.00000000,60.1,100.0,0.0,0.0,0.0,0,0.0,0.0,0.0,0,12.1,0,7.709055555555555,0.0,0.0,0.855971,0.144029,0.0,0.0,0.0,0.0,A2,Low-Production Player,0.855971,A3,Two-Way Guard,0.144029,True,very_unstable,Below 150 minutes; scored out-of-sample relative to the 150+ minute core_v3 training population.
128206::2026::Tarleton St.,2026,128206,Malek Archie,Tarleton St.,WAC,10.7,Scoring PG,128206,pid_team,74,11.5,100,0,0,0,0.0,0,0.0,0.00000000,0,100.0,100.0,0.0,0.0,0,0.0,0.0,0.0,0,12.7,0,5.125757009345795,0.0,0.0,0.0,0.042115,0.0,0.933237,0.0,0.024648,A5,Efficient Play Finisher,0.933237,A3,Two-Way Guard,0.042115,True,very_unstable,Below 150 minutes; scored out-of-sample relative to the 150+ minute core_v3 training population.
135283::2026::Tarleton St.,2026,135283,Matyas Vrabel,Tarleton St.,WAC,60.429,C,135283,pid_team,82,12.8,59.94,8.6,9.3,0,50.0,46.2,0.0,0.33317779,12.9,85.71428571428571,66.67,7.142857142857142,0.0,0,37.5,0.0,44.44444444444444,3.7,0.8,5.2,6.400178722136722,0.274681,0.171433,0.231228,0.0,0.064314,0.0,0.0,0.258345,A0,Perimeter Spacer,0.274681,A7,Traditional Big,0.258345,True,unstable,Below 150 minutes; scored out-of-sample relative to the 150+ minute core_v3 training population.
75925::2026::Temple,2026,75925,AJ Smith,Temple,Amer,118.4,Wing G,75925,pid_team,76,23.6,57.38,1,10.2,11.8,73.7,42.2,44.4,2.00000000,6.6,50.0,60.870000000000005,28.26086956521739,30.769999999999996,4.6524,28.57142857142857,100.0,39.130434782608695,0,0.5,2.7,4.883108108108108,0.130167,0.658772,0.0,0.0,0.211061,0.0,0.0,0.0,A1,Connecting Guard,0.658772,A4,Scoring Playmaker,0.211061,True,borderline_unstable,Below 150 minutes; scored out-of-sample relative to the 150+ minute core_v3 training population.
133758::2026::Temple,2026,133758,Cam Wallace,Temple,Amer,117.3798,Combo G,133758,pid_team,76,17.4,41.6,2.2,8.8,11.8,50.0,51.9,29.4,2.99999981,9.7,29.629629629629626,25.0,7.4074074074074066,50.0,9.48691,50.0,80.0,62.5,3.1,1.1,3.3,5.236471692744408,0.171722,0.0,0.050784,0.0,0.037964,0.0,0.248033,0.491496,A7,Traditional Big,0.491496,A6,Two-Way Forward,0.248033,True,borderline_unstable,Below 150 minutes; scored out-of-sample relative to the 150+ minute core_v3 training population.
77614::2026::Temple,2026,77614,Connor Gal,Temple,Amer,10.4,Wing G,77614,pid_team,76,26,60,0,0,0,0.0,0,0.0,0.00000000,0,60.0,100.0,0.0,0.0,16.3696,33.33333333333333,0.0,33.33333333333333,0,0,0,2.4181884615384615,0.0,0.0,0.651395,0.0,0.0,0.220622,0.0,0.127983,A2,Low-Production Player,0.651395,A5,Efficient Play Finisher,0.220622,True,very_unstable,Below 150 minutes; scored out-of-sample relative to the 150+ minute core_v3 training population.
75876::2026::Temple,2026,75876,Mohamed Keita,Temple,Amer,101.2,C,75876,pid_team,85,9.7,37.16,10.9,11,1.8,37.5,72.7,0.0,1.00000000,6.4,64.28571428571429,44.440000000000005,14.285714285714285,0.0,0,50.0,0.0,66.66666666666666,12.5,1.9,4.9,7.690948616600792,0.116145,0.733773,0.050267,0.0,0.0,0.0,0.0,0.099815,A1,Connecting Guard,0.733773,A0,Perimeter Spacer,0.116145,True,borderline_unstable,Below 150 minutes; scored out-of-sample relative to the 150+ minute core_v3 training population.
78072::2026::Temple,2026,78072,Spencer Mahoney,Temple,Amer,61.0152,C,78072,pid_team,81,11.1,8.37,2,6,2.7,100.0,18.2,0.0,1.00000000,18.4,0.0,0.0,27.27272727272727,0.0,8.18479,0.0,0.0,0.0,0,1,4,4.703326384245237,0.548831,0.0,0.441718,0.009451,0.0,0.0,0.0,0.0,A0,Perimeter Spacer,0.548831,A2,Low-Production Player,0.441718,True,unstable,Below 150 minutes; scored out-of-sample relative to the 150+ minute core_v3 training population.
134710::2026::Tennessee,2026,134710,Clarence Massamba,Tennessee,SEC,41.7996,Pure PG,134710,pid_team,77,11.4,25.16,2.7,5.3,14.2,50.0,28.6,14.299999999999999,1.99940002,24.9,0.0,0.0,0.0,0.0,9.91442,0.0,100.0,100.0,0,1.4,5.7,5.31973511708246,0.281265,0.606696,0.112039,0.0,0.0,0.0,0.0,0.0,A1,Connecting Guard,0.606696,A0,Perimeter Spacer,0.281265,True,very_unstable,Below 150 minutes; scored out-of-sample relative to the 150+ minute core_v3 training population.
127236::2026::Tennessee,2026,127236,Gavin Paull,Tennessee,SEC,1.6,Combo G,127236,pid_team,71,38.7,0,0,0,0,0.0,0,0.0,0.00000000,0,50.0,0.0,0.0,0.0,39.6577,0.0,0.0,0.0,0,0,0,3.43805,0.886145,0.0,0.113855,0.0,0.0,0.0,0.0,0.0,A0,Perimeter Spacer,0.886145,A2,Low-Production Player,0.113855,True,very_unstable,Below 150 minutes; scored out-of-sample relative to the 150+ minute core_v3 training population.
74772::2026::Tennessee,2026,74772,Grant Hurst,Tennessee,SEC,1.6,Combo G,74772,pid_team,74,20,0,0,0,0,0.0,50,0.0,0.00000000,0,0.0,0.0,0.0,0.0,79.3154,0.0,0.0,0.0,0,0,0,3.43805,1.0,0.0,0.0,0.0,0.0,0.0,0.0,0.0,A0,Perimeter Spacer,1.0,A1,Connecting Guard,0.0,True,very_unstable,Below 150 minutes; scored out-of-sample relative to the 150+ minute core_v3 training population.
134786::2026::Tennessee Martin,2026,134786,Ama Sow,Tennessee Martin,OVC,27.5332,C,134786,pid_team,81,6.1,0,6.7,0,0,0.0,0,0.0,0.20004801,59.2,0.0,0.0,0.0,0.0,0,0.0,0.0,0.0,0,3.6,4.8,3.5489372829892636,0.0,0.0,1.0,0.0,0.0,0.0,0.0,0.0,A2,Low-Production Player,1.0,A0,Perimeter Spacer,0.0,True,very_unstable,Below 150 minutes; scored out-of-sample relative to the 150+ minute core_v3 training population.
79067::2026::Tennessee Martin,2026,79067,Dragos Lungu,Tennessee Martin,OVC,128.0835,Combo G,79067,pid_team,78,28.8,61.31,5.9,16.3,28.3,55.60000000000001,65.9,30.0,0.80951432,29.6,58.139534883720934,72.0,13.953488372093023,50.0,4.47709,38.88888888888889,100.0,46.15384615384615,0.9,3.1,2.4,8.383812122560672,0.0,0.0,0.0,0.0,0.0,0.20416,0.444493,0.351348,A6,Two-Way Forward,0.444493,A7,Traditional Big,0.351348,True,borderline_unstable,Below 150 minutes; scored out-of-sample relative to the 150+ minute core_v3 training population.
134782::2026::Tennessee Martin,2026,134782,Ty Price,Tennessee Martin,OVC,85.167,Wing G,134782,pid_team,70,24.6,52.33,0,7.7,3.9,87.5,36.4,33.300000000000004,0.55559999,21.6,4.545454545454546,100.0,13.636363636363635,0.0,19.2038,0.0,83.33333333333334,71.42857142857143,0,1.1,7.7,3.6249768102668876,0.0,0.0,0.293377,0.290823,0.230111,0.185689,0.0,0.0,A2,Low-Production Player,0.293377,A3,Two-Way Guard,0.290823,True,unstable,Below 150 minutes; scored out-of-sample relative to the 150+ minute core_v3 training population.
133997::2026::Tennessee St.,2026,133997,Alex Garcia,Tennessee St.,OVC,19.53,Wing F,133997,pid_team,80,18.5,25,0,6.5,0,0.0,0,16.7,0.00000000,33.4,0.0,0.0,0.0,0.0,18.7454,0.0,100.0,100.0,0,0,4.4,4.022570404505888,0.434125,0.0,0.565875,0.0,0.0,0.0,0.0,0.0,A2,Low-Production Player,0.565875,A0,Perimeter Spacer,0.434125,True,very_unstable,Below 150 minutes; scored out-of-sample relative to the 150+ minute core_v3 training population.
135625::2026::Tennessee St.,2026,135625,Damon Howard Jr,Tennessee St.,OVC,131.571,Combo G,135625,pid_team,73,16.3,39.17,0.8,12.3,15.6,83.3,15.8,29.4,2.57155723,17.9,26.31578947368421,30.0,28.947368421052634,27.27,7.05027,33.33333333333333,40.0,27.27272727272727,0,1.7,2.4,6.258765229419857,0.246648,0.634437,0.118915,0.0,0.0,0.0,0.0,0.0,A1,Connecting Guard,0.634437,A0,Perimeter Spacer,0.246648,True,borderline_unstable,Below 150 minutes; scored out-of-sample relative to the 150+ minute core_v3 training population.
127291::2026::Tennessee St.,2026,127291,JC Brooks,Tennessee St.,OVC,121.432,PF/C,127291,pid_team,82,11.9,48.1,8.5,16.5,5.4,50.0,66.7,33.300000000000004,0.55562597,24.7,46.666666666666664,28.57,13.333333333333334,100.0,2.92897,0.0,100.0,50.0,1,0.5,6.9,5.744976612425061,0.461306,0.237443,0.265298,0.0,0.035952,0.0,0.0,0.0,A0,Perimeter Spacer,0.461306,A2,Low-Production Player,0.265298,True,borderline_unstable,Below 150 minutes; scored out-of-sample relative to the 150+ minute core_v3 training population.
135624::2026::Tennessee St.,2026,135624,Jayden Jones,Tennessee St.,OVC,7.3,PF/C,135624,pid_team,76,22.5,0,0,0,0,0.0,0,0.0,0.00000000,0,0.0,0.0,75.0,0.0,9.37271,0.0,0.0,0.0,0,0,6.3,3.118317808219178,0.279858,0.0,0.720142,0.0,0.0,0.0,0.0,0.0,A2,Low-Production Player,0.720142,A0,Perimeter Spacer,0.279858,True,very_unstable,Below 150 minutes; scored out-of-sample relative to the 150+ minute core_v3 training population.
135623::2026::Tennessee St.,2026,135623,Jean Yvens Lafleur,Tennessee St.,OVC,12.3,C,135623,pid_team,83,14.8,50,26.6,19.3,0,0.0,0,0.0,0.00000000,31.1,100.0,50.0,0.0,0.0,0,0.0,0.0,0.0,0,9.2,16.3,12.734991869918698,0.0,0.0,0.0,0.241059,0.0,0.0,0.0,0.758941,A7,Traditional Big,0.758941,A3,Two-Way Guard,0.241059,True,very_unstable,Below 150 minutes; scored out-of-sample relative to the 150+ minute core_v3 training population.
134327::2026::Tennessee Tech,2026,134327,Hagan Preston,Tennessee Tech,OVC,8.7999,PF/C,134327,pid_team,75,15.6,0,19.7,0,0,0.0,0,0.0,0.00000000,0,0.0,0.0,0.0,0.0,20.9808,0.0,0.0,0.0,0,0,6.7,2.601825020738872,0.485775,0.0,0.514225,0.0,0.0,0.0,0.0,0.0,A2,Low-Production Player,0.514225,A0,Perimeter Spacer,0.485775,True,very_unstable,Below 150 minutes; scored out-of-sample relative to the 150+ minute core_v3 training population.
133773::2026::Tennessee Tech,2026,133773,Owen Varnado,Tennessee Tech,OVC,95.76,Stretch 4,133773,pid_team,77,14.7,25.14,1.4,16,10.2,75.0,25,0.0,1.00000000,32.7,27.77777777777778,60.0,5.555555555555555,0.0,6.81196,0.0,0.0,0.0,2.4,0.7,4.7,5.909189640768588,0.0,0.0,0.268054,0.512343,0.199155,0.0,0.0,0.020448,A3,Two-Way Guard,0.512343,A2,Low-Production Player,0.268054,True,unstable,Below 150 minutes; scored out-of-sample relative to the 150+ minute core_v3 training population.
126600::2026::Texas,2026,126600,Anthon McDermott,Texas,SEC,16.9716,Combo G,126600,pid_team,76,16.5,75,7.9,15.4,11.7,0.0,0,50.0,1.00000000,23.1,0.0,0.0,0.0,0.0,15.0668,0.0,50.0,50.0,0,3.8,0,6.984468170355182,0.0,0.0,0.0,1.0,0.0,0.0,0.0,0.0,A3,Two-Way Guard,1.0,A0,Perimeter Spacer,0.0,True,very_unstable,Below 150 minutes; scored out-of-sample relative to the 150+ minute core_v3 training population.
77688::2026::Texas,2026,77688,Brandon Taylor,Texas,SEC,4.8,PF/C,77688,pid_team,70,20,30,25.1,24.5,0,0.0,0,25.0,0.00000000,21.7,20.0,0.0,0.0,0.0,55.2449,0.0,100.0,100.0,0,0,8.3,6.368733333333334,0.89676,0.0,0.10324,0.0,0.0,0.0,0.0,0.0,A0,Perimeter Spacer,0.89676,A2,Low-Production Player,0.10324,True,very_unstable,Below 150 minutes; scored out-of-sample relative to the 150+ minute core_v3 training population.
135500::2026::Texas,2026,135500,Declan Duru Jr.,Texas,SEC,76.45,Wing F,135500,pid_team,80,11.4,37.24,6.7,13,0,0.0,25,0.0,0.00000000,21.3,58.333333333333336,71.43,0.0,0.0,4.06212,60.0,0.0,60.0,1.4,4.1,3.3,7.59890124264225,0.0,0.0,0.415115,0.45352,0.0,0.0,0.0,0.131364,A3,Two-Way Guard,0.45352,A2,Low-Production Player,0.415115,True,unstable,Below 150 minutes; scored out-of-sample relative to the 150+ minute core_v3 training population.
127066::2026::Texas A&M,2026,127066,Chris McDermott,Texas A&M,SEC,43.2004,PF/C,127066,pid_team,79,13.5,60.61,12.6,17.6,12.2,0.0,50,0.0,3.00170052,9.5,75.0,100.0,0.0,0.0,2.56613,50.0,0.0,50.0,2.6,0,6.5,6.562920713697095,0.0,1.0,0.0,0.0,0.0,0.0,0.0,0.0,A1,Connecting Guard,1.0,A0,Perimeter Spacer,0.0,True,very_unstable,Below 150 minutes; scored out-of-sample relative to the 150+ minute core_v3 training population.
134740::2026::Texas A&M,2026,134740,Jeremiah Green,Texas A&M,SEC,33.3,Pure PG,134740,pid_team,75,13.6,50.72,0,3.3,17.7,100.0,80,33.300000000000004,2.00000000,24.4,40.0,0.0,0.0,0.0,4.97187,0.0,100.0,100.0,0,3.3,4.8,6.514318318318319,0.861118,0.138882,0.0,0.0,0.0,0.0,0.0,0.0,A0,Perimeter Spacer,0.861118,A1,Connecting Guard,0.138882,True,very_unstable,Below 150 minutes; scored out-of-sample relative to the 150+ minute core_v3 training population.
77758::2026::Texas A&M,2026,77758,Mackenzie Mgbako,Texas A&M,SEC,131.4999,Stretch 4,77758,pid_team,81,27.6,54.42,8.3,19.8,12.8,88.2,28.8,34.300000000000004,0.74998538,18.3,30.508474576271187,50.0,10.16949152542373,33.33,14.6539,55.55555555555556,100.0,73.91304347826086,0.9,1.7,4.3,7.781815803662208,0.0,0.0,0.0,0.369264,0.0,0.0,0.446868,0.183868,A6,Two-Way Forward,0.446868,A3,Two-Way Guard,0.369264,True,borderline_unstable,Below 150 minutes; scored out-of-sample relative to the 150+ minute core_v3 training population.
77255::2026::Texas A&M,2026,77255,Noah Shelby,Texas A&M,SEC,21.9996,Scoring PG,77255,pid_team,75,23.1,42.02,9.9,0,0,100.0,40,20.0,0.00000000,0,0.0,0.0,0.0,0.0,24.8594,0.0,100.0,100.0,0,2.5,3.6,5.433026055019181,1.0,0.0,0.0,0.0,0.0,0.0,0.0,0.0,A0,Perimeter Spacer,1.0,A1,Connecting Guard,0.0,True,very_unstable,Below 150 minutes; scored out-of-sample relative to the 150+ minute core_v3 training population.
133819::2026::Texas A&M Corpus Chris,2026,133819,Cedric Horton,Texas A&M Corpus Chris,Slnd,78.6465,Combo G,133819,pid_team,77,13.9,53.85,0,7.8,13.6,0.0,0,40.0,2.00000000,9.1,31.25,60.0,18.75,33.33,6.24313,66.66666666666666,100.0,87.5,7.5,3.8,7.6,5.063691327649673,0.0,0.0,0.043296,0.0,0.0,0.0,0.288443,0.668261,A7,Traditional Big,0.668261,A6,Two-Way Forward,0.288443,True,unstable,Below 150 minutes; scored out-of-sample relative to the 150+ minute core_v3 training population.
135209::2026::Texas A&M Corpus Chris,2026,135209,Jamal Ambrose,Texas A&M Corpus Chris,Slnd,65.1354,Wing F,135209,pid_team,82,11.1,40.13,2.4,2.5,3.9,0.0,14.3,0.0,0.16658889,33.2,71.42857142857143,40.0,28.57142857142857,50.0,0,50.0,0.0,66.66666666666666,2.4,3.7,7.4,5.191978555439899,0.0,0.0,0.719683,0.068962,0.0,0.0,0.0,0.211355,A2,Low-Production Player,0.719683,A7,Traditional Big,0.211355,True,unstable,Below 150 minutes; scored out-of-sample relative to the 150+ minute core_v3 training population.
127230::2026::Texas A&M Corpus Chris,2026,127230,Kayden Crosby,Texas A&M Corpus Chris,Slnd,12.3999,Scoring PG,127230,pid_team,79,13.7,75,0,0,0,0.0,0,50.0,1.00000000,0,0.0,0.0,0.0,0.0,20.4775,0.0,100.0,100.0,0,0,0,1.6620746941507594,0.799631,0.200369,0.0,0.0,0.0,0.0,0.0,0.0,A0,Perimeter Spacer,0.799631,A1,Connecting Guard,0.200369,True,very_unstable,Below 150 minutes; scored out-of-sample relative to the 150+ minute core_v3 training population.
134661::2026::Texas A&M Corpus Chris,2026,134661,Trenton Pane,Texas A&M Corpus Chris,Slnd,15.95,Wing G,134661,pid_team,70,44,66.67,0,31.5,0,0.0,0,0.0,1.00000000,34.7,33.33333333333333,100.0,33.33333333333333,100.0,17.0646,0.0,0.0,0.0,0,0,0,1.7078119122257054,0.0,0.0,0.229812,0.0,0.461871,0.0,0.025463,0.282854,A4,Scoring Playmaker,0.461871,A7,Traditional Big,0.282854,True,very_unstable,Below 150 minutes; scored out-of-sample relative to the 150+ minute core_v3 training population.
134870::2026::Texas Southern,2026,134870,Ahmed Nedal Abdelrahman,Texas Southern,SWAC,130.3918,Scoring PG,134870,pid_team,78,12.9,42.37,1.9,7.7,7.3,57.099999999999994,28,28.599999999999998,1.19994793,14.7,0.0,0.0,16.0,25.0,9.9992,0.0,83.33333333333334,71.42857142857143,0,2.4,3.4,5.705849600971842,0.417563,0.183428,0.0,0.399009,0.0,0.0,0.0,0.0,A0,Perimeter Spacer,0.417563,A3,Two-Way Guard,0.399009,True,borderline_unstable,Below 150 minutes; scored out-of-sample relative to the 150+ minute core_v3 training population.
127187::2026::Texas Southern,2026,127187,Cameron Patterson,Texas Southern,SWAC,114.3625,Wing G,127187,pid_team,77,20.1,57.92,4.2,10.3,13.7,83.3,16.7,50.0,0.80000000,17.8,31.57894736842105,83.33,52.63157894736842,35.0,2.04206,40.0,0.0,42.857142857142854,1.1,1.5,4,5.971258060990272,0.0,0.0,0.041299,0.0,0.0,0.24848,0.214887,0.495334,A7,Traditional Big,0.495334,A5,Efficient Play Finisher,0.24848,True,borderline_unstable,Below 150 minutes; scored out-of-sample relative to the 150+ minute core_v3 training population.
128197::2026::Texas Southern,2026,128197,Jordan Hamilton,Texas Southern,SWAC,14.4,PF/C,128197,pid_team,78,24.1,0,0,23.8,0,0.0,0,0.0,0.00000000,32.5,16.666666666666664,0.0,50.0,0.0,7.61844,0.0,0.0,0.0,0,0,2.8,6.552111111111111,0.029629,0.0,0.970371,0.0,0.0,0.0,0.0,0.0,A2,Low-Production Player,0.970371,A0,Perimeter Spacer,0.029629,True,very_unstable,Below 150 minutes; scored out-of-sample relative to the 150+ minute core_v3 training population.
74982::2026::Texas Southern,2026,74982,Kolby Granger,Texas Southern,SWAC,56.8,Wing G,74982,pid_team,77,15.3,45.45,4.1,10.1,2.9,100.0,50,20.0,0.14285714,45.4,25.0,50.0,12.5,0.0,4.95198,100.0,100.0,100.0,0,2,2.8,6.254112676056338,0.0,0.0,0.010093,0.089406,0.0,0.51319,0.278249,0.109062,A5,Efficient Play Finisher,0.51319,A6,Two-Way Forward,0.278249,True,unstable,Below 150 minutes; scored out-of-sample relative to the 150+ minute core_v3 training population.
76532::2026::Texas Southern,2026,76532,Oumar Koureissi,Texas Southern,SWAC,122.675,Wing F,76532,pid_team,83,18.1,33.06,0,13.6,3.3,66.7,31,0.0,0.25000000,25.8,48.38709677419355,53.33,22.58064516129032,0.0,3.61082,62.5,0.0,70.0,1.1,1.6,5.5,5.923260648053801,0.418695,0.0,0.581305,0.0,0.0,0.0,0.0,0.0,A2,Low-Production Player,0.581305,A0,Perimeter Spacer,0.418695,True,borderline_unstable,Below 150 minutes; scored out-of-sample relative to the 150+ minute core_v3 training population.
128313::2026::Texas St.,2026,128313,Cameron Simpson,Texas St.,SB,8.9,PF/C,128313,pid_team,79,9.6,0,21.9,0,0,0.0,0,0.0,0.00000000,0,0.0,0.0,0.0,0.0,9.82006,0.0,0.0,0.0,0,0,0,2.1292089887640446,0.424163,0.0,0.575837,0.0,0.0,0.0,0.0,0.0,A2,Low-Production Player,0.575837,A0,Perimeter Spacer,0.424163,True,very_unstable,Below 150 minutes; scored out-of-sample relative to the 150+ minute core_v3 training population.
134287::2026::Texas St.,2026,134287,Deke Thompson,Texas St.,SB,7.4666,PF/C,134287,pid_team,76,16.5,0,0,0,0,0.0,0,0.0,0.00000000,0,100.0,0.0,0.0,0.0,0,0.0,0.0,0.0,0,0,17.4,1.2483272172072966,0.01169,0.0,0.98831,0.0,0.0,0.0,0.0,0.0,A2,Low-Production Player,0.98831,A0,Perimeter Spacer,0.01169,True,very_unstable,Below 150 minutes; scored out-of-sample relative to the 150+ minute core_v3 training population.
76455::2026::Texas St.,2026,76455,Isaiah Barganier,Texas St.,SB,9.06,Combo G,76455,pid_team,79,28.7,0,0,36,0,0.0,0,0.0,0.00000000,61.1,100.0,0.0,0.0,0.0,0,0.0,0.0,0.0,0,17.5,11.8,7.285739514348786,0.0,0.0,0.0,1.0,0.0,0.0,0.0,0.0,A3,Two-Way Guard,1.0,A0,Perimeter Spacer,0.0,True,very_unstable,Below 150 minutes; scored out-of-sample relative to the 150+ minute core_v3 training population.
76352::2026::Texas St.,2026,76352,Jaelyn Lee,Texas St.,SB,123.8314,Wing G,76352,pid_team,78,19.6,56.23,8.1,7,9.3,75.0,12.9,28.599999999999998,0.77770745,23.1,40.625,69.23,12.5,50.0,7.9012,44.44444444444444,100.0,62.5,3.4,3.9,4.9,6.39223977117274,0.189161,0.0,0.0,0.0,0.0,0.810839,0.0,0.0,A5,Efficient Play Finisher,0.810839,A0,Perimeter Spacer,0.189161,True,borderline_unstable,Below 150 minutes; scored out-of-sample relative to the 150+ minute core_v3 training population.
135298::2026::Texas St.,2026,135298,Ky Pernell,Texas St.,SB,31.8,Wing G,135298,pid_team,75,17.1,45.23,0,15.4,0,100.0,22.2,25.0,0.00000000,21.9,0.0,0.0,55.55555555555556,40.0,7.55389,0.0,100.0,66.66666666666666,0,0,3.8,5.159886792452831,0.659375,0.0,0.108609,0.0,0.232016,0.0,0.0,0.0,A0,Perimeter Spacer,0.659375,A4,Scoring Playmaker,0.232016,True,very_unstable,Below 150 minutes; scored out-of-sample relative to the 150+ minute core_v3 training population.
79320::2026::Texas Tech,2026,79320,Jack Francis,Texas Tech,B12,17.2005,PF/C,79320,pid_team,75,9.6,0,13.5,12.8,0,0.0,100,0.0,0.00000000,0,0.0,0.0,0.0,0.0,6.64928,0.0,0.0,0.0,0,0,4.7,5.2697537862271435,0.338818,0.0,0.661182,0.0,0.0,0.0,0.0,0.0,A2,Low-Production Player,0.661182,A0,Perimeter Spacer,0.338818,True,very_unstable,Below 150 minutes; scored out-of-sample relative to the 150+ minute core_v3 training population.
127701::2026::Texas Tech,2026,127701,Jazz Henderson,Texas Tech,B12,49.5001,Wing G,127701,pid_team,71,17.7,42.47,4.7,8.9,12.9,50.0,16.7,50.0,1.00000000,26.9,8.333333333333332,100.0,58.333333333333336,14.29,4.80226,0.0,100.0,50.0,0,2.4,4,6.348665962290984,0.0,0.0,0.518577,0.0,0.0,0.481423,0.0,0.0,A2,Low-Production Player,0.518577,A5,Efficient Play Finisher,0.481423,True,very_unstable,Below 150 minutes; scored out-of-sample relative to the 150+ minute core_v3 training population.
134718::2026::Texas Tech,2026,134718,Marial Akuentok,Texas Tech,B12,91.5,PF/C,134718,pid_team,82,14.9,46.77,8.9,21.7,5.1,30.8,108.3,100.0,0.50000000,26,62.5,50.0,6.25,0.0,0.64508,100.0,100.0,100.0,3.4,0.6,8.7,7.604284153005465,0.013293,0.158351,0.764361,0.0,0.0,0.0,0.063995,0.0,A2,Low-Production Player,0.764361,A1,Connecting Guard,0.158351,True,unstable,Below 150 minutes; scored out-of-sample relative to the 150+ minute core_v3 training population.
135513::2026::Texas Tech,2026,135513,Nolan Groves,Texas Tech,B12,132.7008,Wing G,135513,pid_team,77,11.2,39.33,9.6,13.3,5.6,58.3,57.1,23.5,4.99770128,4,9.523809523809524,0.0,9.523809523809524,50.0,7.5747,0.0,100.0,100.0,0,2.7,5.1,7.16040898020208,0.398414,0.0,0.0,0.032388,0.0,0.0,0.24457,0.324628,A0,Perimeter Spacer,0.398414,A7,Traditional Big,0.324628,True,borderline_unstable,Below 150 minutes; scored out-of-sample relative to the 150+ minute core_v3 training population.
128442::2026::The Citadel,2026,128442,Aidan Alexander,The Citadel,SC,3.8,PF/C,128442,pid_team,76,39.6,0,75.3,0,0,0.0,0,0.0,0.00000000,0,0.0,0.0,0.0,0.0,50.232,0.0,0.0,0.0,0,0,0,1.270221052631579,0.947693,0.0,0.052307,0.0,0.0,0.0,0.0,0.0,A0,Perimeter Spacer,0.947693,A2,Low-Production Player,0.052307,True,very_unstable,Below 150 minutes; scored out-of-sample relative to the 150+ minute core_v3 training population.
135433::2026::The Citadel,2026,135433,Cassius Bonjasky,The Citadel,SC,96.3376,Wing F,135433,pid_team,79,17.7,55.19,6.6,10.4,2.5,66.7,40.9,20.0,0.24988123,12.2,59.09090909090909,61.53999999999999,18.181818181818183,50.0,3.588,62.5,0.0,63.63636363636363,0,0.7,5.1,4.416178106990418,0.520349,0.0,0.0,0.0,0.315626,0.164025,0.0,0.0,A0,Perimeter Spacer,0.520349,A4,Scoring Playmaker,0.315626,True,unstable,Below 150 minutes; scored out-of-sample relative to the 150+ minute core_v3 training population.
134722::2026::The Citadel,2026,134722,Chase Williams,The Citadel,SC,25.0446,C,134722,pid_team,80,7.5,33.33,8.5,14.4,13.7,0.0,0,0.0,4.00000000,0,0.0,0.0,100.0,33.33,0,0.0,0.0,0.0,0,0,0,4.933949833497042,0.0,0.0,0.594021,0.0,0.405979,0.0,0.0,0.0,A2,Low-Production Player,0.594021,A4,Scoring Playmaker,0.405979,True,very_unstable,Below 150 minutes; scored out-of-sample relative to the 150+ minute core_v3 training population.
134822::2026::The Citadel,2026,134822,Gabe Hernandez,The Citadel,SC,121.6,Combo G,134822,pid_team,71,17.8,40.57,0,3.2,11.8,77.8,31,0.0,1.71444085,20.4,30.0,44.440000000000005,46.666666666666664,42.86,3.1395,25.0,0.0,18.181818181818183,0,2.6,2.4,5.190526315789474,0.056291,0.158254,0.628189,0.0,0.157265,0.0,0.0,0.0,A2,Low-Production Player,0.628189,A1,Connecting Guard,0.158254,True,borderline_unstable,Below 150 minutes; scored out-of-sample relative to the 150+ minute core_v3 training population.
126869::2026::The Citadel,2026,126869,Jack Walter,The Citadel,SC,2.8,PF/C,126869,pid_team,74,49.5,0,94.1,0,0,0.0,0,0.0,0.00000000,0,0.0,0.0,0.0,0.0,50.232,0.0,0.0,0.0,0,0,0,1.3790928571428573,0.784958,0.0,0.0,0.0,0.0,0.0,0.0,0.215042,A0,Perimeter Spacer,0.784958,A7,Traditional Big,0.215042,True,very_unstable,Below 150 minutes; scored out-of-sample relative to the 150+ minute core_v3 training population.
133920::2026::The Citadel,2026,133920,Jameson Heck,The Citadel,SC,4.75,Scoring PG,133920,pid_team,67,14.9,0,0,0,0,0.0,0,0.0,0.50000000,0,0.0,0.0,0.0,0.0,25.116,0.0,0.0,0.0,0,0,13.8,2.3411284210526317,0.446939,0.0,0.553061,0.0,0.0,0.0,0.0,0.0,A2,Low-Production Player,0.553061,A0,Perimeter Spacer,0.446939,True,very_unstable,Below 150 minutes; scored out-of-sample relative to the 150+ minute core_v3 training population.
135432::2026::The Citadel,2026,135432,Logan Menefee,The Citadel,SC,16.643,C,135432,pid_team,82,20.1,20,9.4,10.6,0,0.0,0,0.0,0.00000000,0,57.14285714285714,25.0,14.285714285714285,0.0,0,0.0,0.0,0.0,0,0,13.3,3.5170101544192756,0.0,0.0,0.57047,0.0,0.0,0.0,0.0,0.42953,A2,Low-Production Player,0.57047,A7,Traditional Big,0.42953,True,very_unstable,Below 150 minutes; scored out-of-sample relative to the 150+ minute core_v3 training population.
79352::2026::The Citadel,2026,79352,Rowan Irelan,The Citadel,SC,5.08,Combo G,79352,pid_team,75,37.5,0,0,0,0,0.0,0,0.0,0.00000000,0,0.0,0.0,0.0,0.0,50.232,0.0,0.0,0.0,0,0,0,1.4569133858267715,1.0,0.0,0.0,0.0,0.0,0.0,0.0,0.0,A0,Perimeter Spacer,1.0,A1,Connecting Guard,0.0,True,very_unstable,Below 150 minutes; scored out-of-sample relative to the 150+ minute core_v3 training population.
128257::2026::Toledo,2026,128257,Chris Riddle,Toledo,MAC,38.9001,Wing G,128257,pid_team,77,20.7,65,3,14.8,22.2,0.0,0,20.0,1.00000000,35.8,50.0,100.0,0.0,0.0,7.4873,20.0,100.0,33.33333333333333,0,0,3.1,5.324366775406747,0.0,0.0,0.0,0.0,0.139302,0.53669,0.317209,0.006799,A5,Efficient Play Finisher,0.53669,A6,Two-Way Forward,0.317209,True,very_unstable,Below 150 minutes; scored out-of-sample relative to the 150+ minute core_v3 training population.
134959::2026::Toledo,2026,134959,London Praytor,Toledo,MAC,63.875,PF/C,134959,pid_team,84,26.1,48.14,2.6,7.5,7.2,100.0,30,26.700000000000003,1.00000000,14.4,10.0,100.0,15.0,0.0,18.7182,100.0,100.0,100.0,4.7,1.3,2.6,4.301476320939335,0.0,0.0,0.0,0.0,0.0,0.701048,0.102122,0.19683,A5,Efficient Play Finisher,0.701048,A7,Traditional Big,0.19683,True,unstable,Below 150 minutes; scored out-of-sample relative to the 150+ minute core_v3 training population.
134831::2026::Toledo,2026,134831,Phoenix Glassnor,Toledo,MAC,32.9165,Combo G,134831,pid_team,72,18.5,50,4.1,7.9,11.5,0.0,0,33.300000000000004,1.00000000,21.3,33.33333333333333,33.33,33.33333333333333,66.67,5.85962,100.0,100.0,50.0,0,2,6.8,5.3131772819102885,0.0,0.061711,0.226005,0.0,0.212139,0.19149,0.308656,0.0,A6,Two-Way Forward,0.308656,A2,Low-Production Player,0.226005,True,very_unstable,Below 150 minutes; scored out-of-sample relative to the 150+ minute core_v3 training population.
133911::2026::Toledo,2026,133911,Toby Nwokolo,Toledo,MAC,9.3332,PF/C,133911,pid_team,78,13.3,67.8,0,0,0,0.0,100,0.0,0.66680002,0,100.0,100.0,0.0,0.0,0,100.0,0.0,100.0,0,0,26.7,2.158222260318005,0.0,0.276424,0.0,0.0,0.0,0.0,0.0,0.723576,A7,Traditional Big,0.723576,A1,Connecting Guard,0.276424,True,very_unstable,Below 150 minutes; scored out-of-sample relative to the 150+ minute core_v3 training population.
126648::2026::Toledo,2026,126648,Tyler Ode,Toledo,MAC,38.5716,Scoring PG,126648,pid_team,77,8.6,25,6.9,3.3,4.1,0.0,0,20.0,1.71480007,0,0.0,0.0,16.666666666666664,0.0,8.31922,0.0,100.0,100.0,0,3.3,5.8,5.656794117952067,0.381223,0.0,0.618777,0.0,0.0,0.0,0.0,0.0,A2,Low-Production Player,0.618777,A0,Perimeter Spacer,0.381223,True,very_unstable,Below 150 minutes; scored out-of-sample relative to the 150+ minute core_v3 training population.
75461::2026::Towson,2026,75461,Abdou Samb,Towson,CAA,46.4574,PF/C,75461,pid_team,80,7.1,40,3.1,3.3,5.2,0.0,0,0.0,2.99930020,0,60.0,66.67,40.0,0.0,0,0.0,0.0,0.0,0,1.8,9.2,3.952136796290796,0.0,0.0,0.43513,0.0,0.0,0.0,0.0,0.56487,A7,Traditional Big,0.56487,A2,Low-Production Player,0.43513,True,very_unstable,Below 150 minutes; scored out-of-sample relative to the 150+ minute core_v3 training population.
79298::2026::Towson,2026,79298,Jaiden Cole,Towson,CAA,58.875,Scoring PG,79298,pid_team,76,23.5,35.77,0,10.5,11.8,80.0,38.5,9.1,4.33333333,8.1,0.0,0.0,15.384615384615385,100.0,20.5943,0.0,100.0,66.66666666666666,0,0,0,2.6040594479830146,0.768114,0.0,0.0,0.0,0.231886,0.0,0.0,0.0,A0,Perimeter Spacer,0.768114,A4,Scoring Playmaker,0.231886,True,unstable,Below 150 minutes; scored out-of-sample relative to the 150+ minute core_v3 training population.
127358::2026::Towson,2026,127358,Ryan Skerry,Towson,CAA,26.0181,PF/C,127358,pid_team,76,6.6,0,0,0,0,0.0,0,0.0,1.00000000,0,0.0,0.0,100.0,0.0,0,0.0,0.0,0.0,0,0,0,1.5076442937800996,0.12303,0.0,0.87697,0.0,0.0,0.0,0.0,0.0,A2,Low-Production Player,0.87697,A0,Perimeter Spacer,0.12303,True,very_unstable,Below 150 minutes; scored out-of-sample relative to the 150+ minute core_v3 training population.
77623::2026::Troy,2026,77623,Corbin Green,Troy,SB,52.1859,PF/C,77623,pid_team,77,27.5,41.28,18.7,21.2,10.3,42.9,70,0.0,0.80005597,29.2,46.15384615384615,66.67,15.384615384615385,0.0,3.21404,25.0,0.0,16.666666666666664,6,3.2,4.3,6.641748058383586,0.0,0.0,0.0,0.748479,0.251521,0.0,0.0,0.0,A3,Two-Way Guard,0.748479,A4,Scoring Playmaker,0.251521,True,unstable,Below 150 minutes; scored out-of-sample relative to the 150+ minute core_v3 training population.
134423::2026::Troy,2026,134423,Emmanuel Clarton,Troy,SB,41.2284,PF/C,134423,pid_team,77,23.7,33.9,18,17.6,17.9,0.0,100,0.0,0.55545188,52.4,50.0,100.0,0.0,0.0,2.99977,0.0,0.0,0.0,0,0,10.4,2.814884885176238,0.0,0.0,0.625171,0.0,0.0,0.0,0.0,0.374829,A2,Low-Production Player,0.625171,A7,Traditional Big,0.374829,True,very_unstable,Below 150 minutes; scored out-of-sample relative to the 150+ minute core_v3 training population.
126593::2026::Troy,2026,126593,Evan Griffin,Troy,SB,68.4541,C,126593,pid_team,81,22.4,36.52,16.4,13.7,7.6,37.5,57.1,0.0,1.99956665,16.1,93.33333333333333,35.709999999999994,0.0,0.0,0,80.0,0.0,83.33333333333334,0,2.4,8.1,5.090108554491258,0.0,0.953932,0.046068,0.0,0.0,0.0,0.0,0.0,A1,Connecting Guard,0.953932,A2,Low-Production Player,0.046068,True,unstable,Below 150 minutes; scored out-of-sample relative to the 150+ minute core_v3 training population.
135518::2026::Troy,2026,135518,Hikaru Awata,Troy,SB,6.1,PF/C,135518,pid_team,67,20,9.22,19,0,0,33.300000000000004,75,0.0,0.00000000,42,25.0,0.0,25.0,0.0,17.9986,0.0,0.0,0.0,0,0,13.1,3.809416393442623,0.0,0.0,1.0,0.0,0.0,0.0,0.0,0.0,A2,Low-Production Player,1.0,A0,Perimeter Spacer,0.0,True,very_unstable,Below 150 minutes; scored out-of-sample relative to the 150+ minute core_v3 training population.
135440::2026::Troy,2026,135440,Javen Colbert,Troy,SB,93.5901,Scoring PG,135440,pid_team,73,18,58.59,5.5,5.4,5.6,62.5,88.9,40.0,1.08328050,42.2,44.44444444444444,50.0,0.0,0.0,4.78686,100.0,50.0,75.0,0,2.8,5.1,4.110443305435083,0.0,0.0,0.556545,0.441178,0.0,0.0,0.0,0.002277,A2,Low-Production Player,0.556545,A3,Two-Way Guard,0.441178,True,unstable,Below 150 minutes; scored out-of-sample relative to the 150+ minute core_v3 training population.
72773::2026::Tulane,2026,72773,Davion Bradford,Tulane,Amer,42.727,C,72773,pid_team,84,7.8,8.4,0,10.5,0,50.0,40,0.0,0.00000000,17.6,0.0,0.0,60.0,0.0,2.75847,0.0,0.0,0.0,5.4,0,9.4,5.517007980902005,0.159845,0.0,0.840155,0.0,0.0,0.0,0.0,0.0,A2,Low-Production Player,0.840155,A0,Perimeter Spacer,0.159845,True,very_unstable,Below 150 minutes; scored out-of-sample relative to the 150+ minute core_v3 training population.
75926::2026::Tulane,2026,75926,Jake Shapiro,Tulane,Amer,5.4165,Combo G,75926,pid_team,73,7.7,150,0,0,0,0.0,0,100.0,0.00000000,0,0.0,0.0,0.0,0.0,34.1361,0.0,66.66666666666666,66.66666666666666,0,0,0,2.8209507984861073,0.254052,0.0,0.0,0.0,0.0,0.745948,0.0,0.0,A5,Efficient Play Finisher,0.745948,A0,Perimeter Spacer,0.254052,True,very_unstable,Below 150 minutes; scored out-of-sample relative to the 150+ minute core_v3 training population.
134440::2026::Tulane,2026,134440,Robert Moore,Tulane,Amer,10.72,Scoring PG,134440,pid_team,78,26.9,30,0,0,0,0.0,0,20.0,0.00000000,0,0.0,0.0,0.0,0.0,32.5106,0.0,100.0,100.0,0,0,4.8,2.4176492537313434,0.999847,0.0,0.000153,0.0,0.0,0.0,0.0,0.0,A0,Perimeter Spacer,0.999847,A2,Low-Production Player,0.000153,True,very_unstable,Below 150 minutes; scored out-of-sample relative to the 150+ minute core_v3 training population.
127805::2026::Tulsa,2026,127805,Cal Conroy,Tulsa,Amer,12.2855,Combo G,127805,pid_team,74,4.3,0,0,0,0,0.0,0,0.0,0.00000000,0,0.0,0.0,0.0,0.0,6.60398,0.0,0.0,0.0,0,0,0,2.6202270969842494,0.390062,0.0,0.609938,0.0,0.0,0.0,0.0,0.0,A2,Low-Production Player,0.609938,A0,Perimeter Spacer,0.390062,True,very_unstable,Below 150 minutes; scored out-of-sample relative to the 150+ minute core_v3 training population.
135092::2026::Tulsa,2026,135092,Leon Sifferlin,Tulsa,Amer,37.2,Combo G,135092,pid_team,77,20.2,54.55,0,13,7.7,0.0,0,44.4,4.99999993,11.4,0.0,0.0,18.181818181818183,0.0,20.9773,0.0,75.0,75.0,0,2.3,1.6,4.736311827956989,0.702033,0.0,0.297967,0.0,0.0,0.0,0.0,0.0,A0,Perimeter Spacer,0.702033,A2,Low-Production Player,0.297967,True,very_unstable,Below 150 minutes; scored out-of-sample relative to the 150+ minute core_v3 training population.
135315::2026::UAB,2026,135315,Ari Gooch,UAB,Amer,133.3648,Combo G,135315,pid_team,74,16.5,45.74,7.3,9.5,7.6,64.7,60.7,18.2,1.42836323,16.1,50.0,46.67,6.666666666666667,50.0,4.87207,42.857142857142854,100.0,54.54545454545454,0.8,4.9,4.4,8.213771549914219,0.36108,0.051113,0.0,0.0,0.0,0.467707,0.0,0.120101,A5,Efficient Play Finisher,0.467707,A0,Perimeter Spacer,0.36108,True,borderline_unstable,Below 150 minutes; scored out-of-sample relative to the 150+ minute core_v3 training population.
135360::2026::UAB,2026,135360,Joao Das Chagas,UAB,Amer,14.1,C,135360,pid_team,82,15.1,20,7.4,31.3,0,0.0,0,0.0,0.00000000,0,60.0,33.33,40.0,0.0,0,0.0,0.0,0.0,0,0,8.5,7.75585815602837,0.0,0.0,0.109981,0.01863,0.0,0.0,0.43954,0.431849,A6,Two-Way Forward,0.43954,A7,Traditional Big,0.431849,True,very_unstable,Below 150 minutes; scored out-of-sample relative to the 150+ minute core_v3 training population.
133680::2026::UAB,2026,133680,Lance Carr,UAB,Amer,14.9142,PF/C,133680,pid_team,79,5.3,52.63,8.3,17.5,0,50.0,0,0.0,0.00000000,0,0.0,0.0,0.0,0.0,0,0.0,0.0,0.0,17.2,0,6.3,7.615748749513886,0.802513,0.197487,0.0,0.0,0.0,0.0,0.0,0.0,A0,Perimeter Spacer,0.802513,A1,Connecting Guard,0.197487,True,very_unstable,Below 150 minutes; scored out-of-sample relative to the 150+ minute core_v3 training population.
134806::2026::UC Davis,2026,134806,Abdullah Amzil,UC Davis,BW,39.6382,Scoring PG,134806,pid_team,79,11.5,30,7.9,11.8,17,0.0,0,25.0,5.00000000,16.4,0.0,0.0,20.0,0.0,7.46612,0.0,100.0,100.0,0,1.9,2.7,5.016262090609563,0.20468,0.0,0.79532,0.0,0.0,0.0,0.0,0.0,A2,Low-Production Player,0.79532,A0,Perimeter Spacer,0.20468,True,very_unstable,Below 150 minutes; scored out-of-sample relative to the 150+ minute core_v3 training population.
134804::2026::UC Davis,2026,134804,Chase Rawlins,UC Davis,BW,95.2,Scoring PG,134804,pid_team,77,17.9,54.63,4.9,5,16.4,0.0,6.3,50.0,1.30001895,35,62.5,60.0,12.5,0.0,3.14363,83.33333333333334,50.0,75.0,1.6,1.6,2.2,4.392100840336135,0.0,0.0,0.464322,0.0,0.0,0.389795,0.131604,0.014279,A2,Low-Production Player,0.464322,A5,Efficient Play Finisher,0.389795,True,unstable,Below 150 minutes; scored out-of-sample relative to the 150+ minute core_v3 training population.
135062::2026::UC Davis,2026,135062,Cyril Franklin Jr.,UC Davis,BW,122.58,Wing G,135062,pid_team,77,13.4,46.13,1.1,6.6,15.2,33.300000000000004,17.6,0.0,1.29999995,34.8,55.55555555555556,70.0,16.666666666666664,33.33,2.08357,57.14285714285714,0.0,55.55555555555556,6.3,0.5,5.9,5.410801109479523,0.0,0.252157,0.663097,0.0,0.084746,0.0,0.0,0.0,A2,Low-Production Player,0.663097,A1,Connecting Guard,0.252157,True,borderline_unstable,Below 150 minutes; scored out-of-sample relative to the 150+ minute core_v3 training population.
134803::2026::UC Davis,2026,134803,Jonathan Noudjihidi,UC Davis,BW,12.0,C,134803,pid_team,83,16.8,0,9.4,9.4,12.8,0.0,100,0.0,0.33329999,53.3,100.0,0.0,0.0,0.0,0,0.0,0.0,0.0,0,0,16,5.691633333333333,0.0,0.0,0.857978,0.142022,0.0,0.0,0.0,0.0,A2,Low-Production Player,0.857978,A3,Two-Way Guard,0.142022,True,very_unstable,Below 150 minutes; scored out-of-sample relative to the 150+ minute core_v3 training population.
79166::2026::UC Irvine,2026,79166,Ben Egbo,UC Irvine,BW,91.0224,Wing G,79166,pid_team,76,6.1,37.97,3.6,12.6,2.4,50.0,66.7,0.0,1.33333339,43.9,100.0,33.33,0.0,0.0,0,100.0,0.0,100.0,0,0,4.4,4.059422735502469,0.0,0.0,0.714783,0.0,0.0,0.0,0.0,0.285217,A2,Low-Production Player,0.714783,A7,Traditional Big,0.285217,True,unstable,Below 150 minutes; scored out-of-sample relative to the 150+ minute core_v3 training population.
126698::2026::UC Irvine,2026,126698,Tishan Ahir,UC Irvine,BW,17.6724,Combo G,126698,pid_team,72,19.5,100,0,0,0,0.0,0,100.0,0.00000000,37.4,33.33333333333333,0.0,0.0,0.0,14.0591,0.0,100.0,100.0,0,0,5.2,1.6548425793893304,0.382368,0.0,0.0,0.0,0.0,0.617632,0.0,0.0,A5,Efficient Play Finisher,0.617632,A0,Perimeter Spacer,0.382368,True,very_unstable,Below 150 minutes; scored out-of-sample relative to the 150+ minute core_v3 training population.
78840::2026::UC Riverside,2026,78840,Daniel Tobiloba,UC Riverside,BW,17.85,C,78840,pid_team,84,8,0,12,18.5,0,0.0,0,0.0,0.00000000,0,100.0,0.0,0.0,0.0,0,0.0,0.0,0.0,5.3,0,6.4,7.3130308123249295,0.0,0.0,0.526419,0.0,0.0,0.0,0.0,0.473581,A2,Low-Production Player,0.526419,A7,Traditional Big,0.473581,True,very_unstable,Below 150 minutes; scored out-of-sample relative to the 150+ minute core_v3 training population.
79375::2026::UC Riverside,2026,79375,Denzel Hines,UC Riverside,BW,48.4165,Wing F,79375,pid_team,79,16,44.69,6.8,30.1,7.2,100.0,25,0.0,0.50000000,42.4,50.0,50.0,25.0,50.0,2.23002,50.0,0.0,33.33333333333333,0,3.4,0.8,9.738250389846437,0.0,0.0,0.1267,0.0,0.0,0.0,0.365803,0.507497,A7,Traditional Big,0.507497,A6,Two-Way Forward,0.365803,True,very_unstable,Below 150 minutes; scored out-of-sample relative to the 150+ minute core_v3 training population.
134053::2026::UC Riverside,2026,134053,EJ Spillman,UC Riverside,BW,35.7918,Wing G,134053,pid_team,76,15.1,16.67,0,6.2,4.7,0.0,0,0.0,3.00130051,10,25.0,33.33,50.0,16.669999999999998,4.53198,0.0,0.0,0.0,0,1.5,7.5,5.968026195944322,0.0,0.0,0.994922,0.0,0.0,0.0,0.0,0.005078,A2,Low-Production Player,0.994922,A7,Traditional Big,0.005078,True,very_unstable,Below 150 minutes; scored out-of-sample relative to the 150+ minute core_v3 training population.
77091::2026::UC San Diego,2026,77091,Cade Pendleton,UC San Diego,BW,134.0314,Wing F,77091,pid_team,82,15.4,35.87,4.4,13,11.6,66.7,7.7,21.9,11.00570302,2.8,12.82051282051282,40.0,5.128205128205128,50.0,13.9978,100.0,85.71428571428571,90.0,3.7,0.9,4,6.719858182485598,0.008269,0.625829,0.0,0.0,0.0,0.027345,0.322154,0.016404,A1,Connecting Guard,0.625829,A6,Two-Way Forward,0.322154,True,borderline_unstable,Below 150 minutes; scored out-of-sample relative to the 150+ minute core_v3 training population.
127964::2026::UC San Diego,2026,127964,Christopher Cox,UC San Diego,BW,5.2668,Wing F,127964,pid_team,80,20.9,75,0,29.6,0,0.0,0,100.0,0.00000000,0,50.0,0.0,0.0,0.0,14.8727,0.0,0.0,0.0,0,0,0,5.267714741398952,0.287026,0.0,0.0,0.0,0.051479,0.0,0.485137,0.176358,A6,Two-Way Forward,0.485137,A0,Perimeter Spacer,0.287026,True,very_unstable,Below 150 minutes; scored out-of-sample relative to the 150+ minute core_v3 training population.
127966::2026::UC San Diego,2026,127966,Ryder Elisaldez,UC San Diego,BW,35.76,Pure PG,127966,pid_team,75,6.4,150,0,3.9,11.5,0.0,0,100.0,2.49999996,65,0.0,0.0,0.0,0.0,2.12467,0.0,100.0,100.0,0,0,11.7,3.673568232662193,0.0,0.473299,0.0,0.0,0.0,0.526701,0.0,0.0,A5,Efficient Play Finisher,0.526701,A1,Connecting Guard,0.473299,True,very_unstable,Below 150 minutes; scored out-of-sample relative to the 150+ minute core_v3 training population.
134609::2026::UC Santa Barbara,2026,134609,Isaac Shingange,UC Santa Barbara,BW,10.3,Pure PG,134609,pid_team,77,16.6,25.64,0,0,24.2,50.0,200,0.0,2.00000000,0,0.0,0.0,0.0,0.0,9.7687,0.0,0.0,0.0,0,9.2,12.3,6.547922330097087,0.0,0.363239,0.0,0.636761,0.0,0.0,0.0,0.0,A3,Two-Way Guard,0.636761,A1,Connecting Guard,0.363239,True,very_unstable,Below 150 minutes; scored out-of-sample relative to the 150+ minute core_v3 training population.
78393::2026::UC Santa Barbara,2026,78393,Jason Fontenet II,UC Santa Barbara,BW,107.6,Wing F,78393,pid_team,78,18.3,43.37,6.8,15.8,8.1,46.7,62.5,28.599999999999998,0.72727272,20.6,45.83333333333333,45.45,25.0,33.33,3.75719,60.0,50.0,55.55555555555556,0,1.6,3.6,6.6235687732342,0.339298,0.168418,0.451362,0.0,0.040922,0.0,0.0,0.0,A2,Low-Production Player,0.451362,A0,Perimeter Spacer,0.339298,True,borderline_unstable,Below 150 minutes; scored out-of-sample relative to the 150+ minute core_v3 training population.
76351::2026::UC Santa Barbara,2026,76351,Koat Keat Tong,UC Santa Barbara,BW,94.9995,PF/C,76351,pid_team,82,18.9,64.72,13.2,25.1,9.9,69.19999999999999,76.5,100.0,0.62497657,26.6,77.77777777777779,64.29,11.11111111111111,0.0,0.626199,55.55555555555556,100.0,60.0,2.5,2.5,8,8.452718172200905,0.0,0.0,0.0,0.695288,0.0,0.0,0.304712,0.0,A3,Two-Way Guard,0.695288,A6,Two-Way Forward,0.304712,True,unstable,Below 150 minutes; scored out-of-sample relative to the 150+ minute core_v3 training population.
134125::2026::UC Santa Barbara,2026,134125,Luke Zuffelato,UC Santa Barbara,BW,59.6,Pure PG,134125,pid_team,77,15.6,25.64,9.7,0,12.2,50.0,200,0.0,0.60000002,14.8,0.0,0.0,0.0,0.0,6.97764,0.0,0.0,0.0,0,6.9,4.6,3.7285033557046976,0.577645,0.0,0.422355,0.0,0.0,0.0,0.0,0.0,A0,Perimeter Spacer,0.577645,A2,Low-Production Player,0.422355,True,unstable,Below 150 minutes; scored out-of-sample relative to the 150+ minute core_v3 training population.
127062::2026::UC Santa Barbara,2026,127062,Zachiah Clark,UC Santa Barbara,BW,131.5062,Wing G,127062,pid_team,74,19,57.22,2,13.1,9.5,85.7,19.4,41.199999999999996,0.79990997,22.6,36.11111111111111,69.23,16.666666666666664,0.0,8.14058,11.11111111111111,100.0,50.0,0,2.9,6.4,6.751864170662676,0.216923,0.0,0.0,0.0,0.0,0.783077,0.0,0.0,A5,Efficient Play Finisher,0.783077,A0,Perimeter Spacer,0.216923,True,borderline_unstable,Below 150 minutes; scored out-of-sample relative to the 150+ minute core_v3 training population.
76746::2026::UCF,2026,76746,Elijah Hulsewe,UCF,B12,79.9,C,76746,pid_team,84,11.8,65.22,13.8,20.2,3.8,75.0,80,0.0,0.66628899,18,80.0,62.5,20.0,50.0,0,40.0,0.0,50.0,1.4,2.8,9,8.684906132665832,0.0,0.0,0.0,0.492975,0.0,0.0,0.0,0.507025,A7,Traditional Big,0.507025,A3,Two-Way Guard,0.492975,True,unstable,Below 150 minutes; scored out-of-sample relative to the 150+ minute core_v3 training population.
78230::2026::UCF,2026,78230,Kris Parker,UCF,B12,131.1992,Wing F,78230,pid_team,81,18.2,59.24,5.1,8.8,6.1,58.8,70.8,28.599999999999998,0.33338222,35.7,50.0,84.61999999999999,15.384615384615385,0.0,3.01322,45.45454545454545,100.0,53.333333333333336,0.8,0.4,5.5,5.4893322520259265,0.0,0.0,0.54493,0.0,0.202905,0.252165,0.0,0.0,A2,Low-Production Player,0.54493,A5,Efficient Play Finisher,0.252165,True,borderline_unstable,Below 150 minutes; scored out-of-sample relative to the 150+ minute core_v3 training population.
77618::2026::UCF,2026,77618,Poohpha Warakulnukroh,UCF,B12,6.5,PF/C,77618,pid_team,71,35.4,33.33,0,35.5,0,0.0,0,0.0,0.00000000,49.3,0.0,0.0,100.0,33.33,0,0.0,0.0,0.0,0,0,0,7.892307692307692,0.0,0.0,0.648051,0.0,0.351949,0.0,0.0,0.0,A2,Low-Production Player,0.648051,A4,Scoring Playmaker,0.351949,True,very_unstable,Below 150 minutes; scored out-of-sample relative to the 150+ minute core_v3 training population.
134019::2026::UCF,2026,134019,Zachary Johnson,UCF,B12,14.0,Wing G,134019,pid_team,78,2.5,0,0,16.5,0,0.0,0,0.0,0.00000000,0,0.0,0.0,0.0,0.0,3.87414,0.0,0.0,0.0,0,0,0,5.7377142857142855,0.380442,0.0,0.619558,0.0,0.0,0.0,0.0,0.0,A2,Low-Production Player,0.619558,A0,Perimeter Spacer,0.380442,True,very_unstable,Below 150 minutes; scored out-of-sample relative to the 150+ minute core_v3 training population.
127032::2026::UCLA,2026,127032,Anthony Peoples Jr.,UCLA,B10,10.3002,C,127032,pid_team,81,14,50,36.3,23.5,0,0.0,0,0.0,0.00000000,0,0.0,0.0,100.0,50.0,0,0.0,0.0,0.0,0,0,3.9,6.520300576687831,0.224937,0.0,0.627832,0.0,0.147231,0.0,0.0,0.0,A2,Low-Production Player,0.627832,A0,Perimeter Spacer,0.224937,True,very_unstable,Below 150 minutes; scored out-of-sample relative to the 150+ minute core_v3 training population.
126585::2026::UCLA,2026,126585,Christian Horry,UCLA,B10,7.2,Pure PG,126585,pid_team,74,13.4,0,0,0,20.6,0.0,0,0.0,1.00000000,0,0.0,0.0,50.0,0.0,8.4043,0.0,0.0,0.0,0,0,0,3.331083333333333,0.312392,0.0,0.647606,0.0,0.040002,0.0,0.0,0.0,A2,Low-Production Player,0.647606,A0,Perimeter Spacer,0.312392,True,very_unstable,Below 150 minutes; scored out-of-sample relative to the 150+ minute core_v3 training population.
77487::2026::UCLA,2026,77487,Jack Seidler,UCLA,B10,8.4,PF/C,77487,pid_team,76,43.5,15.44,14.9,43.3,0,0.0,16.7,0.0,0.00000000,16.7,16.666666666666664,0.0,66.66666666666666,25.0,7.00358,0.0,0.0,0.0,0,0,4.8,9.128095238095238,0.0,0.0,0.0,0.31352,0.0,0.0,0.68648,0.0,A6,Two-Way Forward,0.68648,A3,Two-Way Guard,0.31352,True,very_unstable,Below 150 minutes; scored out-of-sample relative to the 150+ minute core_v3 training population.
77158::2026::UMBC,2026,77158,Devin Ceaser,UMBC,AE,22.8,Combo G,77158,pid_team,73,37.7,54.17,0,14.8,10,0.0,0,37.5,0.19997600,35,0.0,0.0,33.33333333333333,50.0,21.3915,0.0,100.0,60.0,0,0,1.8,5.83740350877193,0.464059,0.0,0.261047,0.0,0.274894,0.0,0.0,0.0,A0,Perimeter Spacer,0.464059,A4,Scoring Playmaker,0.274894,True,very_unstable,Below 150 minutes; scored out-of-sample relative to the 150+ minute core_v3 training population.
128398::2026::UMBC,2026,128398,Jake Stout,UMBC,AE,27.84,Stretch 4,128398,pid_team,77,16.5,35.71,5.5,4.9,15.3,0.0,0,20.0,2.00000000,0,14.285714285714285,100.0,14.285714285714285,0.0,13.3697,100.0,0.0,50.0,0,0,3.5,3.94617816091954,0.0,0.654446,0.0,0.0,0.0,0.345554,0.0,0.0,A1,Connecting Guard,0.654446,A5,Efficient Play Finisher,0.345554,True,very_unstable,Below 150 minutes; scored out-of-sample relative to the 150+ minute core_v3 training population.
135289::2026::UMBC,2026,135289,Paul Greene,UMBC,AE,149.6,Wing F,135289,pid_team,78,20,48.6,11,24,4.8,60.0,45.5,0.0,0.33333333,24.2,70.58823529411765,54.169999999999995,26.47058823529412,22.220000000000002,0,38.46153846153847,0.0,40.0,0,4.4,3.5,9.891417112299463,0.0,0.0,0.0,0.0,0.0,0.0,0.246971,0.753029,A7,Traditional Big,0.753029,A6,Two-Way Forward,0.246971,True,borderline_unstable,Below 150 minutes; scored out-of-sample relative to the 150+ minute core_v3 training population.
133767::2026::UMBC,2026,133767,Saahil Thakkar,UMBC,AE,7.2,Wing G,133767,pid_team,73,21.1,75,0,16.1,0,0.0,0,50.0,0.00000000,40.7,0.0,0.0,0.0,0.0,16.0437,0.0,0.0,0.0,0,0,17.1,6.508277777777778,0.0,0.0,0.295341,0.456245,0.0,0.0,0.0,0.248414,A3,Two-Way Guard,0.456245,A2,Low-Production Player,0.295341,True,very_unstable,Below 150 minutes; scored out-of-sample relative to the 150+ minute core_v3 training population.
128399::2026::UMBC,2026,128399,Tim Eze,UMBC,AE,74.2729,Wing G,128399,pid_team,79,17.9,50,6.6,9.8,3.5,0.0,0,0.0,0.39994002,11.7,50.0,72.72999999999999,13.636363636363635,33.33,4.1853,37.5,0.0,46.15384615384615,0,2.1,3.5,5.2138693924702,0.174355,0.321265,0.504381,0.0,0.0,0.0,0.0,0.0,A2,Low-Production Player,0.504381,A1,Connecting Guard,0.321265,True,unstable,Below 150 minutes; scored out-of-sample relative to the 150+ minute core_v3 training population.
134655::2026::UMKC,2026,134655,D'Andre Harrison,UMKC,Sum,60.0,Wing G,134655,pid_team,78,11.7,54.85,1.7,15.3,0,50.0,66.7,0.0,0.33340001,23.6,66.66666666666666,83.33,22.22222222222222,0.0,0.921973,60.0,0.0,60.0,0,2.8,6.6,7.621266666666667,0.0,0.0,0.184648,0.535263,0.0,0.0,0.0,0.280089,A3,Two-Way Guard,0.535263,A7,Traditional Big,0.280089,True,unstable,Below 150 minutes; scored out-of-sample relative to the 150+ minute core_v3 training population.
127332::2026::UMKC,2026,127332,Kernan Bundy,UMKC,Sum,79.3002,Scoring PG,127332,pid_team,75,19.9,37.08,3.9,5.9,15.8,77.8,45,23.1,1.00000000,24.9,33.33333333333333,14.29,0.0,0.0,9.24607,100.0,100.0,100.0,0,4.2,4,7.264092650459899,0.752475,0.0,0.152348,0.0,0.0,0.095178,0.0,0.0,A0,Perimeter Spacer,0.752475,A2,Low-Production Player,0.152348,True,unstable,Below 150 minutes; scored out-of-sample relative to the 150+ minute core_v3 training population.
127838::2026::UMass Lowell,2026,127838,Isaiah Walter,UMass Lowell,AE,94.538,Wing G,127838,pid_team,78,17.9,37.6,2.8,8.9,8.6,55.60000000000001,52.9,10.0,0.80005199,28.6,41.17647058823529,57.14,0.0,0.0,7.28552,25.0,100.0,40.0,2.6,1.5,3,5.182974042184096,0.0,0.0,0.313057,0.496116,0.0,0.0,0.0,0.190827,A3,Two-Way Guard,0.496116,A2,Low-Production Player,0.313057,True,unstable,Below 150 minutes; scored out-of-sample relative to the 150+ minute core_v3 training population.
77117::2026::UMass Lowell,2026,77117,Jerrell Roberson II,UMass Lowell,AE,68.7753,C,77117,pid_team,81,17.2,30.9,7.6,12,0,37.5,57.1,0.0,0.00000000,17.1,73.33333333333333,36.36,20.0,0.0,0,75.0,0.0,60.0,3.4,2,6.1,6.117952229943017,0.311429,0.0,0.688571,0.0,0.0,0.0,0.0,0.0,A2,Low-Production Player,0.688571,A0,Perimeter Spacer,0.311429,True,unstable,Below 150 minutes; scored out-of-sample relative to the 150+ minute core_v3 training population.
78269::2026::UMass Lowell,2026,78269,Keenan Bey,UMass Lowell,AE,29.1875,Pure PG,78269,pid_team,79,16.5,0,11.2,0,0,0.0,200,0.0,4.00000000,34.9,100.0,0.0,0.0,0.0,0,0.0,0.0,0.0,0,5.8,4,2.6713764453961457,0.0,0.666024,0.333976,0.0,0.0,0.0,0.0,0.0,A1,Connecting Guard,0.666024,A2,Low-Production Player,0.333976,True,very_unstable,Below 150 minutes; scored out-of-sample relative to the 150+ minute core_v3 training population.
126650::2026::UMass Lowell,2026,126650,Kris Johnson,UMass Lowell,AE,25.3332,Wing G,126650,pid_team,77,16.7,40.4,0,6.9,9.9,100.0,50,0.0,1.00000000,20.4,60.0,33.33,0.0,0.0,3.4346,100.0,0.0,100.0,0,0,4.7,3.0632687540460735,0.0,0.0,0.175061,0.0,0.0,0.0,0.0,0.824939,A7,Traditional Big,0.824939,A2,Low-Production Player,0.175061,True,very_unstable,Below 150 minutes; scored out-of-sample relative to the 150+ minute core_v3 training population.
78372::2026::UNC Asheville,2026,78372,Corey Jones,UNC Asheville,BSth,130.0005,PF/C,78372,pid_team,74,6.8,31.82,1.2,6.8,11.4,0.0,0,12.5,2.99940002,16.7,9.090909090909092,100.0,18.181818181818183,50.0,4.54019,100.0,100.0,66.66666666666666,2.2,0,6.1,3.9295541170995496,0.0,0.0,0.640139,0.0,0.0,0.0,0.0,0.359861,A2,Low-Production Player,0.640139,A7,Traditional Big,0.359861,True,borderline_unstable,Below 150 minutes; scored out-of-sample relative to the 150+ minute core_v3 training population.
126584::2026::UNC Asheville,2026,126584,David Hermes,UNC Asheville,BSth,80.9776,C,126584,pid_team,82,4,50,4.4,8.5,2,0.0,0,0.0,0.33333335,53.5,50.0,0.0,50.0,100.0,0,0.0,0.0,0.0,0,1.4,11.6,6.164914741854537,0.0,0.0,0.874805,0.0,0.0,0.0,0.0,0.125195,A2,Low-Production Player,0.874805,A7,Traditional Big,0.125195,True,unstable,Below 150 minutes; scored out-of-sample relative to the 150+ minute core_v3 training population.
78326::2026::UNC Asheville,2026,78326,Jakel Powell,UNC Asheville,BSth,86.8,Combo G,78326,pid_team,77,10.6,46.98,0,8.5,2.6,75.0,30.8,30.0,2.00000000,8,23.076923076923077,33.33,0.0,0.0,8.56096,0.0,66.66666666666666,50.0,0,2.6,2.3,5.048064516129033,0.420733,0.0,0.084495,0.205461,0.046639,0.0,0.0,0.242671,A0,Perimeter Spacer,0.420733,A7,Traditional Big,0.242671,True,unstable,Below 150 minutes; scored out-of-sample relative to the 150+ minute core_v3 training population.
78474::2026::UNC Asheville,2026,78474,Rasheed Baldwin,UNC Asheville,BSth,3.5333,Combo G,78474,pid_team,77,12.6,0,0,0,0,0.0,0,0.0,0.00000000,0,0.0,0.0,0.0,0.0,16.8365,0.0,0.0,0.0,0,0,0,3.1075651657091106,0.555179,0.0,0.444821,0.0,0.0,0.0,0.0,0.0,A0,Perimeter Spacer,0.555179,A2,Low-Production Player,0.444821,True,very_unstable,Below 150 minutes; scored out-of-sample relative to the 150+ minute core_v3 training population.
65925::2026::UNC Greensboro,2026,65925,Antwann Jones,UNC Greensboro,SC,68.9142,Wing F,65925,pid_team,78,19.2,38.35,7.8,18,6.2,50.0,12.5,33.300000000000004,0.50005835,25.7,31.25,40.0,31.25,20.0,5.8505,50.0,50.0,60.0,2.1,2,4.1,6.304303031886027,0.0,0.0,0.058898,0.257094,0.0,0.0,0.490977,0.193031,A6,Two-Way Forward,0.490977,A3,Two-Way Guard,0.257094,True,unstable,Below 150 minutes; scored out-of-sample relative to the 150+ minute core_v3 training population.
135120::2026::UNC Greensboro,2026,135120,Braylen Bowman,UNC Greensboro,SC,9.6,Pure PG,135120,pid_team,73,22.6,0,0,28.1,37.5,0.0,0,0.0,3.60000015,0,0.0,0.0,0.0,0.0,29.9025,0.0,0.0,0.0,0,0,0,2.886183333333333,0.659592,0.0,0.340408,0.0,0.0,0.0,0.0,0.0,A0,Perimeter Spacer,0.659592,A2,Low-Production Player,0.340408,True,very_unstable,Below 150 minutes; scored out-of-sample relative to the 150+ minute core_v3 training population.
133750::2026::UNC Greensboro,2026,133750,Chane Bynum,UNC Greensboro,SC,47.2329,PF/C,133750,pid_team,81,26.7,31.66,15.1,24.9,15,100.0,11.1,20.0,1.50037504,5.8,22.22222222222222,25.0,22.22222222222222,25.0,15.4668,0.0,100.0,50.0,0,1.5,5.3,6.0262147782583755,0.077504,0.0,0.0,0.467497,0.0,0.0,0.444064,0.010935,A3,Two-Way Guard,0.467497,A6,Two-Way Forward,0.444064,True,very_unstable,Below 150 minutes; scored out-of-sample relative to the 150+ minute core_v3 training population.
127773::2026::UNC Greensboro,2026,127773,Clyde Bailey II,UNC Greensboro,SC,81.0456,Combo G,127773,pid_team,73,12.9,59.13,1.7,6.8,10.3,80.0,41.7,37.5,1.24991876,19.5,33.33333333333333,50.0,0.0,0.0,6.77039,50.0,100.0,80.0,0,2.5,2.3,5.267306306573089,0.0,0.0,0.29527,0.70473,0.0,0.0,0.0,0.0,A3,Two-Way Guard,0.70473,A2,Low-Production Player,0.29527,True,unstable,Below 150 minutes; scored out-of-sample relative to the 150+ minute core_v3 training population.
77918::2026::UNC Wilmington,2026,77918,Grady Whitt,UNC Wilmington,CAA,23.85,Scoring PG,77918,pid_team,75,7.2,0,0,18,12.8,0.0,0,0.0,3.00000000,0,0.0,0.0,0.0,0.0,9.37917,0.0,0.0,0.0,0,0,0,3.157350104821803,0.239614,0.0,0.760386,0.0,0.0,0.0,0.0,0.0,A2,Low-Production Player,0.760386,A0,Perimeter Spacer,0.239614,True,very_unstable,Below 150 minutes; scored out-of-sample relative to the 150+ minute core_v3 training population.
126718::2026::UNC Wilmington,2026,126718,JoJo Fullwood,UNC Wilmington,CAA,18.375,PF/C,126718,pid_team,74,6.1,52.63,9.6,0,0,50.0,0,0.0,0.00000000,0,0.0,0.0,0.0,0.0,0,0.0,0.0,0.0,10.7,0,0,3.3499210884353743,0.377241,0.0,0.219907,0.0,0.0,0.0,0.0,0.402852,A7,Traditional Big,0.402852,A0,Perimeter Spacer,0.377241,True,very_unstable,Below 150 minutes; scored out-of-sample relative to the 150+ minute core_v3 training population.
127209::2026::UNC Wilmington,2026,127209,Makel Smith,UNC Wilmington,CAA,21.525,Combo G,127209,pid_team,72,26.2,53.1,0,7.2,0,0.0,12.5,37.5,0.00000000,14.9,0.0,0.0,0.0,0.0,31.2639,0.0,100.0,100.0,0,0,2.6,3.4493286875725904,0.934683,0.0,0.065317,0.0,0.0,0.0,0.0,0.0,A0,Perimeter Spacer,0.934683,A2,Low-Production Player,0.065317,True,very_unstable,Below 150 minutes; scored out-of-sample relative to the 150+ minute core_v3 training population.
133705::2026::UNLV,2026,133705,Jalen Cunningham,UNLV,MWC,16.6284,Scoring PG,133705,pid_team,74,9.7,50,0,8.3,11.7,0.0,0,33.300000000000004,1.71419997,0,0.0,0.0,0.0,0.0,12.2798,0.0,0.0,0.0,7.9,0,0,4.602318924250079,0.32602,0.67398,0.0,0.0,0.0,0.0,0.0,0.0,A1,Connecting Guard,0.67398,A0,Perimeter Spacer,0.32602,True,very_unstable,Below 150 minutes; scored out-of-sample relative to the 150+ minute core_v3 training population.
78949::2026::UNLV,2026,78949,Ladji Dembele,UNLV,MWC,100.3,Stretch 4,78949,pid_team,80,17.7,44.98,9.3,15,12,50.0,14.8,28.599999999999998,1.16666660,19,44.44444444444444,50.0,3.7037037037037033,0.0,7.85012,83.33333333333334,100.0,90.0,4.4,1.7,6,7.175034895314058,0.308701,0.545938,0.145361,0.0,0.0,0.0,0.0,0.0,A1,Connecting Guard,0.545938,A0,Perimeter Spacer,0.308701,True,borderline_unstable,Below 150 minutes; scored out-of-sample relative to the 150+ minute core_v3 training population.
77964::2026::USC,2026,77964,EJ Neal,USC,B10,14.0,PF/C,77964,pid_team,77,24.9,20,0,9,0,0.0,0,0.0,0.00000000,36.5,16.666666666666664,100.0,0.0,0.0,17.8397,100.0,0.0,100.0,0,0,12.9,4.422657142857143,0.0,0.0,0.734529,0.0,0.0,0.17372,0.0,0.091751,A2,Low-Production Player,0.734529,A5,Efficient Play Finisher,0.17372,True,very_unstable,Below 150 minutes; scored out-of-sample relative to the 150+ minute core_v3 training population.
79064::2026::USC Upstate,2026,79064,Chico Johnson,USC Upstate,BSth,58.38,Wing G,79064,pid_team,75,11.3,38.61,2.9,12.2,4.7,0.0,16.7,100.0,1.66666660,27.1,50.0,33.33,33.33333333333333,0.0,1.51463,100.0,100.0,100.0,0,1.5,5.4,4.0007947927372385,0.0,0.397825,0.602175,0.0,0.0,0.0,0.0,0.0,A2,Low-Production Player,0.602175,A1,Connecting Guard,0.397825,True,unstable,Below 150 minutes; scored out-of-sample relative to the 150+ minute core_v3 training population.
127667::2026::USC Upstate,2026,127667,Nic Book,USC Upstate,BSth,51.357,C,127667,pid_team,80,12.2,88.61,13.8,11.9,8.1,100.0,66.7,0.0,1.50017509,19.8,100.0,83.33,0.0,0.0,0,80.0,0.0,80.0,2.2,2.4,7.6,6.749607648421832,0.0,0.161009,0.0,0.0,0.0,0.296038,0.0,0.542953,A7,Traditional Big,0.542953,A5,Efficient Play Finisher,0.296038,True,unstable,Below 150 minutes; scored out-of-sample relative to the 150+ minute core_v3 training population.
135621::2026::UT Arlington,2026,135621,Alex Bossinakis,UT Arlington,WAC,6.75,PF/C,135621,pid_team,74,17.9,0,0,0,0,0.0,0,0.0,3.00000000,0,0.0,0.0,100.0,0.0,0,0.0,0.0,0.0,52,0,0,3.5932385185185183,0.0,0.0,0.629594,0.0,0.0,0.0,0.0,0.370406,A2,Low-Production Player,0.629594,A7,Traditional Big,0.370406,True,very_unstable,Below 150 minutes; scored out-of-sample relative to the 150+ minute core_v3 training population.
134382::2026::UT Rio Grande Valley,2026,134382,Demarris Winters,UT Rio Grande Valley,Slnd,138.0,Wing G,134382,pid_team,75,12.5,60.96,3.4,8.8,6.4,66.7,12.5,36.8,2.50000004,12.8,4.166666666666666,100.0,16.666666666666664,75.0,10.1429,0.0,100.0,72.72727272727273,0,0,3.9,3.9560289855072464,0.0,0.697876,0.0,0.0,0.0,0.302124,0.0,0.0,A1,Connecting Guard,0.697876,A5,Efficient Play Finisher,0.302124,True,borderline_unstable,Below 150 minutes; scored out-of-sample relative to the 150+ minute core_v3 training population.
135361::2026::UT Rio Grande Valley,2026,135361,Kye Dickson,UT Rio Grande Valley,Slnd,89.75,Wing G,135361,pid_team,79,21.3,61.04,2.7,13.1,2.3,54.50000000000001,36.7,45.5,0.33329999,18.4,43.75,64.29,15.625,40.0,7.14188,33.33333333333333,100.0,50.0,0,1.3,3.5,6.488512534818942,0.463022,0.0,0.0,0.0,0.0,0.536978,0.0,0.0,A5,Efficient Play Finisher,0.536978,A0,Perimeter Spacer,0.463022,True,unstable,Below 150 minutes; scored out-of-sample relative to the 150+ minute core_v3 training population.
77610::2026::UT Rio Grande Valley,2026,77610,Marshal Destremau,UT Rio Grande Valley,Slnd,147.1827,Stretch 4,77610,pid_team,81,21.6,50.48,10.7,15.3,7.1,68.8,47.1,38.5,0.58328541,21.5,34.285714285714285,33.33,25.71428571428571,44.440000000000005,6.06398,100.0,100.0,92.85714285714286,5.3,3.7,8.6,8.099919351934705,0.353902,0.213956,0.032611,0.39953,0.0,0.0,0.0,0.0,A3,Two-Way Guard,0.39953,A0,Perimeter Spacer,0.353902,True,borderline_unstable,Below 150 minutes; scored out-of-sample relative to the 150+ minute core_v3 training population.
135237::2026::UTEP,2026,135237,Bobby Montgomery Jr.,UTEP,CUSA,67.0306,Wing F,135237,pid_team,77,15.5,43.57,4.4,11.4,4,0.0,9.1,0.0,0.20000000,29.4,41.66666666666667,80.0,25.0,33.33,3.42203,50.0,0.0,50.0,0,0,4.5,3.7160819088595356,0.0,0.0,0.704954,0.0,0.0,0.091826,0.0,0.20322,A2,Low-Production Player,0.704954,A7,Traditional Big,0.20322,True,unstable,Below 150 minutes; scored out-of-sample relative to the 150+ minute core_v3 training population.
126631::2026::UTEP,2026,126631,C.J. Smith,UTEP,CUSA,66.3543,Wing G,126631,pid_team,79,14.7,19.23,8.8,7.3,0,0.0,0,16.7,0.16663611,31.2,23.076923076923077,33.33,30.76923076923077,0.0,5.54605,0.0,100.0,50.0,1.8,5.5,4.9,8.042523242653452,0.0,0.0,0.187564,0.812436,0.0,0.0,0.0,0.0,A3,Two-Way Guard,0.812436,A2,Low-Production Player,0.187564,True,unstable,Below 150 minutes; scored out-of-sample relative to the 150+ minute core_v3 training population.
77931::2026::UTEP,2026,77931,David Tubek,UTEP,CUSA,79.2747,PF/C,77931,pid_team,79,22,45.11,7.4,11.6,7,50.0,10.5,33.300000000000004,0.37498125,26.4,10.526315789473683,100.0,42.10526315789473,25.0,8.77284,0.0,100.0,42.857142857142854,0,0,5.7,3.774717532832039,0.0,0.0,0.0,0.0,0.270413,0.501749,0.227838,0.0,A5,Efficient Play Finisher,0.501749,A4,Scoring Playmaker,0.270413,True,unstable,Below 150 minutes; scored out-of-sample relative to the 150+ minute core_v3 training population.
126838::2026::UTEP,2026,126838,Jordan Hernandez,UTEP,CUSA,23.2855,PF/C,126838,pid_team,71,3.2,0,0,8.9,0,0.0,0,0.0,0.71450002,0,0.0,0.0,100.0,0.0,0,0.0,0.0,0.0,0,4.5,8.8,4.390595005475511,0.0,0.088868,0.711208,0.199925,0.0,0.0,0.0,0.0,A2,Low-Production Player,0.711208,A3,Two-Way Guard,0.199925,True,very_unstable,Below 150 minutes; scored out-of-sample relative to the 150+ minute core_v3 training population.
135185::2026::UTEP,2026,135185,Mouhamed Mbaye,UTEP,CUSA,146.6493,C,135185,pid_team,82,7.7,47.92,7.2,20.8,0,50.0,155.6,0.0,0.00000000,16.2,55.55555555555556,80.0,44.44444444444444,0.0,0,50.0,0.0,50.0,6.5,2.1,9.4,8.26524231619244,0.0,0.0,0.0,0.34934,0.0,0.0,0.0,0.65066,A7,Traditional Big,0.65066,A3,Two-Way Guard,0.34934,True,borderline_unstable,Below 150 minutes; scored out-of-sample relative to the 150+ minute core_v3 training population.
78801::2026::UTEP,2026,78801,Tyreese Watson,UTEP,CUSA,119.9285,Scoring PG,78801,pid_team,76,26.3,35.52,1.8,7.7,20,45.5,29.7,27.3,1.09523336,33.1,29.72972972972973,45.45,40.54054054054054,20.0,5.31288,0.0,100.0,27.27272727272727,0,5.8,3.8,8.401872782532925,0.228242,0.0,0.7199,0.051858,0.0,0.0,0.0,0.0,A2,Low-Production Player,0.7199,A0,Perimeter Spacer,0.228242,True,borderline_unstable,Below 150 minutes; scored out-of-sample relative to the 150+ minute core_v3 training population.
79258::2026::UTSA,2026,79258,Macaleab Rich,UTSA,Amer,136.8819,Wing F,79258,pid_team,79,25.1,57.66,6.6,9.4,5.2,70.0,43.5,25.0,0.41177610,25,53.06122448979592,65.38000000000001,24.489795918367346,41.67,3.33273,35.294117647058826,100.0,37.03703703703704,4.8,1.3,4.4,5.949654410115581,0.276891,0.0,0.108305,0.0,0.614804,0.0,0.0,0.0,A4,Scoring Playmaker,0.614804,A0,Perimeter Spacer,0.276891,True,borderline_unstable,Below 150 minutes; scored out-of-sample relative to the 150+ minute core_v3 training population.
74279::2026::UTSA,2026,74279,Mo Njie,UTSA,Amer,141.75,PF/C,74279,pid_team,83,12.2,47.67,7.7,13.3,1.3,46.7,88.2,100.0,0.10000000,29.2,52.63157894736842,50.0,26.31578947368421,0.0,0.79443,40.0,100.0,62.5,6.1,0,5.8,6.028557319223986,0.132986,0.0,0.867014,0.0,0.0,0.0,0.0,0.0,A2,Low-Production Player,0.867014,A0,Perimeter Spacer,0.132986,True,borderline_unstable,Below 150 minutes; scored out-of-sample relative to the 150+ minute core_v3 training population.
134411::2026::UTSA,2026,134411,Pierce Spencer,UTSA,Amer,37.05,Scoring PG,134411,pid_team,75,20,40.4,0,7.7,24.2,66.7,50,0.0,3.50000000,13.7,41.66666666666667,40.0,41.66666666666667,40.0,2.76977,50.0,0.0,25.0,2.7,1.4,3.8,6.152939271255061,0.0,0.0,0.0,0.0,0.535988,0.0,0.0,0.464012,A4,Scoring Playmaker,0.535988,A7,Traditional Big,0.464012,True,very_unstable,Below 150 minutes; scored out-of-sample relative to the 150+ minute core_v3 training population.
74333::2026::UTSA,2026,74333,Stanley Borden,UTSA,Amer,13.4666,PF/C,74333,pid_team,84,5.2,0,0,14.5,0,0.0,0,0.0,0.00000000,0,0.0,0.0,0.0,0.0,7.32011,0.0,0.0,0.0,0,0,5.4,2.9304382694963835,0.355195,0.0,0.644805,0.0,0.0,0.0,0.0,0.0,A2,Low-Production Player,0.644805,A0,Perimeter Spacer,0.355195,True,very_unstable,Below 150 minutes; scored out-of-sample relative to the 150+ minute core_v3 training population.
128057::2026::Utah,2026,128057,Elijah Moore,Utah,B12,5.4,Combo G,128057,pid_team,76,7.4,0,0,0,0,0.0,0,0.0,0.00000000,0,100.0,0.0,0.0,0.0,0,0.0,0.0,0.0,0,0,0,3.2453185185185185,0.218028,0.0,0.781972,0.0,0.0,0.0,0.0,0.0,A2,Low-Production Player,0.781972,A0,Perimeter Spacer,0.218028,True,very_unstable,Below 150 minutes; scored out-of-sample relative to the 150+ minute core_v3 training population.
126668::2026::Utah,2026,126668,Ibrahima Traore,Utah,B12,56.0997,C,126668,pid_team,81,9.4,66.67,4.2,8.3,0,0.0,0,0.0,0.00000000,22.2,44.44444444444444,50.0,55.55555555555556,80.0,0,50.0,0.0,33.33333333333333,0,2.1,4.3,5.779374934268811,0.0,0.0,0.640395,0.0,0.359605,0.0,0.0,0.0,A2,Low-Production Player,0.640395,A4,Scoring Playmaker,0.359605,True,unstable,Below 150 minutes; scored out-of-sample relative to the 150+ minute core_v3 training population.
127574::2026::Utah,2026,127574,Jahki Howard,Utah,B12,42.4002,PF/C,127574,pid_team,79,17.1,38.55,11.1,13.8,3.8,80.0,62.5,0.0,0.33340001,24.2,55.55555555555556,40.0,0.0,0.0,4.14391,50.0,0.0,66.66666666666666,2.3,0,5.7,5.442163008665054,0.697413,0.0,0.302587,0.0,0.0,0.0,0.0,0.0,A0,Perimeter Spacer,0.697413,A2,Low-Production Player,0.302587,True,very_unstable,Below 150 minutes; scored out-of-sample relative to the 150+ minute core_v3 training population.
77800::2026::Utah,2026,77800,Jerry Huang,Utah,B12,18.2,PF/C,77800,pid_team,74,5.4,0,0,0,0,0.0,0,0.0,0.00000000,59.3,100.0,0.0,0.0,0.0,0,0.0,0.0,0.0,0,0,0,3.2453186813186816,0.0,0.0,1.0,0.0,0.0,0.0,0.0,0.0,A2,Low-Production Player,1.0,A0,Perimeter Spacer,0.0,True,very_unstable,Below 150 minutes; scored out-of-sample relative to the 150+ minute core_v3 training population.
143677::2026::Utah,2026,143677,Lucas Langarita,Utah,B12,62.0,Combo G,143677,pid_team,77,17,59.09,1.9,9.4,8.4,0.0,0,42.9,0.33333336,50,0.0,0.0,36.36363636363637,50.0,6.64752,0.0,100.0,60.0,1.6,0.9,3.2,5.369103225806452,0.083576,0.0,0.771686,0.0,0.144738,0.0,0.0,0.0,A2,Low-Production Player,0.771686,A4,Scoring Playmaker,0.144738,True,unstable,Below 150 minutes; scored out-of-sample relative to the 150+ minute core_v3 training population.
126901::2026::Utah St.,2026,126901,Jordy Barnes,Utah St.,MWC,90.5408,Combo G,126901,pid_team,76,13.8,22.28,6,7.1,16.4,50.0,11.8,9.1,2.00028341,15.6,35.294117647058826,33.33,0.0,0.0,7.88012,0.0,100.0,33.33333333333333,0,2.9,5.9,5.819078249805613,0.0,0.443282,0.0,0.556718,0.0,0.0,0.0,0.0,A3,Two-Way Guard,0.556718,A1,Connecting Guard,0.443282,True,unstable,Below 150 minutes; scored out-of-sample relative to the 150+ minute core_v3 training population.
79424::2026::Utah St.,2026,79424,Luke Kearney,Utah St.,MWC,46.2913,Wing G,79424,pid_team,79,24.3,52.77,3.4,6.4,10.6,100.0,11.1,28.599999999999998,1.49970001,6.6,10.526315789473683,100.0,10.526315789473683,50.0,22.3729,50.0,100.0,75.0,0,3.2,4.4,5.142728763288133,0.0,0.0,0.0,0.366116,0.127717,0.506167,0.0,0.0,A5,Efficient Play Finisher,0.506167,A3,Two-Way Guard,0.366116,True,very_unstable,Below 150 minutes; scored out-of-sample relative to the 150+ minute core_v3 training population.
135257::2026::Utah Tech,2026,135257,Boston Harker,Utah Tech,WAC,40.0,Combo G,135257,pid_team,76,8.5,33.33,0,20,9.6,0.0,0,0.0,6.99790039,0,33.33333333333333,0.0,33.33333333333333,100.0,3.31668,0.0,0.0,0.0,0,0,2.3,2.59659,0.0,0.0,0.507305,0.0,0.492695,0.0,0.0,0.0,A2,Low-Production Player,0.507305,A4,Scoring Playmaker,0.492695,True,very_unstable,Below 150 minutes; scored out-of-sample relative to the 150+ minute core_v3 training population.
78633::2026::Utah Tech,2026,78633,Dallin Grant,Utah Tech,WAC,37.03,Stretch 4,78633,pid_team,80,25.6,58.33,9.7,9.1,0,0.0,0,50.0,1.00000000,18.2,33.33333333333333,50.0,33.33333333333333,50.0,9.2867,100.0,100.0,66.66666666666666,0,0,3.1,1.5693869835268701,0.0,0.0,0.0,0.0,0.0,0.632909,0.367091,0.0,A5,Efficient Play Finisher,0.632909,A6,Two-Way Forward,0.367091,True,very_unstable,Below 150 minutes; scored out-of-sample relative to the 150+ minute core_v3 training population.
135220::2026::Utah Valley,2026,135220,AJ Riggs,Utah Valley,WAC,27.4184,Combo G,135220,pid_team,75,10.4,80,0,6.2,9.7,0.0,0,50.0,2.00000000,0,20.0,100.0,0.0,0.0,12.1529,100.0,50.0,66.66666666666666,0,0,0,2.8456073293846473,0.0,0.320051,0.059401,0.0,0.0,0.620548,0.0,0.0,A5,Efficient Play Finisher,0.620548,A1,Connecting Guard,0.320051,True,very_unstable,Below 150 minutes; scored out-of-sample relative to the 150+ minute core_v3 training population.
128080::2026::Utah Valley,2026,128080,Joul Karram,Utah Valley,WAC,27.7332,C,128080,pid_team,83,12.1,100,18.1,23,9.7,0.0,0,0.0,1.49999993,22.9,40.0,100.0,40.0,100.0,0,50.0,0.0,80.0,10.6,0,7.8,5.989370141202601,0.0,0.085983,0.0,0.0,0.0,0.0,0.24204,0.671977,A7,Traditional Big,0.671977,A6,Two-Way Forward,0.24204,True,very_unstable,Below 150 minutes; scored out-of-sample relative to the 150+ minute core_v3 training population.
127306::2026::Utah Valley,2026,127306,Tyler Medaris,Utah Valley,WAC,66.0556,PF/C,127306,pid_team,79,18.7,53.89,19.7,27.1,11.9,50.0,109.1,0.0,2.00000000,10.8,72.72727272727273,62.5,18.181818181818183,50.0,1.01274,80.0,0.0,66.66666666666666,3.8,0,5.6,6.427736633987125,0.0,0.687337,0.0,0.0,0.0,0.0,0.0,0.312663,A1,Connecting Guard,0.687337,A7,Traditional Big,0.312663,True,unstable,Below 150 minutes; scored out-of-sample relative to the 150+ minute core_v3 training population.
127304::2026::Utah Valley,2026,127304,Tyler Weaver,Utah Valley,WAC,142.9722,Wing G,127304,pid_team,79,16.1,54.62,3.7,12.4,6.3,77.8,25,37.5,0.91669588,18.6,18.91891891891892,28.57,13.513513513513514,60.0,10.2221,0.0,100.0,78.57142857142857,1.6,2.6,4.8,6.608557467815421,0.0,0.0,0.0,0.662116,0.0,0.0,0.184388,0.153496,A3,Two-Way Guard,0.662116,A6,Two-Way Forward,0.184388,True,borderline_unstable,Below 150 minutes; scored out-of-sample relative to the 150+ minute core_v3 training population.
76641::2026::VCU,2026,76641,Christian Fermin,VCU,A10,51.5,C,76641,pid_team,82,8.6,26.09,13.4,8.6,8.7,30.0,1000,0.0,3.00000000,0,100.0,0.0,0.0,0.0,0,0.0,0.0,0.0,12.2,1.1,6.2,7.5834097087378645,0.0,0.0,0.0,0.302059,0.0,0.0,0.0,0.697941,A7,Traditional Big,0.697941,A3,Two-Way Guard,0.302059,True,unstable,Below 150 minutes; scored out-of-sample relative to the 150+ minute core_v3 training population.
133821::2026::VCU,2026,133821,Jordan Tillery,VCU,A10,81.3,Wing G,133821,pid_team,77,25.2,65.66,8.5,14.9,17.1,62.5,50,57.099999999999994,2.00000000,8.4,64.70588235294117,68.17999999999999,8.823529411764707,0.0,4.96612,13.333333333333334,75.0,28.57142857142857,2.6,2.8,5.4,7.979778597785978,0.0,0.0,0.0,0.0,0.0,0.0,0.499866,0.500134,A7,Traditional Big,0.500134,A6,Two-Way Forward,0.499866,True,unstable,Below 150 minutes; scored out-of-sample relative to the 150+ minute core_v3 training population.
77888::2026::VCU,2026,77888,Jordann Dumont,VCU,A10,24.3999,PF/C,77888,pid_team,80,17.1,40.2,0,4.5,0,100.0,22.2,0.0,0.00000000,0,22.22222222222222,100.0,11.11111111111111,100.0,14.022,0.0,0.0,0.0,0,2.4,3.3,5.780663035504244,0.0,0.0,0.0,0.0,0.245973,0.434345,0.0,0.319683,A5,Efficient Play Finisher,0.434345,A7,Traditional Big,0.319683,True,very_unstable,Below 150 minutes; scored out-of-sample relative to the 150+ minute core_v3 training population.
135182::2026::VMI,2026,135182,Alexander Daushvili,VMI,SC,85.7,Wing F,135182,pid_team,80,20,59.86,6.2,22.1,11.9,83.3,141.2,0.0,1.66666660,10.4,50.0,77.78,5.555555555555555,0.0,4.83128,42.857142857142854,0.0,50.0,1.5,1.4,4.2,7.055635939323221,0.0,0.50227,0.0,0.209395,0.288335,0.0,0.0,0.0,A1,Connecting Guard,0.50227,A4,Scoring Playmaker,0.288335,True,unstable,Below 150 minutes; scored out-of-sample relative to the 150+ minute core_v3 training population.
127323::2026::VMI,2026,127323,Mason Hagedorn,VMI,SC,55.1142,Wing F,127323,pid_team,81,13.9,40.91,4.9,5.5,4.7,0.0,0,50.0,1.00000000,10,27.27272727272727,0.0,18.181818181818183,0.0,8.28219,0.0,100.0,100.0,2.9,0,3.7,3.188441454289457,0.450913,0.219015,0.330072,0.0,0.0,0.0,0.0,0.0,A0,Perimeter Spacer,0.450913,A2,Low-Production Player,0.330072,True,unstable,Below 150 minutes; scored out-of-sample relative to the 150+ minute core_v3 training population.
135177::2026::VMI,2026,135177,Mason Lawson,VMI,SC,5.2,Pure PG,135177,pid_team,72,15.9,150,0,0,0,0.0,0,100.0,0.00000000,71.8,0.0,0.0,0.0,0.0,12.7684,0.0,100.0,100.0,0,11.4,7.7,10.87523076923077,0.0,0.0,0.0,0.474276,0.0,0.525724,0.0,0.0,A5,Efficient Play Finisher,0.525724,A3,Two-Way Guard,0.474276,True,very_unstable,Below 150 minutes; scored out-of-sample relative to the 150+ minute core_v3 training population.
133898::2026::Valparaiso,2026,133898,Camden Webster,Valparaiso,MVC,4.48,Pure PG,133898,pid_team,75,34.7,33.33,0,28.2,68.1,0.0,0,0.0,0.80000001,0,0.0,0.0,33.33333333333333,100.0,30.8966,0.0,0.0,0.0,0,0,9.5,6.730017857142857,0.543512,0.0,0.0,0.0,0.456488,0.0,0.0,0.0,A0,Perimeter Spacer,0.543512,A4,Scoring Playmaker,0.456488,True,very_unstable,Below 150 minutes; scored out-of-sample relative to the 150+ minute core_v3 training population.
133893::2026::Valparaiso,2026,133893,Kyonte Thomas,Valparaiso,MVC,90.038,Wing G,133893,pid_team,72,6.5,26.94,1.5,6.2,2.3,0.0,50,0.0,1.99865045,24.5,16.666666666666664,100.0,33.33333333333333,50.0,2.39715,0.0,0.0,0.0,1.5,0,2.1,3.834794198005287,0.0,0.356003,0.520864,0.0,0.123133,0.0,0.0,0.0,A2,Low-Production Player,0.520864,A1,Connecting Guard,0.356003,True,unstable,Below 150 minutes; scored out-of-sample relative to the 150+ minute core_v3 training population.
126856::2026::Valparaiso,2026,126856,Nick Lombardi,Valparaiso,MVC,4.48,Combo G,126856,pid_team,72,9.4,0,0,0,0,0.0,0,0.0,0.00000000,0,100.0,0.0,0.0,0.0,0,0.0,0.0,0.0,0,0,0,3.283991071428571,0.223442,0.0,0.776558,0.0,0.0,0.0,0.0,0.0,A2,Low-Production Player,0.776558,A0,Perimeter Spacer,0.223442,True,very_unstable,Below 150 minutes; scored out-of-sample relative to the 150+ minute core_v3 training population.
78852::2026::Vanderbilt,2026,78852,Coleson Messer,Vanderbilt,SEC,9.9001,Combo G,78852,pid_team,76,13.4,0,0,0,0,0.0,0,0.0,0.00000000,42.9,0.0,0.0,0.0,0.0,11.2055,0.0,0.0,0.0,0,0,4,3.401646448015677,0.0,0.0,1.0,0.0,0.0,0.0,0.0,0.0,A2,Low-Production Player,1.0,A0,Perimeter Spacer,0.0,True,very_unstable,Below 150 minutes; scored out-of-sample relative to the 150+ minute core_v3 training population.
134307::2026::Vanderbilt,2026,134307,Jayden Leverett,Vanderbilt,SEC,104.8996,PF/C,134307,pid_team,83,12,61.5,20.2,13.9,1.5,57.099999999999994,41.2,50.0,1.00000000,4.5,57.89473684210527,63.63999999999999,21.052631578947366,50.0,1.08942,14.285714285714285,100.0,33.33333333333333,3.2,1.6,8.4,7.03190479277328,0.098644,0.812173,0.0,0.0,0.089183,0.0,0.0,0.0,A1,Connecting Guard,0.812173,A0,Perimeter Spacer,0.098644,True,borderline_unstable,Below 150 minutes; scored out-of-sample relative to the 150+ minute core_v3 training population.
133724::2026::Vanderbilt,2026,133724,Jaylon Dean-Vines,Vanderbilt,SEC,24.9,Combo G,133724,pid_team,76,16,82.19,9.5,9,14.4,0.0,20,50.0,1.00000000,28.6,40.0,100.0,20.0,100.0,4.61401,0.0,100.0,25.0,0,4.6,3.2,7.814554216867469,0.0,0.0,0.0,0.0,0.0,0.781036,0.187882,0.031082,A5,Efficient Play Finisher,0.781036,A6,Two-Way Forward,0.187882,True,very_unstable,Below 150 minutes; scored out-of-sample relative to the 150+ minute core_v3 training population.
76415::2026::Vanderbilt,2026,76415,Mason Nicholson,Vanderbilt,SEC,21.9,C,76415,pid_team,82,6.3,50,0,25.6,0,0.0,0,0.0,0.00000000,41,33.33333333333333,100.0,33.33333333333333,0.0,0,100.0,0.0,100.0,5,2.6,7.3,9.55366210045662,0.0,0.0,0.95218,0.0,0.0,0.0,0.0,0.04782,A2,Low-Production Player,0.95218,A7,Traditional Big,0.04782,True,very_unstable,Below 150 minutes; scored out-of-sample relative to the 150+ minute core_v3 training population.
76511::2026::Vanderbilt,2026,76511,Miles Keeffe,Vanderbilt,SEC,19.8996,Wing G,76511,pid_team,77,23.5,31.25,5.9,11.3,8.1,0.0,0,33.300000000000004,0.49970005,24.3,25.0,50.0,37.5,0.0,8.40409,100.0,0.0,50.0,0,5.7,4,8.953385997708498,0.021606,0.0,0.978394,0.0,0.0,0.0,0.0,0.0,A2,Low-Production Player,0.978394,A0,Perimeter Spacer,0.021606,True,very_unstable,Below 150 minutes; scored out-of-sample relative to the 150+ minute core_v3 training population.
128320::2026::Vermont,2026,128320,Ben Wesson,Vermont,AE,13.2858,PF/C,128320,pid_team,76,16.6,0,0,13.3,0,0.0,0,0.0,1.00000000,41,0.0,0.0,50.0,0.0,6.85165,0.0,0.0,0.0,14,6.8,0,8.237637176534344,0.0,0.0,0.102629,0.897371,0.0,0.0,0.0,0.0,A3,Two-Way Guard,0.897371,A2,Low-Production Player,0.102629,True,very_unstable,Below 150 minutes; scored out-of-sample relative to the 150+ minute core_v3 training population.
127523::2026::Vermont,2026,127523,Drew Bessette,Vermont,AE,9.2,PF/C,127523,pid_team,80,18.8,0,18.8,36.8,23.9,0.0,0,0.0,0.80000001,0,0.0,0.0,0.0,0.0,19.1846,0.0,0.0,0.0,0,0,0,5.33308695652174,0.602461,0.0,0.396647,0.000892,0.0,0.0,0.0,0.0,A0,Perimeter Spacer,0.602461,A2,Low-Production Player,0.396647,True,very_unstable,Below 150 minutes; scored out-of-sample relative to the 150+ minute core_v3 training population.
127524::2026::Vermont,2026,127524,Sincere Clemons,Vermont,AE,10.25,PF/C,127524,pid_team,74,39.3,12.66,18,0,0,50.0,66.7,0.0,0.00000000,22.9,0.0,0.0,33.33333333333333,0.0,19.1846,0.0,0.0,0.0,0,0,0,2.700292682926829,0.490124,0.0,0.310144,0.0,0.199732,0.0,0.0,0.0,A0,Perimeter Spacer,0.490124,A2,Low-Production Player,0.310144,True,very_unstable,Below 150 minutes; scored out-of-sample relative to the 150+ minute core_v3 training population.
74839::2026::Vermont,2026,74839,Trey Woodyard,Vermont,AE,31.9,Scoring PG,74839,pid_team,78,11.3,42.86,3.9,0,5.5,0.0,0,40.0,1.00000000,0,28.57142857142857,0.0,0.0,0.0,9.59231,0.0,100.0,100.0,0,1.9,2.5,5.347260188087774,0.459729,0.540271,0.0,0.0,0.0,0.0,0.0,0.0,A1,Connecting Guard,0.540271,A0,Perimeter Spacer,0.459729,True,very_unstable,Below 150 minutes; scored out-of-sample relative to the 150+ minute core_v3 training population.
77051::2026::Villanova,2026,77051,Malcolm Flaggs,Villanova,BE,1.2,PF/C,77051,pid_team,78,32.7,0,0,101,0,0.0,0,0.0,0.00000000,0,0.0,0.0,100.0,0.0,0,0.0,0.0,0.0,0,0,0,15.450666666666669,0.0,0.0,0.0,0.487305,0.0,0.0,0.512695,0.0,A6,Two-Way Forward,0.512695,A3,Two-Way Guard,0.487305,True,very_unstable,Below 150 minutes; scored out-of-sample relative to the 150+ minute core_v3 training population.
76674::2026::Villanova,2026,76674,Tafara Gapare,Villanova,BE,147.3003,Stretch 4,76674,pid_team,81,13.3,40.34,5.4,15.6,4.3,81.8,40.7,21.4,0.66656668,18.4,27.586206896551722,25.0,17.24137931034483,40.0,5.71276,100.0,66.66666666666666,85.71428571428571,5.3,2,4.6,7.6139967128376504,0.719844,0.244594,0.035562,0.0,0.0,0.0,0.0,0.0,A0,Perimeter Spacer,0.719844,A1,Connecting Guard,0.244594,True,borderline_unstable,Below 150 minutes; scored out-of-sample relative to the 150+ minute core_v3 training population.
128192::2026::Villanova,2026,128192,Wade Chiddick,Villanova,BE,3.7,PF/C,128192,pid_team,76,28.1,78.95,0,0,0,75.0,0,0.0,0.00000000,0,0.0,0.0,0.0,0.0,0,0.0,0.0,0.0,0,0,0,3.442897297297297,0.626145,0.0,0.0,0.0,0.373855,0.0,0.0,0.0,A0,Perimeter Spacer,0.626145,A4,Scoring Playmaker,0.373855,True,very_unstable,Below 150 minutes; scored out-of-sample relative to the 150+ minute core_v3 training population.
78273::2026::Villanova,2026,78273,Zion Stanford,Villanova,BE,50.5,Wing G,78273,pid_team,78,21.1,54.62,6.7,4.8,13.8,75.0,40,0.0,0.57142859,39.4,40.0,100.0,30.0,33.33,3.54363,50.0,0.0,40.0,0,2.4,5.5,5.780578217821782,0.0,0.0,0.075933,0.147666,0.710586,0.065815,0.0,0.0,A4,Scoring Playmaker,0.710586,A3,Two-Way Guard,0.147666,True,unstable,Below 150 minutes; scored out-of-sample relative to the 150+ minute core_v3 training population.
77887::2026::Virginia,2026,77887,Carter Lang,Virginia,ACC,25.2,Stretch 4,77887,pid_team,81,17.6,31.45,18.5,8.5,19.6,0.0,28.6,33.300000000000004,3.00000001,0,42.857142857142854,33.33,14.285714285714285,0.0,7.26501,0.0,100.0,50.0,0,0,6.3,4.622253968253967,0.0,0.0,0.415855,0.0,0.0,0.0,0.118941,0.465204,A7,Traditional Big,0.465204,A2,Low-Production Player,0.415855,True,very_unstable,Below 150 minutes; scored out-of-sample relative to the 150+ minute core_v3 training population.
77882::2026::Virginia,2026,77882,Desmond Roberts,Virginia,ACC,17.9998,PF/C,77882,pid_team,76,8.2,0,6.5,23.9,0,0.0,0,0.0,0.00000000,40.8,50.0,0.0,0.0,0.0,3.4307,0.0,0.0,0.0,0,0,4.4,6.7685863176257515,0.0,0.0,1.0,0.0,0.0,0.0,0.0,0.0,A2,Low-Production Player,1.0,A0,Perimeter Spacer,0.0,True,very_unstable,Below 150 minutes; scored out-of-sample relative to the 150+ minute core_v3 training population.
79130::2026::Virginia,2026,79130,Elijah Gertrude,Virginia,ACC,108.5994,Wing G,79130,pid_team,76,16.6,44.72,3.2,10.9,17.8,33.300000000000004,9.7,14.299999999999999,2.75010607,13.4,44.11764705882353,66.67,5.88235294117647,50.0,7.78861,40.0,100.0,43.75,2,1.1,4.1,5.948651650009116,0.0,0.0,0.035762,0.0,0.0,0.0,0.372272,0.591965,A7,Traditional Big,0.591965,A6,Two-Way Forward,0.372272,True,borderline_unstable,Below 150 minutes; scored out-of-sample relative to the 150+ minute core_v3 training population.
128279::2026::Virginia,2026,128279,Martin Carrere,Virginia,ACC,65.4,Wing F,128279,pid_team,81,17.5,43.01,7.1,6.6,12.5,50.0,15.4,16.7,0.71428571,37,50.0,57.14,0.0,0.0,5.48912,50.0,100.0,66.66666666666666,3.4,0.9,3.7,5.403223241590214,0.0,0.0,0.353021,0.0,0.0,0.057529,0.260236,0.329215,A2,Low-Production Player,0.353021,A7,Traditional Big,0.329215,True,unstable,Below 150 minutes; scored out-of-sample relative to the 150+ minute core_v3 training population.
134491::2026::Virginia,2026,134491,Owen Odom,Virginia,ACC,13.6004,Wing G,134491,pid_team,73,16.3,50,0,15.8,0,0.0,0,0.0,0.00000000,27.3,50.0,100.0,0.0,0.0,9.14853,100.0,0.0,100.0,8.1,4.4,0,9.685568071527308,0.0,0.0,0.334551,0.49854,0.0,0.0,0.0,0.16691,A3,Two-Way Guard,0.49854,A2,Low-Production Player,0.334551,True,very_unstable,Below 150 minutes; scored out-of-sample relative to the 150+ minute core_v3 training population.
127711::2026::Virginia Tech,2026,127711,Izaiah Pasha,Virginia Tech,ACC,147.6,Combo G,127711,pid_team,76,19.6,38.98,1.6,10.3,14.2,53.800000000000004,32.5,14.299999999999999,1.09098345,22.4,50.0,38.1,28.57142857142857,41.67,2.80572,12.5,100.0,13.333333333333334,3,2.4,2.4,6.962005420054202,0.362022,0.0,0.637978,0.0,0.0,0.0,0.0,0.0,A2,Low-Production Player,0.637978,A0,Perimeter Spacer,0.362022,True,borderline_unstable,Below 150 minutes; scored out-of-sample relative to the 150+ minute core_v3 training population.
134448::2026::Virginia Tech,2026,134448,Sin'Cere Jones,Virginia Tech,ACC,73.2996,PF/C,134448,pid_team,79,9.9,26.07,8.1,15.9,0,33.300000000000004,25,0.0,0.00000000,8.1,35.714285714285715,60.0,0.0,0.0,5.61143,100.0,0.0,100.0,3.1,0.8,6.5,6.717526425792228,0.489856,0.126292,0.383852,0.0,0.0,0.0,0.0,0.0,A0,Perimeter Spacer,0.489856,A2,Low-Production Player,0.383852,True,unstable,Below 150 minutes; scored out-of-sample relative to the 150+ minute core_v3 training population.
134843::2026::Wagner,2026,134843,Elijah Brown,Wagner,NEC,112.575,Wing G,134843,pid_team,76,11.6,59.95,2.2,3.3,3.6,66.7,33.3,60.0,0.40000001,19.7,55.55555555555556,60.0,16.666666666666664,0.0,2.85879,83.33333333333334,66.66666666666666,77.77777777777779,0,1.1,7.1,4.652755940484122,0.0,0.0,0.739745,0.020953,0.0,0.0,0.0,0.239302,A2,Low-Production Player,0.739745,A7,Traditional Big,0.239302,True,borderline_unstable,Below 150 minutes; scored out-of-sample relative to the 150+ minute core_v3 training population.
134328::2026::Wagner,2026,134328,Huascar Cuevas,Wagner,NEC,68.8,Scoring PG,134328,pid_team,71,15.2,59.36,3.4,5.2,8.1,100.0,20,42.9,0.37500001,46.7,10.0,0.0,20.0,50.0,6.27027,0.0,66.66666666666666,75.0,0,2.7,3.5,5.947151162790699,0.013967,0.0,0.0,0.705556,0.280477,0.0,0.0,0.0,A3,Two-Way Guard,0.705556,A4,Scoring Playmaker,0.280477,True,unstable,Below 150 minutes; scored out-of-sample relative to the 150+ minute core_v3 training population.
134789::2026::Wagner,2026,134789,Sam Smith,Wagner,NEC,91.8858,PF/C,134789,pid_team,78,21.4,58.58,13.6,18,8.5,100.0,18.2,36.4,0.79994401,3.3,28.57142857142857,60.0,34.285714285714285,50.0,7.88262,83.33333333333334,100.0,94.44444444444444,2.6,0,6.5,5.818048055303432,0.538835,0.133498,0.0,0.0,0.0,0.327668,0.0,0.0,A0,Perimeter Spacer,0.538835,A5,Efficient Play Finisher,0.327668,True,unstable,Below 150 minutes; scored out-of-sample relative to the 150+ minute core_v3 training population.
135012::2026::Wake Forest,2026,135012,Jaylen Cross,Wake Forest,ACC,66.7004,Wing G,135012,pid_team,76,22.3,53.75,9,14,13.8,71.39999999999999,36.8,60.0,0.83336950,23.4,66.66666666666666,35.709999999999994,0.0,0.0,4.35733,40.0,100.0,66.66666666666666,0,1.7,6,6.481220502425772,0.592267,0.0,0.212007,0.0,0.0,0.195726,0.0,0.0,A0,Perimeter Spacer,0.592267,A2,Low-Production Player,0.212007,True,unstable,Below 150 minutes; scored out-of-sample relative to the 150+ minute core_v3 training population.
76148::2026::Wake Forest,2026,76148,Owen Kmety,Wake Forest,ACC,1.1,PF/C,76148,pid_team,78,20,100,0,0,0,0.0,0,0.0,0.00000000,0,50.0,100.0,0.0,0.0,0,0.0,0.0,0.0,0,0,0,3.256305454545454,0.0,0.0,0.0,0.0,0.494919,0.505081,0.0,0.0,A5,Efficient Play Finisher,0.505081,A4,Scoring Playmaker,0.494919,True,very_unstable,Below 150 minutes; scored out-of-sample relative to the 150+ minute core_v3 training population.
78074::2026::Wake Forest,2026,78074,Vincent Ricchiuti,Wake Forest,ACC,8.1,Pure PG,78074,pid_team,78,25.8,75,0,0,0,0.0,0,50.0,0.00000000,27.7,0.0,0.0,0.0,0.0,27.3059,0.0,100.0,100.0,0,7.1,4.9,8.346419753086419,0.798745,0.0,0.0,0.0,0.0,0.201255,0.0,0.0,A0,Perimeter Spacer,0.798745,A5,Efficient Play Finisher,0.201255,True,very_unstable,Below 150 minutes; scored out-of-sample relative to the 150+ minute core_v3 training population.
135113::2026::Washington,2026,135113,Brandon Roy Jr,Washington,B10,7.8,Wing G,135113,pid_team,74,25.4,50,0,14.7,0,0.0,0,25.0,0.00000000,0,0.0,0.0,20.0,100.0,29.5131,0.0,100.0,50.0,0,0,0,5.242153846153845,0.933162,0.0,0.0,0.0,0.066838,0.0,0.0,0.0,A0,Perimeter Spacer,0.933162,A4,Scoring Playmaker,0.066838,True,very_unstable,Below 150 minutes; scored out-of-sample relative to the 150+ minute core_v3 training population.
135110::2026::Washington,2026,135110,Jasir Rencher,Washington,B10,66.6,Wing F,135110,pid_team,77,14.6,66.02,7.1,17.2,2.5,84.6,108.3,20.0,1.00000000,6.1,50.0,71.43,0.0,0.0,4.42696,100.0,100.0,100.0,3.3,0,9,6.395855855855857,0.14259,0.403021,0.0,0.0,0.0,0.454389,0.0,0.0,A5,Efficient Play Finisher,0.454389,A1,Connecting Guard,0.403021,True,unstable,Below 150 minutes; scored out-of-sample relative to the 150+ minute core_v3 training population.
134395::2026::Washington St.,2026,134395,Dio Blakely,Washington St.,WCC,6.0,Combo G,134395,pid_team,72,40,51.28,0,19.7,0,100.0,200,0.0,0.00000000,24.3,0.0,0.0,0.0,0.0,18.8012,0.0,0.0,0.0,17.7,9.7,6.7,15.827266666666665,0.0,0.0,0.0,1.0,0.0,0.0,0.0,0.0,A3,Two-Way Guard,1.0,A0,Perimeter Spacer,0.0,True,very_unstable,Below 150 minutes; scored out-of-sample relative to the 150+ minute core_v3 training population.
127375::2026::Washington St.,2026,127375,Kase Wynott,Washington St.,WCC,37.92,Wing G,127375,pid_team,78,14.8,53.85,0,5.8,0,0.0,0,25.0,0.50000000,9.7,23.076923076923077,66.67,15.384615384615385,100.0,11.3947,100.0,100.0,100.0,0,2.9,3,6.812394514767933,0.0,0.0,0.444303,0.0,0.0,0.164113,0.113185,0.2784,A2,Low-Production Player,0.444303,A7,Traditional Big,0.2784,True,very_unstable,Below 150 minutes; scored out-of-sample relative to the 150+ minute core_v3 training population.
133857::2026::Weber St.,2026,133857,Bourgeois Tshilobo,Weber St.,BSky,23.7855,C,133857,pid_team,80,31.1,25,47.1,0,25.3,0.0,0,0.0,0.33341111,0,75.0,33.33,25.0,0.0,0,0.0,0.0,0.0,0,0,5.5,1.2029866935738158,0.061456,0.0,0.538336,0.0,0.400208,0.0,0.0,0.0,A2,Low-Production Player,0.538336,A4,Scoring Playmaker,0.400208,True,very_unstable,Below 150 minutes; scored out-of-sample relative to the 150+ minute core_v3 training population.
127139::2026::Weber St.,2026,127139,Brady Smith,Weber St.,BSky,19.2,PF/C,127139,pid_team,72,21.8,51.28,0,18.4,0,100.0,200,0.0,0.00000000,39.6,0.0,0.0,100.0,0.0,0,0.0,0.0,0.0,0,0,0,1.8950083333333332,0.0,0.0,0.306376,0.0,0.693624,0.0,0.0,0.0,A4,Scoring Playmaker,0.693624,A2,Low-Production Player,0.306376,True,very_unstable,Below 150 minutes; scored out-of-sample relative to the 150+ minute core_v3 training population.
128292::2026::Weber St.,2026,128292,David Hansen,Weber St.,BSky,128.064,Wing F,128292,pid_team,81,15.3,46.79,5.3,20.4,3,100.0,23.1,29.2,0.37500000,20.8,0.0,0.0,7.6923076923076925,0.0,12.805,0.0,71.42857142857143,71.42857142857143,0,1.1,6,5.571245627186407,0.495127,0.0,0.0,0.323087,0.0,0.0,0.0,0.181786,A0,Perimeter Spacer,0.495127,A3,Two-Way Guard,0.323087,True,borderline_unstable,Below 150 minutes; scored out-of-sample relative to the 150+ minute core_v3 training population.
128248::2026::West Georgia,2026,128248,Cameron Merritt,West Georgia,ASun,6.55,PF/C,128248,pid_team,71,5.6,100,0,0,0,0.0,0,0.0,1.00000000,0,0.0,0.0,100.0,100.0,0,0.0,0.0,0.0,0,0,0,3.3573190839694664,0.050114,0.109185,0.219777,0.0,0.620923,0.0,0.0,0.0,A4,Scoring Playmaker,0.620923,A2,Low-Production Player,0.219777,True,very_unstable,Below 150 minutes; scored out-of-sample relative to the 150+ minute core_v3 training population.
128366::2026::West Georgia,2026,128366,Eric Baldassarre,West Georgia,ASun,41.0,Wing G,128366,pid_team,76,10.8,56.25,6.6,7.2,0,0.0,0,37.5,0.00000000,0,0.0,0.0,0.0,0.0,13.9013,0.0,100.0,100.0,0,0,3.7,3.3834829268292683,0.809898,0.0,0.190102,0.0,0.0,0.0,0.0,0.0,A0,Perimeter Spacer,0.809898,A2,Low-Production Player,0.190102,True,very_unstable,Below 150 minutes; scored out-of-sample relative to the 150+ minute core_v3 training population.
135588::2026::West Georgia,2026,135588,Nate Jones,West Georgia,ASun,6.06,Scoring PG,135588,pid_team,74,6.9,0,0,0,0,0.0,0,0.0,0.00000000,0,0.0,0.0,0.0,0.0,9.3834,0.0,0.0,0.0,0,0,7.3,3.2645808580858087,0.332164,0.0,0.667836,0.0,0.0,0.0,0.0,0.0,A2,Low-Production Player,0.667836,A0,Perimeter Spacer,0.332164,True,very_unstable,Below 150 minutes; scored out-of-sample relative to the 150+ minute core_v3 training population.
127569::2026::West Virginia,2026,127569,Abraham Oyeadier,West Virginia,B12,2.4,C,127569,pid_team,81,24.5,0,0,99.6,0,0.0,0,0.0,0.00000000,0,0.0,0.0,0.0,0.0,0,0.0,0.0,0.0,0,0,0,15.472216666666666,0.100113,0.0,0.0,0.0,0.0,0.0,0.899887,0.0,A6,Two-Way Forward,0.899887,A0,Perimeter Spacer,0.100113,True,very_unstable,Below 150 minutes; scored out-of-sample relative to the 150+ minute core_v3 training population.
76226::2026::West Virginia,2026,76226,Jackson Fields,West Virginia,B12,127.8999,PF/C,76226,pid_team,80,16.3,59.54,11.2,17.8,16,70.0,35.7,25.0,3.33363329,8.9,54.54545454545454,61.11,6.0606060606060606,100.0,3.86512,81.81818181818183,100.0,78.94736842105263,2.8,1,4.4,6.88938771648766,0.0,0.0,0.0,0.0,0.0,0.0,0.550346,0.449654,A6,Two-Way Forward,0.550346,A7,Traditional Big,0.449654,True,borderline_unstable,Below 150 minutes; scored out-of-sample relative to the 150+ minute core_v3 training population.
134014::2026::West Virginia,2026,134014,Jayden Forsythe,West Virginia,B12,20.6,Combo G,134014,pid_team,77,14.9,42.86,0,11.6,0,0.0,0,28.599999999999998,0.00000000,0,0.0,0.0,0.0,0.0,21.7413,0.0,100.0,100.0,0,3,3.9,7.037378640776699,0.677608,0.0,0.0,0.322392,0.0,0.0,0.0,0.0,A0,Perimeter Spacer,0.677608,A3,Two-Way Guard,0.322392,True,very_unstable,Below 150 minutes; scored out-of-sample relative to the 150+ minute core_v3 training population.
128128::2026::West Virginia,2026,128128,Niyol Hauet,West Virginia,B12,10.2,Wing G,128128,pid_team,76,10.2,0,0,11.7,0,0.0,0,0.0,0.00000000,59.8,0.0,0.0,0.0,0.0,6.2118,0.0,0.0,0.0,0,0,3.9,5.110392156862746,0.0,0.0,1.0,0.0,0.0,0.0,0.0,0.0,A2,Low-Production Player,1.0,A0,Perimeter Spacer,0.0,True,very_unstable,Below 150 minutes; scored out-of-sample relative to the 150+ minute core_v3 training population.
74725::2026::Western Carolina,2026,74725,Chase McKey,Western Carolina,SC,25.875,Wing F,74725,pid_team,82,7.9,33.33,4.1,18.4,6,0.0,0,0.0,1.00000000,28.1,50.0,50.0,25.0,0.0,0,0.0,0.0,0.0,0,4.4,1.5,8.693874396135266,0.0,0.0,1.0,0.0,0.0,0.0,0.0,0.0,A2,Low-Production Player,1.0,A0,Perimeter Spacer,0.0,True,very_unstable,Below 150 minutes; scored out-of-sample relative to the 150+ minute core_v3 training population.
133630::2026::Western Carolina,2026,133630,Drew Hollifield,Western Carolina,SC,9.4,Wing G,133630,pid_team,71,45.2,67.8,0,22.4,0,50.0,100,50.0,0.00000000,47.6,0.0,0.0,0.0,0.0,19.8374,0.0,100.0,100.0,0,0,0,3.3558340425531914,0.578168,0.0,0.0,0.113343,0.308489,0.0,0.0,0.0,A0,Perimeter Spacer,0.578168,A4,Scoring Playmaker,0.308489,True,very_unstable,Below 150 minutes; scored out-of-sample relative to the 150+ minute core_v3 training population.
127422::2026::Western Carolina,2026,127422,Fischer Brown,Western Carolina,SC,76.32,Wing G,127422,pid_team,76,11.1,50,1.8,10.2,11.5,0.0,0,0.0,1.33333330,26.4,50.0,80.0,10.0,100.0,3.88968,75.0,0.0,60.0,0,2,2.7,4.769874213836479,0.0,0.581437,0.418563,0.0,0.0,0.0,0.0,0.0,A1,Connecting Guard,0.581437,A2,Low-Production Player,0.418563,True,unstable,Below 150 minutes; scored out-of-sample relative to the 150+ minute core_v3 training population.
126884::2026::Western Carolina,2026,126884,Max Williams,Western Carolina,SC,7.3332,PF/C,126884,pid_team,78,6.7,0,0,22.4,0,0.0,0,0.0,0.00000000,0,0.0,0.0,100.0,0.0,0,0.0,0.0,0.0,0,0,0,4.301647302678231,0.159672,0.0,0.840328,0.0,0.0,0.0,0.0,0.0,A2,Low-Production Player,0.840328,A0,Perimeter Spacer,0.159672,True,very_unstable,Below 150 minutes; scored out-of-sample relative to the 150+ minute core_v3 training population.
77356::2026::Western Carolina,2026,77356,Vernon Collins,Western Carolina,SC,25.04,PF/C,77356,pid_team,82,11,50,19.2,30.3,6,0.0,0,0.0,1.00000000,18.8,75.0,66.67,0.0,0.0,2.06639,100.0,0.0,100.0,0,4.2,10,10.933258785942492,0.0,0.315562,0.0,0.433242,0.0,0.0,0.0,0.251196,A3,Two-Way Guard,0.433242,A1,Connecting Guard,0.315562,True,very_unstable,Below 150 minutes; scored out-of-sample relative to the 150+ minute core_v3 training population.
127234::2026::Western Illinois,2026,127234,Ifiok Peter,Western Illinois,OVC,139.3308,PF/C,127234,pid_team,78,22,45.11,6.7,15,1.5,52.800000000000004,102.9,0.0,0.10004600,18.1,73.17073170731707,46.67,12.195121951219512,0.0,0,42.857142857142854,0.0,52.63157894736842,4.2,1.2,4,7.132981365211425,0.341206,0.0,0.206484,0.22234,0.189039,0.0,0.0,0.040931,A0,Perimeter Spacer,0.341206,A3,Two-Way Guard,0.22234,True,borderline_unstable,Below 150 minutes; scored out-of-sample relative to the 150+ minute core_v3 training population.
134336::2026::Western Illinois,2026,134336,Jake Edwards,Western Illinois,OVC,19.5543,PF/C,134336,pid_team,77,3.9,0,6.3,7,10.4,0.0,0,0.0,0.81809997,0,0.0,0.0,100.0,0.0,0,0.0,0.0,0.0,0,0,0,3.707419851388186,0.068274,0.0,0.869525,0.0,0.062201,0.0,0.0,0.0,A2,Low-Production Player,0.869525,A0,Perimeter Spacer,0.068274,True,very_unstable,Below 150 minutes; scored out-of-sample relative to the 150+ minute core_v3 training population.
73452::2026::Western Illinois,2026,73452,Nick Hittle,Western Illinois,OVC,89.3328,PF/C,73452,pid_team,82,17.6,52.85,8.5,16.4,2.3,68.8,94.1,100.0,0.16681668,18.5,70.58823529411765,33.33,23.52941176470588,50.0,0.653084,50.0,0.0,57.14285714285714,0,0,5.7,5.568794440563824,0.509459,0.0,0.115427,0.0,0.375114,0.0,0.0,0.0,A0,Perimeter Spacer,0.509459,A4,Scoring Playmaker,0.375114,True,unstable,Below 150 minutes; scored out-of-sample relative to the 150+ minute core_v3 training population.
77672::2026::Western Illinois,2026,77672,Steven Tipton,Western Illinois,OVC,52.8852,Wing G,77672,pid_team,74,17.9,38.46,0,16.2,7.9,0.0,0,40.0,0.33341111,36.9,23.076923076923077,33.33,38.46153846153847,20.0,5.5104,100.0,100.0,75.0,0,0,3.7,5.441008070310787,0.0,0.0,0.817746,0.0,0.0,0.0,0.182254,0.0,A2,Low-Production Player,0.817746,A6,Two-Way Forward,0.182254,True,unstable,Below 150 minutes; scored out-of-sample relative to the 150+ minute core_v3 training population.
76932::2026::Western Kentucky,2026,76932,Bryant Selebangue,Western Kentucky,CUSA,148.6224,C,76932,pid_team,80,19.5,57.72,14.9,27.2,8.7,47.599999999999994,50,0.0,0.87501411,11.5,86.66666666666667,61.53999999999999,6.666666666666667,33.33,0,50.0,0.0,53.84615384615385,4.1,1.9,2.7,9.208329296256823,0.0,0.223449,0.0,0.36384,0.0,0.0,0.036739,0.375972,A7,Traditional Big,0.375972,A3,Two-Way Guard,0.36384,True,borderline_unstable,Below 150 minutes; scored out-of-sample relative to the 150+ minute core_v3 training population.
127376::2026::Western Kentucky,2026,127376,Cade Stinnett,Western Kentucky,CUSA,90.65,Wing G,127376,pid_team,75,8.3,47.76,6.2,11.2,1.7,90.0,83.3,16.7,0.87500001,0,25.0,66.67,25.0,0.0,3.43774,50.0,100.0,66.66666666666666,1.2,0,3.3,5.82949806949807,0.0,0.0,0.0,0.0,0.0,0.0,0.255118,0.744882,A7,Traditional Big,0.744882,A6,Two-Way Forward,0.255118,True,unstable,Below 150 minutes; scored out-of-sample relative to the 150+ minute core_v3 training population.
78293::2026::Western Kentucky,2026,78293,Louie Semona,Western Kentucky,CUSA,59.5777,Wing F,78293,pid_team,80,12.2,56.18,2.3,12.5,11.7,100.0,57.1,50.0,2.00030008,20.9,14.285714285714285,0.0,28.57142857142857,0.0,5.15662,0.0,100.0,100.0,0,1.3,8.2,4.819749671437467,0.184897,0.397084,0.0,0.38751,0.0,0.0,0.0,0.030508,A1,Connecting Guard,0.397084,A3,Two-Way Guard,0.38751,True,unstable,Below 150 minutes; scored out-of-sample relative to the 150+ minute core_v3 training population.
127377::2026::Western Michigan,2026,127377,Junior Sileu,Western Michigan,MAC,49.4224,C,127377,pid_team,82,3.3,50,2.2,17.5,3.1,0.0,0,0.0,1.00000000,33.5,50.0,0.0,50.0,100.0,0,0.0,0.0,0.0,0,0,6.9,6.350237948784357,0.0,0.0,0.685021,0.0,0.0,0.0,0.0,0.314979,A2,Low-Production Player,0.685021,A7,Traditional Big,0.314979,True,very_unstable,Below 150 minutes; scored out-of-sample relative to the 150+ minute core_v3 training population.
133648::2026::Western Michigan,2026,133648,Nicholas Errica,Western Michigan,MAC,19.6668,Wing G,133648,pid_team,75,15.6,50,0,0,0,0.0,0,25.0,0.33340001,21.8,20.0,100.0,0.0,0.0,13.2242,100.0,100.0,100.0,0,0,2.4,3.329468952752863,0.0,0.0,0.995998,0.0,0.0,0.004002,0.0,0.0,A2,Low-Production Player,0.995998,A5,Efficient Play Finisher,0.004002,True,very_unstable,Below 150 minutes; scored out-of-sample relative to the 150+ minute core_v3 training population.
77055::2026::Wichita St.,2026,77055,Henry Thengvall,Wichita St.,Amer,24.818,Combo G,77055,pid_team,78,19.8,18.87,4.9,0,22.3,50.0,28.6,0.0,1.50000012,13.8,42.857142857142854,33.33,0.0,0.0,10.9741,0.0,0.0,0.0,0,2.7,3.7,4.895462970424692,0.0,0.011299,0.094356,0.737104,0.157241,0.0,0.0,0.0,A3,Two-Way Guard,0.737104,A4,Scoring Playmaker,0.157241,True,very_unstable,Below 150 minutes; scored out-of-sample relative to the 150+ minute core_v3 training population.
77147::2026::Wichita St.,2026,77147,Jaret Valencia,Wichita St.,Amer,131.818,Wing F,77147,pid_team,81,13.8,38.43,5.6,9,6.2,53.300000000000004,53.6,30.0,1.75027505,9.7,37.93103448275862,45.45,24.137931034482758,0.0,4.47314,20.0,66.66666666666666,44.44444444444444,3.9,0.4,4.5,6.012077258037597,0.19792,0.80208,0.0,0.0,0.0,0.0,0.0,0.0,A1,Connecting Guard,0.80208,A0,Perimeter Spacer,0.19792,True,borderline_unstable,Below 150 minutes; scored out-of-sample relative to the 150+ minute core_v3 training population.
134400::2026::Wichita St.,2026,134400,Noah Hill,Wichita St.,Amer,92.0172,PF/C,134400,pid_team,79,18.4,52.63,24.7,28.6,2.1,16.7,63.2,0.0,0.20009199,14.1,64.0,75.0,12.0,0.0,0,41.66666666666667,0.0,50.0,4.6,2,7.5,9.706228835478584,0.0,0.0,0.0,0.312763,0.0,0.0,0.0,0.687237,A7,Traditional Big,0.687237,A3,Two-Way Guard,0.312763,True,unstable,Below 150 minutes; scored out-of-sample relative to the 150+ minute core_v3 training population.
127081::2026::William & Mary,2026,127081,Colin Ndaw,William & Mary,CAA,17.1,Wing G,127081,pid_team,75,17.9,50,0,14.4,0,0.0,0,0.0,1.50000004,40.6,100.0,50.0,0.0,0.0,0,0.0,0.0,0.0,0,0,0,2.506409356725146,0.0,0.0,0.816869,0.0,0.183131,0.0,0.0,0.0,A2,Low-Production Player,0.816869,A4,Scoring Playmaker,0.183131,True,very_unstable,Below 150 minutes; scored out-of-sample relative to the 150+ minute core_v3 training population.
134068::2026::William & Mary,2026,134068,Kaleb Spencer,William & Mary,CAA,22.2668,C,134068,pid_team,80,20,33.33,94.4,28.1,61.8,0.0,0,0.0,1.74996250,12.3,83.33333333333334,40.0,0.0,0.0,7.5718,0.0,0.0,0.0,0,0,0,2.6155891282088133,0.0,0.558408,0.331561,0.0,0.0,0.0,0.0,0.11003,A1,Connecting Guard,0.558408,A2,Low-Production Player,0.331561,True,very_unstable,Below 150 minutes; scored out-of-sample relative to the 150+ minute core_v3 training population.
128010::2026::William & Mary,2026,128010,Kyle Frazier,William & Mary,CAA,79.8868,Combo G,128010,pid_team,74,14.3,33.8,0,9.4,10.8,70.0,76.9,9.1,3.50000002,0,15.384615384615385,50.0,0.0,0.0,10.4112,100.0,100.0,100.0,0,2.8,4.2,5.255286230015472,0.20695,0.0,0.0,0.0,0.0,0.233771,0.0,0.559279,A7,Traditional Big,0.559279,A5,Efficient Play Finisher,0.233771,True,unstable,Below 150 minutes; scored out-of-sample relative to the 150+ minute core_v3 training population.
126830::2026::Winthrop,2026,126830,Braylhan Thomas,Winthrop,BSth,29.4856,Wing G,126830,pid_team,78,22.8,43.17,4,8.7,7.9,75.0,33.3,25.0,2.00000000,0,58.333333333333336,42.86,8.333333333333332,0.0,8.4858,33.33333333333333,100.0,50.0,4.6,0,1.6,4.9876142930786544,0.155718,0.0,0.0,0.0,0.008479,0.0,0.346536,0.489267,A7,Traditional Big,0.489267,A6,Two-Way Forward,0.346536,True,very_unstable,Below 150 minutes; scored out-of-sample relative to the 150+ minute core_v3 training population.
78237::2026::Winthrop,2026,78237,Cam Christy,Winthrop,BSth,12.1875,PF/C,78237,pid_team,76,26.1,33.33,14.3,0,0,0.0,0,0.0,1.00000000,29.9,100.0,33.33,0.0,0.0,0,0.0,0.0,0.0,0,0,0,2.2929526153846154,0.0,0.0,0.911344,0.0,0.088656,0.0,0.0,0.0,A2,Low-Production Player,0.911344,A4,Scoring Playmaker,0.088656,True,very_unstable,Below 150 minutes; scored out-of-sample relative to the 150+ minute core_v3 training population.
78917::2026::Winthrop,2026,78917,Henry Harrison,Winthrop,BSth,9.5,Scoring PG,78917,pid_team,71,21.8,0,0,0,0,0.0,0,0.0,0.33333333,75.9,0.0,0.0,0.0,0.0,8.91009,0.0,0.0,0.0,0,0,6,2.9187957894736845,0.0,0.0,1.0,0.0,0.0,0.0,0.0,0.0,A2,Low-Production Player,1.0,A0,Perimeter Spacer,0.0,True,very_unstable,Below 150 minutes; scored out-of-sample relative to the 150+ minute core_v3 training population.
78109::2026::Winthrop,2026,78109,Tai Hamilton,Winthrop,BSth,138.6864,C,78109,pid_team,82,17.5,47.38,14.3,19.4,8.7,44.4,85.7,0.0,0.49992499,23.8,58.333333333333336,64.29,29.166666666666668,14.29,0,66.66666666666666,0.0,66.66666666666666,7.9,0.5,10.6,7.072531985832786,0.0,0.0,0.1488,0.0,0.0,0.0,0.0,0.8512,A7,Traditional Big,0.8512,A2,Low-Production Player,0.1488,True,borderline_unstable,Below 150 minutes; scored out-of-sample relative to the 150+ minute core_v3 training population.
76430::2026::Wisconsin,2026,76430,Isaac Gard,Wisconsin,B10,15.6996,Wing G,76430,pid_team,75,29.8,69.18,0,22,12.8,100.0,28.6,50.0,0.49965010,24.9,0.0,0.0,14.285714285714285,0.0,22.3709,0.0,100.0,100.0,0,0,2.5,6.306275319116411,0.656729,0.0,0.0,0.126154,0.10494,0.0,0.112177,0.0,A0,Perimeter Spacer,0.656729,A3,Two-Way Guard,0.126154,True,very_unstable,Below 150 minutes; scored out-of-sample relative to the 150+ minute core_v3 training population.
126823::2026::Wisconsin,2026,126823,Jack Robison,Wisconsin,B10,30.9995,Wing G,126823,pid_team,77,20.4,90.19,3.7,26,6.5,66.7,37.5,75.0,0.24989375,36.8,37.5,100.0,12.5,0.0,7.45697,100.0,100.0,100.0,3.6,3.7,2.6,9.949037887707867,0.0,0.0,0.0,0.584338,0.0,0.0,0.415662,0.0,A3,Two-Way Guard,0.584338,A6,Two-Way Forward,0.415662,True,very_unstable,Below 150 minutes; scored out-of-sample relative to the 150+ minute core_v3 training population.
127799::2026::Wisconsin,2026,127799,Riccardo Greppi,Wisconsin,B10,18.2,C,127799,pid_team,82,28.2,0,25.3,6.3,16,0.0,33.3,0.0,1.00000000,22.7,57.14285714285714,0.0,0.0,0.0,6.30974,0.0,0.0,0.0,0,0,0,4.436131868131868,0.151727,0.0,0.848273,0.0,0.0,0.0,0.0,0.0,A2,Low-Production Player,0.848273,A0,Perimeter Spacer,0.151727,True,very_unstable,Below 150 minutes; scored out-of-sample relative to the 150+ minute core_v3 training population.
135258::2026::Wisconsin,2026,135258,Zach Kinziger,Wisconsin,B10,78.5008,Scoring PG,135258,pid_team,75,16.6,40.46,0,5.9,19.5,50.0,8,25.0,9.00000000,4.5,16.0,75.0,20.0,20.0,11.9312,33.33333333333333,100.0,62.5,0,3.7,6.1,7.125838208018263,0.0,0.0,0.0,0.600317,0.280458,0.119226,0.0,0.0,A3,Two-Way Guard,0.600317,A4,Scoring Playmaker,0.280458,True,unstable,Below 150 minutes; scored out-of-sample relative to the 150+ minute core_v3 training population.
78336::2026::Wofford,2026,78336,Callum Richard,Wofford,SC,43.5426,C,78336,pid_team,82,18.5,60,15.1,8.1,11.9,0.0,0,0.0,0.60002804,42.6,66.66666666666666,50.0,16.666666666666664,100.0,0,0.0,0.0,25.0,7.6,0,5.4,3.939645312866021,0.0,0.0,0.752848,0.0,0.247152,0.0,0.0,0.0,A2,Low-Production Player,0.752848,A4,Scoring Playmaker,0.247152,True,very_unstable,Below 150 minutes; scored out-of-sample relative to the 150+ minute core_v3 training population.
128021::2026::Wofford,2026,128021,Cannon Richards,Wofford,SC,15.2,Wing F,128021,pid_team,79,23.6,50.85,7.3,23.7,10.9,75.0,100,50.0,1.00000000,16.2,20.0,0.0,20.0,0.0,7.43518,0.0,100.0,100.0,0,0,2.6,6.092894736842106,0.067037,0.0,0.0,0.225082,0.0,0.0,0.417597,0.290284,A6,Two-Way Forward,0.417597,A7,Traditional Big,0.290284,True,very_unstable,Below 150 minutes; scored out-of-sample relative to the 150+ minute core_v3 training population.
134578::2026::Wofford,2026,134578,Grayson Collins,Wofford,SC,9.6,Pure PG,134578,pid_team,71,8.1,0,0,0,0,0.0,0,0.0,0.75000000,0,0.0,0.0,0.0,0.0,12.0822,0.0,0.0,0.0,0,6,0,7.769499999999998,0.0,0.0,0.085383,0.914617,0.0,0.0,0.0,0.0,A3,Two-Way Guard,0.914617,A2,Low-Production Player,0.085383,True,very_unstable,Below 150 minutes; scored out-of-sample relative to the 150+ minute core_v3 training population.
126995::2026::Wright St.,2026,126995,Alex Bruskotter,Wright St.,Horz,109.0271,Wing F,126995,pid_team,80,17.1,79.1,5.3,15.7,3.8,77.8,100,66.7,0.50000000,18.5,26.31578947368421,80.0,21.052631578947366,25.0,5.70612,25.0,100.0,66.66666666666666,0,1.9,3.5,5.4371436092494445,0.0,0.0,0.0,0.0,0.413738,0.586262,0.0,0.0,A5,Efficient Play Finisher,0.586262,A4,Scoring Playmaker,0.413738,True,borderline_unstable,Below 150 minutes; scored out-of-sample relative to the 150+ minute core_v3 training population.
127091::2026::Wyoming,2026,127091,Garrett Spielman,Wyoming,MWC,16.1875,Wing G,127091,pid_team,79,21.4,66.67,20.5,7.3,12.4,0.0,0,66.7,1.00000000,16.3,42.857142857142854,33.33,0.0,0.0,10.6541,100.0,100.0,100.0,0,7,7.1,9.674872586872587,0.015291,0.0,0.0,0.0,0.0,0.584229,0.177795,0.222685,A5,Efficient Play Finisher,0.584229,A7,Traditional Big,0.222685,True,very_unstable,Below 150 minutes; scored out-of-sample relative to the 150+ minute core_v3 training population.
127823::2026::Wyoming,2026,127823,Jared Harris,Wyoming,MWC,108.075,Wing G,127823,pid_team,74,19.7,54.66,7.4,19.2,5.1,82.39999999999999,50,30.0,1.00000000,8.2,35.13513513513514,53.849999999999994,2.7027027027027026,0.0,10.863,42.857142857142854,100.0,68.75,0,3.8,4.4,8.272773536895675,0.349027,0.0,0.0,0.0,0.0,0.650973,0.0,0.0,A5,Efficient Play Finisher,0.650973,A0,Perimeter Spacer,0.349027,True,borderline_unstable,Below 150 minutes; scored out-of-sample relative to the 150+ minute core_v3 training population.
134445::2026::Wyoming,2026,134445,Talan Taylor,Wyoming,MWC,8.3001,Wing G,134445,pid_team,76,11.6,75,0,29.8,22.5,0.0,0,50.0,0.99989998,0,0.0,0.0,0.0,0.0,15.3892,0.0,100.0,100.0,0,0,0,6.492741051312635,0.598445,0.401555,0.0,0.0,0.0,0.0,0.0,0.0,A0,Perimeter Spacer,0.598445,A1,Connecting Guard,0.401555,True,very_unstable,Below 150 minutes; scored out-of-sample relative to the 150+ minute core_v3 training population.
126740::2026::Xavier,2026,126740,Henry Thole,Xavier,BE,6.2,PF/C,126740,pid_team,79,13,76.92,0,0,0,50.0,200,0.0,0.00000000,0,0.0,0.0,100.0,100.0,0,0.0,0.0,100.0,0,0,0,3.537103225806452,0.0,0.0,0.0,0.0,0.262619,0.0,0.0,0.737381,A7,Traditional Big,0.737381,A4,Scoring Playmaker,0.262619,True,very_unstable,Below 150 minutes; scored out-of-sample relative to the 150+ minute core_v3 training population.
76909::2026::Xavier,2026,76909,Ian Sabourin,Xavier,BE,7.6002,Wing G,76909,pid_team,76,12.2,118.64,14.1,0,0,50.0,100,100.0,0.00000000,0,0.0,0.0,0.0,0.0,14.1045,0.0,100.0,100.0,0,0,0,3.5370069208705037,0.452608,0.0,0.0,0.0,0.0,0.514377,0.0,0.033015,A5,Efficient Play Finisher,0.514377,A0,Perimeter Spacer,0.452608,True,very_unstable,Below 150 minutes; scored out-of-sample relative to the 150+ minute core_v3 training population.
76068::2026::Xavier,2026,76068,Michael Wolf,Xavier,BE,5.3,Stretch 4,76068,pid_team,72,10.1,0,0,22,27.1,0.0,0,0.0,1.00000000,0,0.0,0.0,0.0,0.0,10.5784,0.0,0.0,0.0,0,0,15.1,6.5195547169811325,0.0,0.333268,0.357929,0.308804,0.0,0.0,0.0,0.0,A2,Low-Production Player,0.357929,A1,Connecting Guard,0.333268,True,very_unstable,Below 150 minutes; scored out-of-sample relative to the 150+ minute core_v3 training population.
78348::2026::Xavier,2026,78348,Mier Panoam,Xavier,BE,39.7999,Wing G,78348,pid_team,74,17.6,28.92,0,17.6,19.5,40.0,62.5,0.0,1.66658879,24.1,55.55555555555556,40.0,22.22222222222222,0.0,1.41045,50.0,0.0,33.33333333333333,2.6,0,3,6.026799062309201,0.0,0.283077,0.405246,0.030979,0.280698,0.0,0.0,0.0,A2,Low-Production Player,0.405246,A1,Connecting Guard,0.283077,True,very_unstable,Below 150 minutes; scored out-of-sample relative to the 150+ minute core_v3 training population.
133957::2026::Yale,2026,133957,Alvin Loving,Yale,Ivy,27.6108,Combo G,133957,pid_team,76,22.8,31.25,0,6.6,9.5,0.0,0,33.300000000000004,4.00000000,14.9,25.0,50.0,37.5,0.0,10.3977,0.0,100.0,50.0,0,0,2.2,2.9415735871470585,0.0,0.0,0.881279,0.0,0.118721,0.0,0.0,0.0,A2,Low-Production Player,0.881279,A4,Scoring Playmaker,0.118721,True,very_unstable,Below 150 minutes; scored out-of-sample relative to the 150+ minute core_v3 training population.
133961::2026::Yale,2026,133961,Courtney Wallace,Yale,Ivy,58.4181,Wing G,133961,pid_team,74,17.1,61.11,3.5,13.2,25.1,0.0,0,33.300000000000004,2.00022006,20,33.33333333333333,100.0,33.33333333333333,33.33,5.19885,33.33333333333333,100.0,40.0,3.5,0,4.5,3.5854846357550145,0.0,0.488035,0.0,0.0,0.31401,0.197955,0.0,0.0,A1,Connecting Guard,0.488035,A4,Scoring Playmaker,0.31401,True,unstable,Below 150 minutes; scored out-of-sample relative to the 150+ minute core_v3 training population.
133958::2026::Yale,2026,133958,Daniel Ogunyemi,Yale,Ivy,41.6457,PF/C,133958,pid_team,79,17.3,53.1,14.9,13.9,7.3,100.0,12.5,0.0,3.00000025,0,88.88888888888889,50.0,0.0,0.0,0,50.0,0.0,60.0,0,0,6.3,3.3601068057446506,0.0,0.0,0.0,0.0,0.0,0.0,0.0,1.0,A7,Traditional Big,1.0,A0,Perimeter Spacer,0.0,True,very_unstable,Below 150 minutes; scored out-of-sample relative to the 150+ minute core_v3 training population.
133959::2026::Yale,2026,133959,Jack Sullivan,Yale,Ivy,112.5522,PF/C,133959,pid_team,83,16.8,44.53,4.1,11.5,5.3,100.0,7.7,30.0,0.80008400,19.7,19.230769230769234,40.0,3.8461538461538463,0.0,13.1616,50.0,100.0,87.5,16.4,0.7,6.5,6.52500795186589,0.0,0.0,0.0,0.0,0.0,0.0,0.350463,0.649537,A7,Traditional Big,0.649537,A6,Two-Way Forward,0.350463,True,borderline_unstable,Below 150 minutes; scored out-of-sample relative to the 150+ minute core_v3 training population.
133960::2026::Yale,2026,133960,Jacob Tsai,Yale,Ivy,6.2001,PF/C,133960,pid_team,71,22.3,0,0,0,0,0.0,0,0.0,0.00000000,44.1,50.0,0.0,0.0,0.0,10.3977,0.0,0.0,0.0,0,0,6.5,3.850712085288947,0.0,0.0,1.0,0.0,0.0,0.0,0.0,0.0,A2,Low-Production Player,1.0,A0,Perimeter Spacer,0.0,True,very_unstable,Below 150 minutes; scored out-of-sample relative to the 150+ minute core_v3 training population.
79194::2026::Yale,2026,79194,Jeannot Basima,Yale,Ivy,31.2,Wing G,79194,pid_team,76,17.2,33.33,10.7,10,20.8,0.0,0,0.0,1.33333330,15.1,83.33333333333334,40.0,0.0,0.0,2.59943,50.0,0.0,50.0,0,2.6,5.1,5.056,0.0,0.560529,0.439471,0.0,0.0,0.0,0.0,0.0,A1,Connecting Guard,0.560529,A2,Low-Production Player,0.439471,True,very_unstable,Below 150 minutes; scored out-of-sample relative to the 150+ minute core_v3 training population.
135311::2026::Youngstown St.,2026,135311,Derrick Anderson,Youngstown St.,Horz,17.3499,Combo G,135311,pid_team,73,20.6,50,0,13.6,26,0.0,0,0.0,3.00000000,0,50.0,100.0,0.0,0.0,12.5082,50.0,0.0,50.0,0,0,0,2.601236894737146,0.0,0.0,0.107644,0.0,0.133555,0.258859,0.0,0.499942,A7,Traditional Big,0.499942,A5,Efficient Play Finisher,0.258859,True,very_unstable,Below 150 minutes; scored out-of-sample relative to the 150+ minute core_v3 training population.
128242::2026::Youngstown St.,2026,128242,Shaheed Solebo,Youngstown St.,Horz,25.6572,Wing G,128242,pid_team,77,29.9,40.82,0,0,0,50.0,133.3,0.0,1.19991605,33.6,33.33333333333333,100.0,0.0,0.0,10.0066,100.0,0.0,100.0,0,0,6.9,1.6719517328469204,0.0,0.0,0.191584,0.0,0.0,0.542178,0.0,0.266238,A5,Efficient Play Finisher,0.542178,A7,Traditional Big,0.266238,True,very_unstable,Below 150 minutes; scored out-of-sample relative to the 150+ minute core_v3 training population.
133816::2026::Youngstown St.,2026,133816,Tyler Robinett,Youngstown St.,Horz,114.75,PF/C,133816,pid_team,80,14.3,42.83,9.2,10.5,6,50.0,25,20.0,1.00000000,17.5,36.0,55.559999999999995,20.0,40.0,5.00329,40.0,50.0,40.0,4.6,0.5,6.9,6.064034858387799,0.253902,0.451287,0.294811,0.0,0.0,0.0,0.0,0.0,A1,Connecting Guard,0.451287,A2,Low-Production Player,0.294811,True,borderline_unstable,Below 150 minutes; scored out-of-sample relative to the 150+ minute core_v3 training population.
