id,player,from,to,exp,year,available,status,updated_at
barttorvik-2026-3668,A'Meir Williams,Louisiana Tech,,,2026,True,Available transfer,2026-07-14T12:40:18+00:00
barttorvik-2026-1255,A.B. Gilchrist,Western Oregon,,,2026,True,Available transfer,2026-07-14T12:40:18+00:00
barttorvik-2026-233,A.J. Baskerville,North Georgia,,,2026,True,Available transfer,2026-07-14T12:40:18+00:00
barttorvik-2026-2467,A.J. Neal,LIU,,,2026,True,Available transfer,2026-07-14T12:40:18+00:00
barttorvik-2026-2859,"A.J. Reed, Jr.",Northeastern St.,,,2026,True,Available transfer,2026-07-14T12:40:18+00:00
barttorvik-2026-2948,A.J. Rodriguez,Cornell,,,2026,True,Available transfer,2026-07-14T12:40:18+00:00
barttorvik-2026-3707,A.J. Wills,Hofstra,,,2026,True,Available transfer,2026-07-14T12:40:18+00:00
barttorvik-2026-470,AC Bryant,Jacksonville St.,,,2026,True,Available transfer,2026-07-14T12:40:18+00:00
barttorvik-2026-212,AJ Barnes,Southern,,,2026,True,Available transfer,2026-07-14T12:40:18+00:00
barttorvik-2026-1557,AJ Hopkins,Tennessee Martin,,,2026,True,Available transfer,2026-07-14T12:40:18+00:00
barttorvik-2026-1930,AJ LaBeau,Cornell,,,2026,True,Available transfer,2026-07-14T12:40:18+00:00
barttorvik-2026-2056,AJ Lopez,Richmond,,,2026,True,Available transfer,2026-07-14T12:40:18+00:00
barttorvik-2026-2895,AJ Riggs,Utah Valley,,,2026,True,Available transfer,2026-07-14T12:40:18+00:00
barttorvik-2026-2957,AJ Rohosy,Stanford,,,2026,True,Available transfer,2026-07-14T12:40:18+00:00
barttorvik-2026-1607,Aamir Hurst,Millersville,,,2026,True,Available transfer,2026-07-14T12:40:18+00:00
barttorvik-2026-1610,Abel Hutchinson,South Dakota School of Mines,,,2026,True,Available transfer,2026-07-14T12:40:18+00:00
barttorvik-2026-541,Abou Camara,Winston-Salem State,,,2026,True,Available transfer,2026-07-14T12:40:18+00:00
barttorvik-2026-1834,Abu Keita,Bemidji St.,,,2026,True,Available transfer,2026-07-14T12:40:18+00:00
barttorvik-2026-3565,Ace Watkins,Eckerd,,,2026,True,Available transfer,2026-07-14T12:40:18+00:00
barttorvik-2026-3205,Achile Spadone,Bucknell,,,2026,True,Available transfer,2026-07-14T12:40:18+00:00
barttorvik-2026-21,Achor Achor,Mississippi St.,,,2026,True,Available transfer,2026-07-14T12:40:18+00:00
barttorvik-2026-2176,Adam Massarsch,Western Colo.,,,2026,True,Available transfer,2026-07-14T12:40:18+00:00
barttorvik-2026-2319,Adam Miller,Gonzaga,,,2026,True,Available transfer,2026-07-14T12:40:18+00:00
barttorvik-2026-2499,"Adam Njie, Jr.",Dayton,,,2026,True,Available transfer,2026-07-14T12:40:18+00:00
barttorvik-2026-3499,Adam Váradi,Lubbock Christian,,,2026,True,Available transfer,2026-07-14T12:40:18+00:00
barttorvik-2026-136,Addison Archer,Northern Kentucky,,,2026,True,Available transfer,2026-07-14T12:40:18+00:00
barttorvik-2026-3365,Adonis Thomas,Coker,,,2026,True,Available transfer,2026-07-14T12:40:18+00:00
barttorvik-2026-2920,Adren Roberts,Barry,,,2026,True,Available transfer,2026-07-14T12:40:18+00:00
barttorvik-2026-3014,Adrian Samuels,American,,,2026,True,Available transfer,2026-07-14T12:40:18+00:00
barttorvik-2026-3477,Adrian Vazquez,Goldey-Beacom,,,2026,True,Available transfer,2026-07-14T12:40:18+00:00
barttorvik-2026-1968,Aeris Lawson,Saint Leo,,,2026,True,Available transfer,2026-07-14T12:40:18+00:00
barttorvik-2026-1982,Ahjany Lee,Houston Christian,,,2026,True,Available transfer,2026-07-14T12:40:18+00:00
barttorvik-2026-1452,Ahmad Harrison,Saint Francis,,,2026,True,Available transfer,2026-07-14T12:40:18+00:00
barttorvik-2026-1738,Ahmad Johnson,Arkansas Pine Bluff,,,2026,True,Available transfer,2026-07-14T12:40:18+00:00
barttorvik-2026-2460,Ahmadou Ndiaye,Gardner Webb,,,2026,True,Available transfer,2026-07-14T12:40:18+00:00
barttorvik-2026-3199,Ahmed Soumahoro,Columbus St.,,,2026,True,Available transfer,2026-07-14T12:40:18+00:00
barttorvik-2026-1365,Aidan Hadaway,Ohio,,,2026,True,Available transfer,2026-07-14T12:40:18+00:00
barttorvik-2026-1936,Aidan Lambert,Fort Valley St.,,,2026,True,Available transfer,2026-07-14T12:40:18+00:00
barttorvik-2026-2104,Aidan Mahaney,UC Santa Barbara,,,2026,True,Available transfer,2026-07-14T12:40:18+00:00
barttorvik-2026-2516,Aidan Noyes,Belmont,,,2026,True,Available transfer,2026-07-14T12:40:18+00:00
barttorvik-2026-2981,Aidan Rubio,Eastern Michigan,,,2026,True,Available transfer,2026-07-14T12:40:18+00:00
barttorvik-2026-3081,Aidan Shaw,Boston College,,,2026,True,Available transfer,2026-07-14T12:40:18+00:00
barttorvik-2026-1684,Ajani Jamison,Simon Fraser,,,2026,True,Available transfer,2026-07-14T12:40:18+00:00
barttorvik-2026-1322,Al Green,UNLV,,,2026,True,Available transfer,2026-07-14T12:40:18+00:00
barttorvik-2026-3466,Albert Vargas,Robert Morris,,,2026,True,Available transfer,2026-07-14T12:40:18+00:00
barttorvik-2026-132,Alden Applewhite,Georgia Southern,,,2026,True,Available transfer,2026-07-14T12:40:18+00:00
barttorvik-2026-2906,Alden Ritt,Davenport,,,2026,True,Available transfer,2026-07-14T12:40:18+00:00
barttorvik-2026-2852,Alejandro Redondo Cybak,Chestnut Hill,,,2026,True,Available transfer,2026-07-14T12:40:18+00:00
barttorvik-2026-3302,Aleks Szymczyk,Cal St. Northridge,,,2026,True,Available transfer,2026-07-14T12:40:18+00:00
barttorvik-2026-975,Alex Dvorak,Mary,,,2026,True,Available transfer,2026-07-14T12:40:18+00:00
barttorvik-2026-1044,Alex Engro,Army,,,2026,True,Available transfer,2026-07-14T12:40:18+00:00
barttorvik-2026-1090,Alex Farley,Ball St.,,,2026,True,Available transfer,2026-07-14T12:40:18+00:00
barttorvik-2026-1220,Alex Garcia,Tennessee St.,,,2026,True,Available transfer,2026-07-14T12:40:18+00:00
barttorvik-2026-1338,Alex Griggs,Slippery Rock,,,2026,True,Available transfer,2026-07-14T12:40:18+00:00
barttorvik-2026-1466,Alex Hawkins,Alcorn St.,,,2026,True,Available transfer,2026-07-14T12:40:18+00:00
barttorvik-2026-1498,Alex Henry,Walsh,,,2026,True,Available transfer,2026-07-14T12:40:18+00:00
barttorvik-2026-2335,Alex Mirhosseini,Arkansas Pine Bluff,,,2026,True,Available transfer,2026-07-14T12:40:18+00:00
barttorvik-2026-2351,Alex Molofeev,Louisiana Monroe,,,2026,True,Available transfer,2026-07-14T12:40:18+00:00
barttorvik-2026-3074,Alex Sessoms,Nova Southeastern,,,2026,True,Available transfer,2026-07-14T12:40:18+00:00
barttorvik-2026-3735,Alex Woodring,Sacred Heart,,,2026,True,Available transfer,2026-07-14T12:40:18+00:00
barttorvik-2026-3741,Alfred Worrell Jr.,Morgan St.,,,2026,True,Available transfer,2026-07-14T12:40:18+00:00
barttorvik-2026-33,Alijah Adem,Bowling Green,,,2026,True,Available transfer,2026-07-14T12:40:18+00:00
barttorvik-2026-773,Alijah Curry,Pittsburg State,,,2026,True,Available transfer,2026-07-14T12:40:18+00:00
barttorvik-2026-1314,Allen Graves,Santa Clara,,,2026,True,Available transfer,2026-07-14T12:40:18+00:00
barttorvik-2026-681,Alvin Cole,Spring Hill,,,2026,True,Available transfer,2026-07-14T12:40:18+00:00
barttorvik-2026-3202,Ama Sow,Tennessee Martin,,,2026,True,Available transfer,2026-07-14T12:40:18+00:00
barttorvik-2026-3024,Amaan Sandhu,Edinboro,,,2026,True,Available transfer,2026-07-14T12:40:18+00:00
barttorvik-2026-3027,Amaan Sanni,Spring Hill,,,2026,True,Available transfer,2026-07-14T12:40:18+00:00
barttorvik-2026-1569,Amar Hot,Fresno Pacific,,,2026,True,Available transfer,2026-07-14T12:40:18+00:00
barttorvik-2026-1805,Amar Kadić,Lincoln (MO),,,2026,True,Available transfer,2026-07-14T12:40:18+00:00
barttorvik-2026-1926,Amar Kuljuhovic,Missouri St.,,,2026,True,Available transfer,2026-07-14T12:40:18+00:00
barttorvik-2026-1659,Amare Jackson,Mary,,,2026,True,Available transfer,2026-07-14T12:40:18+00:00
barttorvik-2026-16,Amaree Abram,Tennessee,,,2026,True,Available transfer,2026-07-14T12:40:18+00:00
barttorvik-2026-3688,Amari Williams,Lake Erie,,,2026,True,Available transfer,2026-07-14T12:40:18+00:00
barttorvik-2026-2495,Amarion Nimmers,FIU,,,2026,True,Available transfer,2026-07-14T12:40:18+00:00
barttorvik-2026-2357,Amarri Monroe,Quinnipiac,,,2026,True,Available transfer,2026-07-14T12:40:18+00:00
barttorvik-2026-2153,Amar’e Marshall,St. Bonaventure,,,2026,True,Available transfer,2026-07-14T12:40:18+00:00
barttorvik-2026-602,Amir Chaney,Southeastern Louisiana,,,2026,True,Available transfer,2026-07-14T12:40:18+00:00
barttorvik-2026-769,Amir Cunningham,Millersville,,,2026,True,Available transfer,2026-07-14T12:40:18+00:00
barttorvik-2026-441,Anakin Brown,Jacksonville,,,2026,True,Available transfer,2026-07-14T12:40:18+00:00
barttorvik-2026-1446,Andre Harris,Western New Mexico,,,2026,True,Available transfer,2026-07-14T12:40:18+00:00
barttorvik-2026-2415,Andre Mulibea,Coastal Carolina,,,2026,True,Available transfer,2026-07-14T12:40:18+00:00
barttorvik-2026-3524,Andre Walker II,LeMoyne-Owen,,,2026,True,Available transfer,2026-07-14T12:40:18+00:00
barttorvik-2026-504,Andrell Burton Jr.,South Dakota St.,,,2026,True,Available transfer,2026-07-14T12:40:18+00:00
barttorvik-2026-52,Andrew Akuchie,Rice,,,2026,True,Available transfer,2026-07-14T12:40:18+00:00
barttorvik-2026-538,Andrew Camacho,Cal St. East Bay,,,2026,True,Available transfer,2026-07-14T12:40:18+00:00
barttorvik-2026-710,Andrew Cook,Eastern Washington,,,2026,True,Available transfer,2026-07-14T12:40:18+00:00
barttorvik-2026-1538,Andrew Holifield,Lamar,,,2026,True,Available transfer,2026-07-14T12:40:18+00:00
barttorvik-2026-1554,Andrew Hommes,Point Loma,,,2026,True,Available transfer,2026-07-14T12:40:18+00:00
barttorvik-2026-2325,Andrew Mills,Valdosta State,,,2026,True,Available transfer,2026-07-14T12:40:18+00:00
barttorvik-2026-2549,Andrew Okafor,Stony Brook,,,2026,True,Available transfer,2026-07-14T12:40:18+00:00
barttorvik-2026-2693,Andrew Pengel,Emporia St.,,,2026,True,Available transfer,2026-07-14T12:40:18+00:00
barttorvik-2026-3126,Andrew Sineway,West Florida,,,2026,True,Available transfer,2026-07-14T12:40:18+00:00
barttorvik-2026-475,Andrija Brzović,Southeastern Oklahoma State,,,2026,True,Available transfer,2026-07-14T12:40:18+00:00
barttorvik-2026-1392,Anfernee Hanna,Concord,,,2026,True,Available transfer,2026-07-14T12:40:18+00:00
barttorvik-2026-414,Angelo Brizzi,Buffalo,,,2026,True,Available transfer,2026-07-14T12:40:18+00:00
barttorvik-2026-129,Angok Anyang,Alabama A&M,,,2026,True,Available transfer,2026-07-14T12:40:18+00:00
barttorvik-2026-1207,Anias Futrell,Lindenwood,,,2026,True,Available transfer,2026-07-14T12:40:18+00:00
barttorvik-2026-2277,Anouar Mellouk,Morehead St.,,,2026,True,Available transfer,2026-07-14T12:40:18+00:00
barttorvik-2026-3576,"Antewan Webber, Jr.",Lander,,,2026,True,Available transfer,2026-07-14T12:40:18+00:00
barttorvik-2026-623,Anthony Chinn,Post,,,2026,True,Available transfer,2026-07-14T12:40:18+00:00
barttorvik-2026-790,Anthony Daley,St. Thomas Aquinas,,,2026,True,Available transfer,2026-07-14T12:40:18+00:00
barttorvik-2026-929,Anthony Doppler,North Dakota,,,2026,True,Available transfer,2026-07-14T12:40:18+00:00
barttorvik-2026-1686,Anthony Januzzi,Ashland,,,2026,True,Available transfer,2026-07-14T12:40:18+00:00
barttorvik-2026-1732,Anthony Johnson,Arizona St.,,,2026,True,Available transfer,2026-07-14T12:40:18+00:00
barttorvik-2026-1896,Anthony Knowles,Florida A&M,,,2026,True,Available transfer,2026-07-14T12:40:18+00:00
barttorvik-2026-2102,Anthony Magwood-Spann,Benedictine Mesa,,,2026,True,Available transfer,2026-07-14T12:40:18+00:00
barttorvik-2026-2164,Anthony Martinez,Monmouth,,,2026,True,Available transfer,2026-07-14T12:40:18+00:00
barttorvik-2026-2816,Anthony Purnell,West Chester,,,2026,True,Available transfer,2026-07-14T12:40:18+00:00
barttorvik-2026-2976,Anthony Roy,Oklahoma St.,,,2026,True,Available transfer,2026-07-14T12:40:18+00:00
barttorvik-2026-3752,Anthony Wrzeszcz,New Mexico St.,,,2026,True,Available transfer,2026-07-14T12:40:18+00:00
barttorvik-2026-3492,Antoni Vlogianitis,Marist,,,2026,True,Available transfer,2026-07-14T12:40:18+00:00
barttorvik-2026-1167,Antonio Foxwell,Christian Brothers,,,2026,True,Available transfer,2026-07-14T12:40:18+00:00
barttorvik-2026-2032,Antonio Lisenbee,Northwestern Oklahoma State,,,2026,True,Available transfer,2026-07-14T12:40:18+00:00
barttorvik-2026-3137,Antonio Sisk,Mississippi Valley St.,,,2026,True,Available transfer,2026-07-14T12:40:18+00:00
barttorvik-2026-2938,Antwan Robinson,Arkansas–Fort Smith,,,2026,True,Available transfer,2026-07-14T12:40:18+00:00
barttorvik-2026-1777,Antwann Jones,UNC Greensboro,,,2026,True,Available transfer,2026-07-14T12:40:18+00:00
barttorvik-2026-2177,Antwaun Massey,Western Illinois,,,2026,True,Available transfer,2026-07-14T12:40:18+00:00
barttorvik-2026-1549,Antwonne Holmes,Sul Ross St.,,,2026,True,Available transfer,2026-07-14T12:40:18+00:00
barttorvik-2026-2252,Archer McMenamin,Christian Brothers,,,2026,True,Available transfer,2026-07-14T12:40:18+00:00
barttorvik-2026-1859,Arlandus Keyes,Mount St. Mary's,,,2026,True,Available transfer,2026-07-14T12:40:18+00:00
barttorvik-2026-2951,Arnaldo Rodriguez,Goldey-Beacom,,,2026,True,Available transfer,2026-07-14T12:40:18+00:00
barttorvik-2026-2596,Arne Osojnik,Northern Arizona,,,2026,True,Available transfer,2026-07-14T12:40:18+00:00
barttorvik-2026-2913,Arthur Roaché,District of Columbia,,,2026,True,Available transfer,2026-07-14T12:40:18+00:00
barttorvik-2026-791,Arzhonte Dallas,Cameron,,,2026,True,Available transfer,2026-07-14T12:40:18+00:00
barttorvik-2026-3613,Asa White,Eastern Kentucky,,,2026,True,Available transfer,2026-07-14T12:40:18+00:00
barttorvik-2026-3738,Asher Woods,Tulane,,,2026,True,Available transfer,2026-07-14T12:40:18+00:00
barttorvik-2026-1876,Ashton King,Gardner Webb,,,2026,True,Available transfer,2026-07-14T12:40:18+00:00
barttorvik-2026-2798,Ashton Price,Arkansas–Monticello,,,2026,True,Available transfer,2026-07-14T12:40:18+00:00
barttorvik-2026-3677,Ashton Williams,Southern Wesleyan,,,2026,True,Available transfer,2026-07-14T12:40:18+00:00
barttorvik-2026-1768,Asim Jones,Quinnipiac,,,2026,True,Available transfer,2026-07-14T12:40:18+00:00
barttorvik-2026-112,Asjon Anderson,Alabama St.,,,2026,True,Available transfer,2026-07-14T12:40:18+00:00
barttorvik-2026-903,Assane Diop,San Diego,,,2026,True,Available transfer,2026-07-14T12:40:18+00:00
barttorvik-2026-3393,AuMauri Tillman,Francis Marion,,,2026,True,Available transfer,2026-07-14T12:40:18+00:00
barttorvik-2026-3788,Augustine Youssef,UT Arlington,,,2026,True,Available transfer,2026-07-14T12:40:18+00:00
barttorvik-2026-1105,Aurek Fenn,Frostburg St.,,,2026,True,Available transfer,2026-07-14T12:40:18+00:00
barttorvik-2026-1445,Aurrion Harris,Wayne State (NE),,,2026,True,Available transfer,2026-07-14T12:40:18+00:00
barttorvik-2026-17,Austin Abrams,Eastern New Mexico,,,2026,True,Available transfer,2026-07-14T12:40:18+00:00
barttorvik-2026-1748,Austin Johnson,Dominican,,,2026,True,Available transfer,2026-07-14T12:40:18+00:00
barttorvik-2026-2364,Austin Montgomery,Georgetown,,,2026,True,Available transfer,2026-07-14T12:40:18+00:00
barttorvik-2026-3484,Austin Vick,Lynn,,,2026,True,Available transfer,2026-07-14T12:40:18+00:00
barttorvik-2026-3615,Austin White,Florida Tech,,,2026,True,Available transfer,2026-07-14T12:40:18+00:00
barttorvik-2026-3660,Austin Williams,Elon,,,2026,True,Available transfer,2026-07-14T12:40:18+00:00
barttorvik-2026-1280,Ayden Goll,Wheeling,,,2026,True,Available transfer,2026-07-14T12:40:18+00:00
barttorvik-2026-3305,Ayodele Taiwo,Howard,,,2026,True,Available transfer,2026-07-14T12:40:18+00:00
barttorvik-2026-192,Ayomide Bamisile,Utah,,,2026,True,Available transfer,2026-07-14T12:40:18+00:00
barttorvik-2026-468,Ayuba Bryant Jr.,Temple,,,2026,True,Available transfer,2026-07-14T12:40:18+00:00
barttorvik-2026-460,"B.J. Brown, Jr.",West Alabama,,,2026,True,Available transfer,2026-07-14T12:40:18+00:00
barttorvik-2026-699,B.J. Comer,N.M. Highlands,,,2026,True,Available transfer,2026-07-14T12:40:18+00:00
barttorvik-2026-3736,B.J. Woodruff,Black Hills St.,,,2026,True,Available transfer,2026-07-14T12:40:18+00:00
barttorvik-2026-2317,Baba Miller,Cincinnati,,,2026,True,Available transfer,2026-07-14T12:40:18+00:00
barttorvik-2026-382,Baron Bracey,Southern Nazarene,,,2026,True,Available transfer,2026-07-14T12:40:18+00:00
barttorvik-2026-3108,Barron Silsby,Southwest Baptist,,,2026,True,Available transfer,2026-07-14T12:40:18+00:00
barttorvik-2026-1071,Barry Evans,VCU,,,2026,True,Available transfer,2026-07-14T12:40:18+00:00
barttorvik-2026-2444,Bashir N'Galang,Maine,,,2026,True,Available transfer,2026-07-14T12:40:18+00:00
barttorvik-2026-667,Bela Clobes,Southeastern Oklahoma State,,,2026,True,Available transfer,2026-07-14T12:40:18+00:00
barttorvik-2026-165,Ben Averitt,Central Oklahoma,,,2026,True,Available transfer,2026-07-14T12:40:18+00:00
barttorvik-2026-760,Ben Csernak,Florida Tech,,,2026,True,Available transfer,2026-07-14T12:40:18+00:00
barttorvik-2026-1080,Ben Ezeagu,Southern Indiana,,,2026,True,Available transfer,2026-07-14T12:40:18+00:00
barttorvik-2026-1491,Ben Henderson,Colorado Mesa,,,2026,True,Available transfer,2026-07-14T12:40:18+00:00
barttorvik-2026-2283,Ben Menker,Loyola MD,,,2026,True,Available transfer,2026-07-14T12:40:18+00:00
barttorvik-2026-2975,Ben Roy,Boston University,,,2026,True,Available transfer,2026-07-14T12:40:18+00:00
barttorvik-2026-3053,Ben Schwieger,Northern Iowa,,,2026,True,Available transfer,2026-07-14T12:40:18+00:00
barttorvik-2026-1358,Benjamin Guy,Daemen,,,2026,True,Available transfer,2026-07-14T12:40:18+00:00
barttorvik-2026-3722,Benjamin Winker,Cal St. Fullerton,,,2026,True,Available transfer,2026-07-14T12:40:18+00:00
barttorvik-2026-1236,Benny Gealer,Stanford,,,2026,True,Available transfer,2026-07-14T12:40:18+00:00
barttorvik-2026-3529,Bentley Waller,Cal St. Bakersfield,,,2026,True,Available transfer,2026-07-14T12:40:18+00:00
barttorvik-2026-336,Bernie Blunt,Mercyhurst,,,2026,True,Available transfer,2026-07-14T12:40:18+00:00
barttorvik-2026-3467,Bernie Varnesdeel,Davenport,,,2026,True,Available transfer,2026-07-14T12:40:18+00:00
barttorvik-2026-969,Billy Durkin,Lewis,,,2026,True,Available transfer,2026-07-14T12:40:18+00:00
barttorvik-2026-3172,Billy Smith,Chattanooga,,,2026,True,Available transfer,2026-07-14T12:40:18+00:00
barttorvik-2026-3369,Blair Thomas,American Int'l,,,2026,True,Available transfer,2026-07-14T12:40:18+00:00
barttorvik-2026-3381,Blair Thompson,Columbia,,,2026,True,Available transfer,2026-07-14T12:40:18+00:00
barttorvik-2026-249,Blaise Beauchamp,Missouri S&T,,,2026,True,Available transfer,2026-07-14T12:40:18+00:00
barttorvik-2026-786,Blake Daberkow,Idaho St.,,,2026,True,Available transfer,2026-07-14T12:40:18+00:00
barttorvik-2026-809,Blake Daugherty,Purdue Northwest,,,2026,True,Available transfer,2026-07-14T12:40:18+00:00
barttorvik-2026-1294,Blake Goodman,West Virginia State,,,2026,True,Available transfer,2026-07-14T12:40:18+00:00
barttorvik-2026-3717,Blake Wilson,Miles,,,2026,True,Available transfer,2026-07-14T12:40:18+00:00
barttorvik-2026-1227,Bobby Gardner,Virginia Union,,,2026,True,Available transfer,2026-07-14T12:40:18+00:00
barttorvik-2026-1409,Bobby Hardison,Palm Beach,,,2026,True,Available transfer,2026-07-14T12:40:18+00:00
barttorvik-2026-2262,Bobby McWard,Colorado Christian,,,2026,True,Available transfer,2026-07-14T12:40:18+00:00
barttorvik-2026-3145,Boden Skunberg,Illinois St.,,,2026,True,Available transfer,2026-07-14T12:40:18+00:00
barttorvik-2026-1925,Bol Kuir,Virginia Union,,,2026,True,Available transfer,2026-07-14T12:40:18+00:00
barttorvik-2026-1668,"Bonard Jackson, Jr.",Lincoln PA,,,2026,True,Available transfer,2026-07-14T12:40:18+00:00
barttorvik-2026-2619,Boston Painter,Westminster,,,2026,True,Available transfer,2026-07-14T12:40:18+00:00
barttorvik-2026-1825,Bouna Kebe,Delaware,,,2026,True,Available transfer,2026-07-14T12:40:18+00:00
barttorvik-2026-3424,Bourgeois Tshilobo,Weber St.,,,2026,True,Available transfer,2026-07-14T12:40:18+00:00
barttorvik-2026-1410,Bowen Hardman,Akron,,,2026,True,Available transfer,2026-07-14T12:40:18+00:00
barttorvik-2026-3206,Braden Sparks,Fairfield,,,2026,True,Available transfer,2026-07-14T12:40:18+00:00
barttorvik-2026-3732,Bradlee Wolf,Johnson C. Smith,,,2026,True,Available transfer,2026-07-14T12:40:18+00:00
barttorvik-2026-765,Brady Cummins,Colgate,,,2026,True,Available transfer,2026-07-14T12:40:18+00:00
barttorvik-2026-1406,Brady Hardewig,West Georgia,,,2026,True,Available transfer,2026-07-14T12:40:18+00:00
barttorvik-2026-2664,Brady Patterson,Eckerd,,,2026,True,Available transfer,2026-07-14T12:40:18+00:00
barttorvik-2026-1015,Bradyn Elder,Kennesaw St.,,,2026,True,Available transfer,2026-07-14T12:40:18+00:00
barttorvik-2026-1158,Bradyn Foster,Penn,,,2026,True,Available transfer,2026-07-14T12:40:18+00:00
barttorvik-2026-1584,Bradyn Hubbard,Abilene Christian,,,2026,True,Available transfer,2026-07-14T12:40:18+00:00
barttorvik-2026-510,Braelon Bush,Chicago St.,,,2026,True,Available transfer,2026-07-14T12:40:18+00:00
barttorvik-2026-3181,Bralyn Smith,Central Washington,,,2026,True,Available transfer,2026-07-14T12:40:18+00:00
barttorvik-2026-269,Brandon Benjamin,San Diego,,,2026,True,Available transfer,2026-07-14T12:40:18+00:00
barttorvik-2026-735,Brandon Coury,Seton Hill,,,2026,True,Available transfer,2026-07-14T12:40:18+00:00
barttorvik-2026-1413,Brandon Hardy,Southern,,,2026,True,Available transfer,2026-07-14T12:40:18+00:00
barttorvik-2026-1556,Brandon Hooks,Holy Family,,,2026,True,Available transfer,2026-07-14T12:40:18+00:00
barttorvik-2026-1752,Brandon Johnson,Savannah St.,,,2026,True,Available transfer,2026-07-14T12:40:18+00:00
barttorvik-2026-1988,Brandon Legris,Merrimack,,,2026,True,Available transfer,2026-07-14T12:40:18+00:00
barttorvik-2026-2019,Brandon Lieb,Illinois St.,,,2026,True,Available transfer,2026-07-14T12:40:18+00:00
barttorvik-2026-2075,Brandon Lucas,San Francisco St.,,,2026,True,Available transfer,2026-07-14T12:40:18+00:00
barttorvik-2026-2092,Brandon Maclin,DePaul,,,2026,True,Available transfer,2026-07-14T12:40:18+00:00
barttorvik-2026-2372,Brandon Moore,Southwest Baptist,,,2026,True,Available transfer,2026-07-14T12:40:18+00:00
barttorvik-2026-2382,Brandon Morgan,Hofstra,,,2026,True,Available transfer,2026-07-14T12:40:18+00:00
barttorvik-2026-2518,Brandon Null,Walsh,,,2026,True,Available transfer,2026-07-14T12:40:18+00:00
barttorvik-2026-2569,Brandon Oloumou,Middle Tennessee,,,2026,True,Available transfer,2026-07-14T12:40:18+00:00
barttorvik-2026-3061,Brandon Scott,Arkansas–Fort Smith,,,2026,True,Available transfer,2026-07-14T12:40:18+00:00
barttorvik-2026-3518,Brandon Walker,Mississippi St.,,,2026,True,Available transfer,2026-07-14T12:40:18+00:00
barttorvik-2026-1770,Braxton Jones,Southern Indiana,,,2026,True,Available transfer,2026-07-14T12:40:18+00:00
barttorvik-2026-3225,Braxton Stacker,Southeast Missouri St.,,,2026,True,Available transfer,2026-07-14T12:40:18+00:00
barttorvik-2026-1656,Brayden Jackson,St. Bonaventure,,,2026,True,Available transfer,2026-07-14T12:40:18+00:00
barttorvik-2026-2118,Brayden Maldonado,Seattle,,,2026,True,Available transfer,2026-07-14T12:40:18+00:00
barttorvik-2026-2572,Braydon Olson,Western Oregon,,,2026,True,Available transfer,2026-07-14T12:40:18+00:00
barttorvik-2026-377,Braylen Bowman,UNC Greensboro,,,2026,True,Available transfer,2026-07-14T12:40:18+00:00
barttorvik-2026-3354,Braylhan Thomas,Winthrop,,,2026,True,Available transfer,2026-07-14T12:40:18+00:00
barttorvik-2026-1663,Braylon Jackson,Claflin,,,2026,True,Available transfer,2026-07-14T12:40:18+00:00
barttorvik-2026-1733,Braylon Johnson,Grand Canyon,,,2026,True,Available transfer,2026-07-14T12:40:18+00:00
barttorvik-2026-3602,Braylon Wheeler,Elizabeth City St.,,,2026,True,Available transfer,2026-07-14T12:40:18+00:00
barttorvik-2026-3333,Brendan Terry,Southeast Missouri St.,,,2026,True,Available transfer,2026-07-14T12:40:18+00:00
barttorvik-2026-3766,Brendan Yarusso,Santa Clara,,,2026,True,Available transfer,2026-07-14T12:40:18+00:00
barttorvik-2026-611,Brennan Chatman,St. Thomas Aquinas,,,2026,True,Available transfer,2026-07-14T12:40:18+00:00
barttorvik-2026-3564,Brennan Watkins,Chattanooga,,,2026,True,Available transfer,2026-07-14T12:40:18+00:00
barttorvik-2026-2834,Brent Randleman,Lees-McRae,,,2026,True,Available transfer,2026-07-14T12:40:18+00:00
barttorvik-2026-1181,Brett Freeman,Virginia Tech,,,2026,True,Available transfer,2026-07-14T12:40:18+00:00
barttorvik-2026-2988,Brett Rumpel,Manhattan,,,2026,True,Available transfer,2026-07-14T12:40:18+00:00
barttorvik-2026-327,Brian Blanchet,Goldey-Beacom,,,2026,True,Available transfer,2026-07-14T12:40:18+00:00
barttorvik-2026-1437,Brian Harris,Spring Hill,,,2026,True,Available transfer,2026-07-14T12:40:18+00:00
barttorvik-2026-1888,Brian Kitenge,Arkansas Tech,,,2026,True,Available transfer,2026-07-14T12:40:18+00:00
barttorvik-2026-3318,Brian Taylor,East Tennessee St.,,,2026,True,Available transfer,2026-07-14T12:40:18+00:00
barttorvik-2026-1431,Brit Harris,FIU,,,2026,True,Available transfer,2026-07-14T12:40:18+00:00
barttorvik-2026-3695,Brock Williams,Tampa,,,2026,True,Available transfer,2026-07-14T12:40:18+00:00
barttorvik-2026-3728,Brock Wisne,Northern Colorado,,,2026,True,Available transfer,2026-07-14T12:40:18+00:00
barttorvik-2026-3238,Broden Steiner,Roosevelt,,,2026,True,Available transfer,2026-07-14T12:40:18+00:00
barttorvik-2026-1030,Broderick Ellis,Palm Beach,,,2026,True,Available transfer,2026-07-14T12:40:18+00:00
barttorvik-2026-2930,Brody Robinson,Oakland,,,2026,True,Available transfer,2026-07-14T12:40:18+00:00
barttorvik-2026-2597,Broek Ostrom,St. Bonaventure,,,2026,True,Available transfer,2026-07-14T12:40:18+00:00
barttorvik-2026-3482,Brooklyn Vick,North Carolina A&T,,,2026,True,Available transfer,2026-07-14T12:40:18+00:00
barttorvik-2026-2097,Brunel Madzou,Washington St.,,,2026,True,Available transfer,2026-07-14T12:40:18+00:00
barttorvik-2026-1661,Bryce Jackson,Tusculum,,,2026,True,Available transfer,2026-07-14T12:40:18+00:00
barttorvik-2026-498,Bryceson Burns,UT Permian Basin,,,2026,True,Available transfer,2026-07-14T12:40:18+00:00
barttorvik-2026-350,Brysen Bond,Sioux Falls,,,2026,True,Available transfer,2026-07-14T12:40:18+00:00
barttorvik-2026-479,Bryson Buckingham,Cincinnati,,,2026,True,Available transfer,2026-07-14T12:40:18+00:00
barttorvik-2026-841,Bryson Dawkins,Youngstown St.,,,2026,True,Available transfer,2026-07-14T12:40:18+00:00
barttorvik-2026-1277,Bryson Goldsmith,Texas A&M Kingsville,,,2026,True,Available transfer,2026-07-14T12:40:18+00:00
barttorvik-2026-1889,Bryson Kittrell,Goldey-Beacom,,,2026,True,Available transfer,2026-07-14T12:40:18+00:00
barttorvik-2026-2547,Bryson Ogletree,North Carolina A&T,,,2026,True,Available transfer,2026-07-14T12:40:18+00:00
barttorvik-2026-3183,Bryson Smith,Washburn,,,2026,True,Available transfer,2026-07-14T12:40:18+00:00
barttorvik-2026-2352,Bube Momah,Lehigh,,,2026,True,Available transfer,2026-07-14T12:40:18+00:00
barttorvik-2026-1731,Butta Johnson,Clemson,,,2026,True,Available transfer,2026-07-14T12:40:18+00:00
barttorvik-2026-125,C.J. Anthony,Iona,,,2026,True,Available transfer,2026-07-14T12:40:18+00:00
barttorvik-2026-357,C.J. Booker,Southeastern Louisiana,,,2026,True,Available transfer,2026-07-14T12:40:18+00:00
barttorvik-2026-1782,C.J. Jones,Georgia College,,,2026,True,Available transfer,2026-07-14T12:40:18+00:00
barttorvik-2026-2216,C.J. McCord,Elizabeth City St.,,,2026,True,Available transfer,2026-07-14T12:40:18+00:00
barttorvik-2026-2419,C.J. Mundell,Holy Family,,,2026,True,Available transfer,2026-07-14T12:40:18+00:00
barttorvik-2026-3473,C.J. Vaughn,Elizabeth City St.,,,2026,True,Available transfer,2026-07-14T12:40:18+00:00
barttorvik-2026-3762,C.J. Yao,Cameron,,,2026,True,Available transfer,2026-07-14T12:40:18+00:00
barttorvik-2026-1067,CJ Evans,UMKC,,,2026,True,Available transfer,2026-07-14T12:40:18+00:00
barttorvik-2026-1412,CJ Hardy,Cal St. Bakersfield,,,2026,True,Available transfer,2026-07-14T12:40:18+00:00
barttorvik-2026-3673,CJ Williams,Auburn,,,2026,True,Available transfer,2026-07-14T12:40:18+00:00
barttorvik-2026-3203,Ca'Darrius Sowell,Florida Tech,,,2026,True,Available transfer,2026-07-14T12:40:18+00:00
barttorvik-2026-2046,Cade Lomas,Georgia Southern,,,2026,True,Available transfer,2026-07-14T12:40:18+00:00
barttorvik-2026-3446,Cade Tyson,Minnesota,,,2026,True,Available transfer,2026-07-14T12:40:18+00:00
barttorvik-2026-1611,Caden Huttenlocker,Indiana St.,,,2026,True,Available transfer,2026-07-14T12:40:18+00:00
barttorvik-2026-1918,Caden Kreger,Lees-McRae,,,2026,True,Available transfer,2026-07-14T12:40:18+00:00
barttorvik-2026-3798,Caelan Zeilenga,Franklin Pierce,,,2026,True,Available transfer,2026-07-14T12:40:18+00:00
barttorvik-2026-369,Caiden Botts,Carson–Newman,,,2026,True,Available transfer,2026-07-14T12:40:18+00:00
barttorvik-2026-2634,Caileb Parham,N.M. Highlands,,,2026,True,Available transfer,2026-07-14T12:40:18+00:00
barttorvik-2026-2909,Cairo Rivera,St. Thomas Aquinas,,,2026,True,Available transfer,2026-07-14T12:40:18+00:00
barttorvik-2026-730,Cale Cosme,Lewis,,,2026,True,Available transfer,2026-07-14T12:40:18+00:00
barttorvik-2026-568,Caleb Carr,Texas A&M Kingsville,,,2026,True,Available transfer,2026-07-14T12:40:18+00:00
barttorvik-2026-745,Caleb Crawford,Maine,,,2026,True,Available transfer,2026-07-14T12:40:18+00:00
barttorvik-2026-1073,Caleb Evans,East Central,,,2026,True,Available transfer,2026-07-14T12:40:18+00:00
barttorvik-2026-1706,Caleb Jewell,Tiffin,,,2026,True,Available transfer,2026-07-14T12:40:18+00:00
barttorvik-2026-1736,Caleb Johnson,LIU,,,2026,True,Available transfer,2026-07-14T12:40:18+00:00
barttorvik-2026-1749,Caleb Johnson,Winona St.,,,2026,True,Available transfer,2026-07-14T12:40:18+00:00
barttorvik-2026-2208,Caleb McCarty,Cal St. Bakersfield,,,2026,True,Available transfer,2026-07-14T12:40:18+00:00
barttorvik-2026-2298,Caleb Middleton,Elon,,,2026,True,Available transfer,2026-07-14T12:40:18+00:00
barttorvik-2026-2694,Caleb Pennyfeather,Little Rock,,,2026,True,Available transfer,2026-07-14T12:40:18+00:00
barttorvik-2026-3012,Caleb Sampson,Post,,,2026,True,Available transfer,2026-07-14T12:40:18+00:00
barttorvik-2026-98,Cam Amboree,Southern,,,2026,True,Available transfer,2026-07-14T12:40:18+00:00
barttorvik-2026-635,Cam Christy,Winthrop,,,2026,True,Available transfer,2026-07-14T12:40:18+00:00
barttorvik-2026-752,Cam Crockett,Clarion,,,2026,True,Available transfer,2026-07-14T12:40:18+00:00
barttorvik-2026-1331,Cam Gregory,Campbell,,,2026,True,Available transfer,2026-07-14T12:40:18+00:00
barttorvik-2026-1368,Cam Haffner,Western Kentucky,,,2026,True,Available transfer,2026-07-14T12:40:18+00:00
barttorvik-2026-2126,Cam Malray,Montana St. Billings,,,2026,True,Available transfer,2026-07-14T12:40:18+00:00
barttorvik-2026-2389,Cam Morris III,East Tennessee St.,,,2026,True,Available transfer,2026-07-14T12:40:18+00:00
barttorvik-2026-2622,Cam Palesse,Alabama St.,,,2026,True,Available transfer,2026-07-14T12:40:18+00:00
barttorvik-2026-2699,Cam Perkins,USC Aiken,,,2026,True,Available transfer,2026-07-14T12:40:18+00:00
barttorvik-2026-2865,Cam Regnerus,Grand Valley State,,,2026,True,Available transfer,2026-07-14T12:40:18+00:00
barttorvik-2026-3387,Cam Thrower,Penn,,,2026,True,Available transfer,2026-07-14T12:40:18+00:00
barttorvik-2026-455,Cameron Brown,Biola,,,2026,True,Available transfer,2026-07-14T12:40:18+00:00
barttorvik-2026-648,Cameron Clark,South Carolina St.,,,2026,True,Available transfer,2026-07-14T12:40:18+00:00
barttorvik-2026-1083,Cameron Faas,Fresno St.,,,2026,True,Available transfer,2026-07-14T12:40:18+00:00
barttorvik-2026-1107,Cameron Fens,South Dakota,,,2026,True,Available transfer,2026-07-14T12:40:18+00:00
barttorvik-2026-2020,Cameron Liggins,Maryville (MO),,,2026,True,Available transfer,2026-07-14T12:40:18+00:00
barttorvik-2026-2286,Cameron Mercadel,Northern St.,,,2026,True,Available transfer,2026-07-14T12:40:18+00:00
barttorvik-2026-2658,Cameron Patterson,Texas Southern,,,2026,True,Available transfer,2026-07-14T12:40:18+00:00
barttorvik-2026-2740,Cameron Piggee,NJIT,,,2026,True,Available transfer,2026-07-14T12:40:18+00:00
barttorvik-2026-3121,Cameron Simpson,Texas St.,,,2026,True,Available transfer,2026-07-14T12:40:18+00:00
barttorvik-2026-3262,Cameron Stovall,Missouri S&T,,,2026,True,Available transfer,2026-07-14T12:40:18+00:00
barttorvik-2026-3442,Cameron Tweedy,Saint Francis,,,2026,True,Available transfer,2026-07-14T12:40:18+00:00
barttorvik-2026-3525,Cameron Walker,Chowan,,,2026,True,Available transfer,2026-07-14T12:40:18+00:00
barttorvik-2026-3502,Camp Wagner,Indiana St.,,,2026,True,Available transfer,2026-07-14T12:40:18+00:00
barttorvik-2026-800,Camren Daniels,North Carolina Central,,,2026,True,Available transfer,2026-07-14T12:40:18+00:00
barttorvik-2026-1601,Camren Hunter,Central Arkansas,,,2026,True,Available transfer,2026-07-14T12:40:18+00:00
barttorvik-2026-2962,Camren Roper,Sul Ross St.,,,2026,True,Available transfer,2026-07-14T12:40:18+00:00
barttorvik-2026-173,Cardell Bailey,Southern Indiana,,,2026,True,Available transfer,2026-07-14T12:40:18+00:00
barttorvik-2026-810,Carl Daughtery Jr.,UC Davis,,,2026,True,Available transfer,2026-07-14T12:40:18+00:00
barttorvik-2026-729,Carlos Coronado Jr.,Northern Illinois,,,2026,True,Available transfer,2026-07-14T12:40:18+00:00
barttorvik-2026-1427,Carlos Harris III,Illinois Chicago,,,2026,True,Available transfer,2026-07-14T12:40:18+00:00
barttorvik-2026-3780,Carlsheon Young,Pacific,,,2026,True,Available transfer,2026-07-14T12:40:18+00:00
barttorvik-2026-461,Carson Browne,Thomas More,,,2026,True,Available transfer,2026-07-14T12:40:18+00:00
barttorvik-2026-338,Carter Bobbitt,North Greenville,,,2026,True,Available transfer,2026-07-14T12:40:18+00:00
barttorvik-2026-2289,Carter Metz,Southern Ark.,,,2026,True,Available transfer,2026-07-14T12:40:18+00:00
barttorvik-2026-3591,Carter Wesson,Montevallo,,,2026,True,Available transfer,2026-07-14T12:40:18+00:00
barttorvik-2026-3233,Casey Steadmon,Hawaii Pacific,,,2026,True,Available transfer,2026-07-14T12:40:18+00:00
barttorvik-2026-606,Cayden Charles,St. Bonaventure,,,2026,True,Available transfer,2026-07-14T12:40:18+00:00
barttorvik-2026-2662,Cedric Patterson,Lees-McRae,,,2026,True,Available transfer,2026-07-14T12:40:18+00:00
barttorvik-2026-3315,Cedric Taylor III,Howard,,,2026,True,Available transfer,2026-07-14T12:40:18+00:00
barttorvik-2026-1477,Chae Haynes,Central Washington,,,2026,True,Available transfer,2026-07-14T12:40:18+00:00
barttorvik-2026-3241,Chance Stephens,Minnesota,,,2026,True,Available transfer,2026-07-14T12:40:18+00:00
barttorvik-2026-3608,Chancellor White,Northern Colorado,,,2026,True,Available transfer,2026-07-14T12:40:18+00:00
barttorvik-2026-2272,Chandler Meeks,Minnesota Crookston,,,2026,True,Available transfer,2026-07-14T12:40:18+00:00
barttorvik-2026-2568,Chandler Olokor,Barton,,,2026,True,Available transfer,2026-07-14T12:40:18+00:00
barttorvik-2026-2739,Chandler Pigge,Harvard,,,2026,True,Available transfer,2026-07-14T12:40:18+00:00
barttorvik-2026-2196,Chanel Mballa,Cal State San Marcos,,,2026,True,Available transfer,2026-07-14T12:40:18+00:00
barttorvik-2026-1570,Chang Hoth,Ferris State,,,2026,True,Available transfer,2026-07-14T12:40:18+00:00
barttorvik-2026-3622,Chappelle Whitney,Auburn Montgomery,,,2026,True,Available transfer,2026-07-14T12:40:18+00:00
barttorvik-2026-964,Charles Dunlap,Coastal Carolina,,,2026,True,Available transfer,2026-07-14T12:40:18+00:00
barttorvik-2026-2214,"Charles McClennahan, Jr.",Midwestern St.,,,2026,True,Available transfer,2026-07-14T12:40:18+00:00
barttorvik-2026-3328,Charles Temple,Arkansas–Monticello,,,2026,True,Available transfer,2026-07-14T12:40:18+00:00
barttorvik-2026-3437,Charles Turner,Grand Valley State,,,2026,True,Available transfer,2026-07-14T12:40:18+00:00
barttorvik-2026-882,Charlie Diamantis,Stonehill,,,2026,True,Available transfer,2026-07-14T12:40:18+00:00
barttorvik-2026-1238,Charlie Gehler,Biola,,,2026,True,Available transfer,2026-07-14T12:40:18+00:00
barttorvik-2026-1521,Charlie Hill,West Liberty,,,2026,True,Available transfer,2026-07-14T12:40:18+00:00
barttorvik-2026-1871,Charlie King,Tennessee Martin,,,2026,True,Available transfer,2026-07-14T12:40:18+00:00
barttorvik-2026-99,Charvez Ambrose,Middle Tennessee,,,2026,True,Available transfer,2026-07-14T12:40:18+00:00
barttorvik-2026-1840,Chas Kelley III,Georgia Tech,,,2026,True,Available transfer,2026-07-14T12:40:18+00:00
barttorvik-2026-77,Chase Allen,USC Aiken,,,2026,True,Available transfer,2026-07-14T12:40:18+00:00
barttorvik-2026-563,Chase Carlton,Erskine,,,2026,True,Available transfer,2026-07-14T12:40:18+00:00
barttorvik-2026-1924,Chase Kuiper,Wayne St. (MI),,,2026,True,Available transfer,2026-07-14T12:40:18+00:00
barttorvik-2026-2230,Chase McDuffie,Lees-McRae,,,2026,True,Available transfer,2026-07-14T12:40:18+00:00
barttorvik-2026-2474,Chase Nelson,American Int'l,,,2026,True,Available transfer,2026-07-14T12:40:18+00:00
barttorvik-2026-3274,Chase Sucharda,Central Oklahoma,,,2026,True,Available transfer,2026-07-14T12:40:18+00:00
barttorvik-2026-3656,Chase Williams,The Citadel,,,2026,True,Available transfer,2026-07-14T12:40:18+00:00
barttorvik-2026-3627,Chauncey Wiggins,Florida St.,,,2026,True,Available transfer,2026-07-14T12:40:18+00:00
barttorvik-2026-1434,Chaze Harris,South Alabama,,,2026,True,Available transfer,2026-07-14T12:40:18+00:00
barttorvik-2026-3201,Cheikh Sow,Idaho St.,,,2026,True,Available transfer,2026-07-14T12:40:18+00:00
barttorvik-2026-3573,Chendall Weaver,Texas,,,2026,True,Available transfer,2026-07-14T12:40:18+00:00
barttorvik-2026-1038,Chevalier Emery,Cleveland St.,,,2026,True,Available transfer,2026-07-14T12:40:18+00:00
barttorvik-2026-2554,Chisom Okpara,Stanford,,,2026,True,Available transfer,2026-07-14T12:40:18+00:00
barttorvik-2026-258,Chris Bell,California,,,2026,True,Available transfer,2026-07-14T12:40:18+00:00
barttorvik-2026-301,Chris Bibbs,Shorter,,,2026,True,Available transfer,2026-07-14T12:40:18+00:00
barttorvik-2026-565,Chris Carpenter,UT Tyler,,,2026,True,Available transfer,2026-07-14T12:40:18+00:00
barttorvik-2026-758,Chris Crudup,Lenoir-Rhyne,,,2026,True,Available transfer,2026-07-14T12:40:18+00:00
barttorvik-2026-1442,Chris Harris,Biola,,,2026,True,Available transfer,2026-07-14T12:40:18+00:00
barttorvik-2026-1541,Chris Holley,Chico State,,,2026,True,Available transfer,2026-07-14T12:40:18+00:00
barttorvik-2026-1927,Chris Kumu,Canisius,,,2026,True,Available transfer,2026-07-14T12:40:18+00:00
barttorvik-2026-2354,Chris Moncrief,Saint Francis,,,2026,True,Available transfer,2026-07-14T12:40:18+00:00
barttorvik-2026-2385,Chris Morgan,Coppin St.,,,2026,True,Available transfer,2026-07-14T12:40:18+00:00
barttorvik-2026-3397,Chris Tippins,Northwestern Oklahoma State,,,2026,True,Available transfer,2026-07-14T12:40:18+00:00
barttorvik-2026-633,Chrishawn Christmas,Stephen F. Austin,,,2026,True,Available transfer,2026-07-14T12:40:18+00:00
barttorvik-2026-107,Christian Ananaba,Mount Olive,,,2026,True,Available transfer,2026-07-14T12:40:18+00:00
barttorvik-2026-1168,Christian Foy,Mars Hill,,,2026,True,Available transfer,2026-07-14T12:40:18+00:00
barttorvik-2026-1496,Christian Henry,Fordham,,,2026,True,Available transfer,2026-07-14T12:40:18+00:00
barttorvik-2026-1564,Christian Horry,UCLA,,,2026,True,Available transfer,2026-07-14T12:40:18+00:00
barttorvik-2026-1586,Christian Hughes,Little Rock,,,2026,True,Available transfer,2026-07-14T12:40:18+00:00
barttorvik-2026-2186,Christian May,UNC Wilmington,,,2026,True,Available transfer,2026-07-14T12:40:18+00:00
barttorvik-2026-2375,Christian Moore,Indiana (PA),,,2026,True,Available transfer,2026-07-14T12:40:18+00:00
barttorvik-2026-2643,Christian Parks,Ouachita Baptist,,,2026,True,Available transfer,2026-07-14T12:40:18+00:00
barttorvik-2026-2887,Christian Richardson,Nebraska Omaha,,,2026,True,Available transfer,2026-07-14T12:40:18+00:00
barttorvik-2026-3361,Christian Thomas,Lamar,,,2026,True,Available transfer,2026-07-14T12:40:18+00:00
barttorvik-2026-3569,Christian Watson,Hampton,,,2026,True,Available transfer,2026-07-14T12:40:18+00:00
barttorvik-2026-3727,Christian Wise,San Jose St.,,,2026,True,Available transfer,2026-07-14T12:40:18+00:00
barttorvik-2026-3395,Christoph Tilly,Ohio St.,,,2026,True,Available transfer,2026-07-14T12:40:18+00:00
barttorvik-2026-450,Christopher Brown,Mount Olive,,,2026,True,Available transfer,2026-07-14T12:40:18+00:00
barttorvik-2026-2265,Christopher Meakin,Frostburg St.,,,2026,True,Available transfer,2026-07-14T12:40:18+00:00
barttorvik-2026-2449,Christopher Nana,Mercy,,,2026,True,Available transfer,2026-07-14T12:40:18+00:00
barttorvik-2026-1638,Chuks Isitua,Southern Utah,,,2026,True,Available transfer,2026-07-14T12:40:18+00:00
barttorvik-2026-865,Chuol Deng,Fort Lewis,,,2026,True,Available transfer,2026-07-14T12:40:18+00:00
barttorvik-2026-1075,"Ché Evans, Jr.",West Virginia State,,,2026,True,Available transfer,2026-07-14T12:40:18+00:00
barttorvik-2026-1648,Clayton Jackson,Lindenwood,,,2026,True,Available transfer,2026-07-14T12:40:18+00:00
barttorvik-2026-821,Cliff Davis,James Madison,,,2026,True,Available transfer,2026-07-14T12:40:18+00:00
barttorvik-2026-1977,Cody Lechlider,Missouri Southern,,,2026,True,Available transfer,2026-07-14T12:40:18+00:00
barttorvik-2026-3046,Cody Schmitz,Northern Michigan,,,2026,True,Available transfer,2026-07-14T12:40:18+00:00
barttorvik-2026-632,Colby Christiansen,Queens,,,2026,True,Available transfer,2026-07-14T12:40:18+00:00
barttorvik-2026-61,Cole Alexander,Fairleigh Dickinson,,,2026,True,Available transfer,2026-07-14T12:40:18+00:00
barttorvik-2026-2205,Cole McCabe,Rider,,,2026,True,Available transfer,2026-07-14T12:40:18+00:00
barttorvik-2026-2963,Cole Roque,Cal State San Marcos,,,2026,True,Available transfer,2026-07-14T12:40:18+00:00
barttorvik-2026-3617,Cole White,Benedictine Mesa,,,2026,True,Available transfer,2026-07-14T12:40:18+00:00
barttorvik-2026-1559,Coleman Hopson,American Int'l,,,2026,True,Available transfer,2026-07-14T12:40:18+00:00
barttorvik-2026-278,Coleton Benson,New Orleans,,,2026,True,Available transfer,2026-07-14T12:40:18+00:00
barttorvik-2026-167,Colin Ayers,Tennessee Tech,,,2026,True,Available transfer,2026-07-14T12:40:18+00:00
barttorvik-2026-804,Colin Darby,Cal St. Bakersfield,,,2026,True,Available transfer,2026-07-14T12:40:18+00:00
barttorvik-2026-1474,Colin Hayes,Westminster,,,2026,True,Available transfer,2026-07-14T12:40:18+00:00
barttorvik-2026-2245,Colin McKenzie,South Carolina St.,,,2026,True,Available transfer,2026-07-14T12:40:18+00:00
barttorvik-2026-55,Collin Albert,Lewis,,,2026,True,Available transfer,2026-07-14T12:40:18+00:00
barttorvik-2026-1212,Connor Gal,Temple,,,2026,True,Available transfer,2026-07-14T12:40:18+00:00
barttorvik-2026-2073,Connor Loy,Jacksonville St.,,,2026,True,Available transfer,2026-07-14T12:40:18+00:00
barttorvik-2026-2156,Connor Martin,Coastal Carolina,,,2026,True,Available transfer,2026-07-14T12:40:18+00:00
barttorvik-2026-2391,Connor Morris,UT Permian Basin,,,2026,True,Available transfer,2026-07-14T12:40:18+00:00
barttorvik-2026-2485,Connor Newton,Central Oklahoma,,,2026,True,Available transfer,2026-07-14T12:40:18+00:00
barttorvik-2026-2534,Connor O'Leary,Assumption,,,2026,True,Available transfer,2026-07-14T12:40:18+00:00
barttorvik-2026-2953,Connor Roffers,Winona St.,,,2026,True,Available transfer,2026-07-14T12:40:18+00:00
barttorvik-2026-2956,Connor Rogers,Pittsburg State,,,2026,True,Available transfer,2026-07-14T12:40:18+00:00
barttorvik-2026-3073,Connor Serven,Mercer,,,2026,True,Available transfer,2026-07-14T12:40:18+00:00
barttorvik-2026-3220,Connor Spratt,Point Park,,,2026,True,Available transfer,2026-07-14T12:40:18+00:00
barttorvik-2026-3293,Connor Swider,Youngstown St.,,,2026,True,Available transfer,2026-07-14T12:40:18+00:00
barttorvik-2026-246,Cooper Bean,Indiana St.,,,2026,True,Available transfer,2026-07-14T12:40:18+00:00
barttorvik-2026-1192,Cooper Frith,Regis CO,,,2026,True,Available transfer,2026-07-14T12:40:18+00:00
barttorvik-2026-1854,Cooper Kent,West Liberty,,,2026,True,Available transfer,2026-07-14T12:40:18+00:00
barttorvik-2026-2504,Cooper Noard,Cornell,,,2026,True,Available transfer,2026-07-14T12:40:18+00:00
barttorvik-2026-1602,Corey Hunter,Barry,,,2026,True,Available transfer,2026-07-14T12:40:18+00:00
barttorvik-2026-2312,Corey Miller,Monmouth,,,2026,True,Available transfer,2026-07-14T12:40:18+00:00
barttorvik-2026-3242,Corey Stephenson,FIU,,,2026,True,Available transfer,2026-07-14T12:40:18+00:00
barttorvik-2026-3559,Corey Washington,SMU,,,2026,True,Available transfer,2026-07-14T12:40:18+00:00
barttorvik-2026-1004,"Corsley Edwards, Jr.",Central Connecticut,,,2026,True,Available transfer,2026-07-14T12:40:18+00:00
barttorvik-2026-780,"Cory Curtis, Jr.",UMKC,,,2026,True,Available transfer,2026-07-14T12:40:18+00:00
barttorvik-2026-41,Courage Agbekpornu,LeMoyne-Owen,,,2026,True,Available transfer,2026-07-14T12:40:18+00:00
barttorvik-2026-834,Courtney Davis II,Bloomsburg,,,2026,True,Available transfer,2026-07-14T12:40:18+00:00
barttorvik-2026-1689,Craig Jarvis,Pitt.-Johnstown,,,2026,True,Available transfer,2026-07-14T12:40:18+00:00
barttorvik-2026-3703,Creed Williamson,Henderson St.,,,2026,True,Available transfer,2026-07-14T12:40:18+00:00
barttorvik-2026-1140,Crew Flowers,Ouachita Baptist,,,2026,True,Available transfer,2026-07-14T12:40:18+00:00
barttorvik-2026-574,Cris Carroll,Youngstown St.,,,2026,True,Available transfer,2026-07-14T12:40:18+00:00
barttorvik-2026-3031,Cristian Sanon,Claflin,,,2026,True,Available transfer,2026-07-14T12:40:18+00:00
barttorvik-2026-3706,Cristian Willis,Benedictine Mesa,,,2026,True,Available transfer,2026-07-14T12:40:18+00:00
barttorvik-2026-3049,Cullen Schreiner,Georgia Southern,,,2026,True,Available transfer,2026-07-14T12:40:18+00:00
barttorvik-2026-1664,Curtis Jackson,Davenport,,,2026,True,Available transfer,2026-07-14T12:40:18+00:00
barttorvik-2026-3653,Curtis Williams,Gardner Webb,,,2026,True,Available transfer,2026-07-14T12:40:18+00:00
barttorvik-2026-1453,Cyncier Harrison,Coker,,,2026,True,Available transfer,2026-07-14T12:40:18+00:00
barttorvik-2026-1176,Cyril Franklin Jr.,UC Davis,,,2026,True,Available transfer,2026-07-14T12:40:18+00:00
barttorvik-2026-3082,Cyrus Shaw,Newman,,,2026,True,Available transfer,2026-07-14T12:40:18+00:00
barttorvik-2026-2982,D'Necco Rucker,Lincoln (MO),,,2026,True,Available transfer,2026-07-14T12:40:18+00:00
barttorvik-2026-1895,D'Shay Knights Wright,South Carolina St.,,,2026,True,Available transfer,2026-07-14T12:40:18+00:00
barttorvik-2026-1693,D.J. Jefferson,Gardner Webb,,,2026,True,Available transfer,2026-07-14T12:40:18+00:00
barttorvik-2026-1792,D.J. Joseph,Sul Ross St.,,,2026,True,Available transfer,2026-07-14T12:40:18+00:00
barttorvik-2026-930,DJ Dormu,Tarleton St.,,,2026,True,Available transfer,2026-07-14T12:40:18+00:00
barttorvik-2026-2657,DJ Patrick,UNC Asheville,,,2026,True,Available transfer,2026-07-14T12:40:18+00:00
barttorvik-2026-3784,DaJaun Young,Edinboro,,,2026,True,Available transfer,2026-07-14T12:40:18+00:00
barttorvik-2026-238,DaJuan Bates,Chicago St.,,,2026,True,Available transfer,2026-07-14T12:40:18+00:00
barttorvik-2026-2223,DaVaughn McCrumb,Cal State San Marcos,,,2026,True,Available transfer,2026-07-14T12:40:18+00:00
barttorvik-2026-2771,Dacory Porter,Delta St.,,,2026,True,Available transfer,2026-07-14T12:40:18+00:00
barttorvik-2026-2984,Daeshun Ruffin,Jackson St.,,,2026,True,Available transfer,2026-07-14T12:40:18+00:00
barttorvik-2026-2331,Dailon Minor,Bethune Cookman,,,2026,True,Available transfer,2026-07-14T12:40:18+00:00
barttorvik-2026-3359,Dakari Thomas,Chicago St.,,,2026,True,Available transfer,2026-07-14T12:40:18+00:00
barttorvik-2026-553,Dakota Candler,Evansville,,,2026,True,Available transfer,2026-07-14T12:40:18+00:00
barttorvik-2026-1197,Dalen Fuller,Northeastern St.,,,2026,True,Available transfer,2026-07-14T12:40:18+00:00
barttorvik-2026-1784,Dallas Jones,Anderson,,,2026,True,Available transfer,2026-07-14T12:40:18+00:00
barttorvik-2026-1846,Dallas Kendall,Lincoln Memorial,,,2026,True,Available transfer,2026-07-14T12:40:18+00:00
barttorvik-2026-395,Dalyn Brandon,Southern Miss,,,2026,True,Available transfer,2026-07-14T12:40:18+00:00
barttorvik-2026-1218,Damian Garcia,East Texas A&M,,,2026,True,Available transfer,2026-07-14T12:40:18+00:00
barttorvik-2026-2194,Damien Mayo Jr.,Southern Illinois,,,2026,True,Available transfer,2026-07-14T12:40:18+00:00
barttorvik-2026-3497,Damjan Vukčević,Tusculum,,,2026,True,Available transfer,2026-07-14T12:40:18+00:00
barttorvik-2026-1143,Damon Folds,Malone,,,2026,True,Available transfer,2026-07-14T12:40:18+00:00
barttorvik-2026-2489,Damon Nicholas Jr.,Sam Houston St.,,,2026,True,Available transfer,2026-07-14T12:40:18+00:00
barttorvik-2026-3263,Damon Strand,La Salle,,,2026,True,Available transfer,2026-07-14T12:40:18+00:00
barttorvik-2026-1247,Dan Gherezgher,Northern Kentucky,,,2026,True,Available transfer,2026-07-14T12:40:18+00:00
barttorvik-2026-3141,Dan Skillings Jr.,Baylor,,,2026,True,Available transfer,2026-07-14T12:40:18+00:00
barttorvik-2026-1821,Danas Kazakevicius,Howard,,,2026,True,Available transfer,2026-07-14T12:40:18+00:00
barttorvik-2026-43,Daniel Agu,Lees-McRae,,,2026,True,Available transfer,2026-07-14T12:40:18+00:00
barttorvik-2026-51,Daniel Akoue,Bryant,,,2026,True,Available transfer,2026-07-14T12:40:18+00:00
barttorvik-2026-508,Daniel Burton,West Liberty,,,2026,True,Available transfer,2026-07-14T12:40:18+00:00
barttorvik-2026-1007,Daniel Egbuniwe,St. Bonaventure,,,2026,True,Available transfer,2026-07-14T12:40:18+00:00
barttorvik-2026-1121,Daniel Figueira,Dallas Baptist,,,2026,True,Available transfer,2026-07-14T12:40:18+00:00
barttorvik-2026-1350,Daniel Guetta,Oklahoma St.,,,2026,True,Available transfer,2026-07-14T12:40:18+00:00
barttorvik-2026-1490,Daniel Henderson,Harding,,,2026,True,Available transfer,2026-07-14T12:40:18+00:00
barttorvik-2026-2142,Daniel Marcellinus,Campbell,,,2026,True,Available transfer,2026-07-14T12:40:18+00:00
barttorvik-2026-2190,Daniel Mayfield,Mississippi Valley St.,,,2026,True,Available transfer,2026-07-14T12:40:18+00:00
barttorvik-2026-2195,Daniel Mbaeteka,Shaw,,,2026,True,Available transfer,2026-07-14T12:40:18+00:00
barttorvik-2026-2972,Daniel Rouzan,Bethune Cookman,,,2026,True,Available transfer,2026-07-14T12:40:18+00:00
barttorvik-2026-3363,Daniel Thomas,UNC Asheville,,,2026,True,Available transfer,2026-07-14T12:40:18+00:00
barttorvik-2026-3795,Daniel Zatsepin,Chicago St.,,,2026,True,Available transfer,2026-07-14T12:40:18+00:00
barttorvik-2026-945,Danilo Dozic,Pepperdine,,,2026,True,Available transfer,2026-07-14T12:40:18+00:00
barttorvik-2026-856,Danny Delgardo III,Fort Valley St.,,,2026,True,Available transfer,2026-07-14T12:40:18+00:00
barttorvik-2026-1843,Danny Kelly,Purdue Fort Wayne,,,2026,True,Available transfer,2026-07-14T12:40:18+00:00
barttorvik-2026-1950,Danny Lans,Christian Brothers,,,2026,True,Available transfer,2026-07-14T12:40:18+00:00
barttorvik-2026-2429,Danny Murray,Siena,,,2026,True,Available transfer,2026-07-14T12:40:18+00:00
barttorvik-2026-2565,Dante Oliver,North Florida,,,2026,True,Available transfer,2026-07-14T12:40:18+00:00
barttorvik-2026-1878,DarKaun King,North Alabama,,,2026,True,Available transfer,2026-07-14T12:40:18+00:00
barttorvik-2026-15,Darius Abraham,Shaw,,,2026,True,Available transfer,2026-07-14T12:40:18+00:00
barttorvik-2026-391,Darius Brady,Angelo St.,,,2026,True,Available transfer,2026-07-14T12:40:18+00:00
barttorvik-2026-3094,Darius Sherman,Goldey-Beacom,,,2026,True,Available transfer,2026-07-14T12:40:18+00:00
barttorvik-2026-1074,Darnell Evans,Clark Atlanta,,,2026,True,Available transfer,2026-07-14T12:40:18+00:00
barttorvik-2026-3562,Darrell Washington,Pittsburg State,,,2026,True,Available transfer,2026-07-14T12:40:18+00:00
barttorvik-2026-285,Darrien Berrios Rivera,Mansfield,,,2026,True,Available transfer,2026-07-14T12:40:18+00:00
barttorvik-2026-3665,Darrion Williams,N.C. State,,,2026,True,Available transfer,2026-07-14T12:40:18+00:00
barttorvik-2026-919,David Dixon,Duquesne,,,2026,True,Available transfer,2026-07-14T12:40:18+00:00
barttorvik-2026-1122,David Filipovas,Cal St. East Bay,,,2026,True,Available transfer,2026-07-14T12:40:18+00:00
barttorvik-2026-1252,David Giddens,Cleveland St.,,,2026,True,Available transfer,2026-07-14T12:40:18+00:00
barttorvik-2026-1303,David Gorianskii,Carson–Newman,,,2026,True,Available transfer,2026-07-14T12:40:18+00:00
barttorvik-2026-1620,David Idada,Southeast Missouri St.,,,2026,True,Available transfer,2026-07-14T12:40:18+00:00
barttorvik-2026-2100,David Mager,Pepperdine,,,2026,True,Available transfer,2026-07-14T12:40:18+00:00
barttorvik-2026-2576,David Onanina,Bethune Cookman,,,2026,True,Available transfer,2026-07-14T12:40:18+00:00
barttorvik-2026-2583,David Oriaku,Texas A&M Kingsville,,,2026,True,Available transfer,2026-07-14T12:40:18+00:00
barttorvik-2026-2608,David Oyona Ibandzo,Okla. Christian,,,2026,True,Available transfer,2026-07-14T12:40:18+00:00
barttorvik-2026-3040,David Scariano II,Point Loma,,,2026,True,Available transfer,2026-07-14T12:40:18+00:00
barttorvik-2026-3085,David Shelia,Western Colo.,,,2026,True,Available transfer,2026-07-14T12:40:18+00:00
barttorvik-2026-3326,David Teele,Queens (NY),,,2026,True,Available transfer,2026-07-14T12:40:18+00:00
barttorvik-2026-3687,David Williams,Miles,,,2026,True,Available transfer,2026-07-14T12:40:18+00:00
barttorvik-2026-768,Davion Cunningham,Morehead St.,,,2026,True,Available transfer,2026-07-14T12:40:18+00:00
barttorvik-2026-516,Davyon Butler,Midwestern St.,,,2026,True,Available transfer,2026-07-14T12:40:18+00:00
barttorvik-2026-843,Day Day Thomas,Cincinnati,,,2026,True,Available transfer,2026-07-14T12:40:18+00:00
barttorvik-2026-3563,Day Waters,Millersville,,,2026,True,Available transfer,2026-07-14T12:40:18+00:00
barttorvik-2026-2762,Dayon Polk,Army,,,2026,True,Available transfer,2026-07-14T12:40:18+00:00
barttorvik-2026-3067,DeAndrae Seeden,Lock Haven,,,2026,True,Available transfer,2026-07-14T12:40:18+00:00
barttorvik-2026-2016,DeMarreya Lewis-Cooper,Cal Poly Pomona,,,2026,True,Available transfer,2026-07-14T12:40:18+00:00
barttorvik-2026-2683,DeVyn Paz,Angelo St.,,,2026,True,Available transfer,2026-07-14T12:40:18+00:00
barttorvik-2026-3039,Deavion Scales,Kentucky St.,,,2026,True,Available transfer,2026-07-14T12:40:18+00:00
barttorvik-2026-1548,Delkedric Holmes,Mississippi Valley St.,,,2026,True,Available transfer,2026-07-14T12:40:18+00:00
barttorvik-2026-121,Demar Anderson,UNC Pembroke,,,2026,True,Available transfer,2026-07-14T12:40:18+00:00
barttorvik-2026-2728,Demetris Phillips,Mo.-St. Louis,,,2026,True,Available transfer,2026-07-14T12:40:18+00:00
barttorvik-2026-1249,Demetrius Gibson,Columbus St.,,,2026,True,Available transfer,2026-07-14T12:40:18+00:00
barttorvik-2026-1866,Denaj Kimber,Tusculum,,,2026,True,Available transfer,2026-07-14T12:40:18+00:00
barttorvik-2026-157,Dennis Asoro,Arkansas Pine Bluff,,,2026,True,Available transfer,2026-07-14T12:40:18+00:00
barttorvik-2026-3680,Deonte Williams,Georgia Southwestern,,,2026,True,Available transfer,2026-07-14T12:40:18+00:00
barttorvik-2026-40,Deraje Agbaosi,Cal State Los Angeles,,,2026,True,Available transfer,2026-07-14T12:40:18+00:00
barttorvik-2026-857,"Derek Delgardo, Jr.",Fort Valley St.,,,2026,True,Available transfer,2026-07-14T12:40:18+00:00
barttorvik-2026-1008,Derek Eide,N.M. Highlands,,,2026,True,Available transfer,2026-07-14T12:40:18+00:00
barttorvik-2026-2053,Derek Long,Mercy,,,2026,True,Available transfer,2026-07-14T12:40:18+00:00
barttorvik-2026-3122,Derek Simpson,Saint Joseph's,,,2026,True,Available transfer,2026-07-14T12:40:18+00:00
barttorvik-2026-750,Deshawne Crim,Central Missouri,,,2026,True,Available transfer,2026-07-14T12:40:18+00:00
barttorvik-2026-656,Desmond Claude,Washington,,,2026,True,Available transfer,2026-07-14T12:40:18+00:00
barttorvik-2026-272,Deuce Benjamin,Minot St.,,,2026,True,Available transfer,2026-07-14T12:40:18+00:00
barttorvik-2026-3666,Devean Williams,Rider,,,2026,True,Available transfer,2026-07-14T12:40:18+00:00
barttorvik-2026-155,Devin Askew,Villanova,,,2026,True,Available transfer,2026-07-14T12:40:18+00:00
barttorvik-2026-206,Devin Barksdale,Auburn Montgomery,,,2026,True,Available transfer,2026-07-14T12:40:18+00:00
barttorvik-2026-262,Devin Belle,Wayne St. (MI),,,2026,True,Available transfer,2026-07-14T12:40:18+00:00
barttorvik-2026-704,Devin Conley,Emporia St.,,,2026,True,Available transfer,2026-07-14T12:40:18+00:00
barttorvik-2026-777,Devin Curtis,Southern Indiana,,,2026,True,Available transfer,2026-07-14T12:40:18+00:00
barttorvik-2026-1528,Devin Hines,North Florida,,,2026,True,Available transfer,2026-07-14T12:40:18+00:00
barttorvik-2026-3356,Devin Thomas,Maryland Eastern Shore,,,2026,True,Available transfer,2026-07-14T12:40:18+00:00
barttorvik-2026-3521,Devin Walker,Newman,,,2026,True,Available transfer,2026-07-14T12:40:18+00:00
barttorvik-2026-209,Devon Barnes,Ball St.,,,2026,True,Available transfer,2026-07-14T12:40:18+00:00
barttorvik-2026-1029,Devon Ellis,Norfolk St.,,,2026,True,Available transfer,2026-07-14T12:40:18+00:00
barttorvik-2026-1389,Devon Hancock,Ouachita Baptist,,,2026,True,Available transfer,2026-07-14T12:40:18+00:00
barttorvik-2026-1956,"Devon Lassiter, Jr.",Elizabeth City St.,,,2026,True,Available transfer,2026-07-14T12:40:18+00:00
barttorvik-2026-1178,Devyn Franklin,Grambling St.,,,2026,True,Available transfer,2026-07-14T12:40:18+00:00
barttorvik-2026-1906,Deyan Kolev,Jackson St.,,,2026,True,Available transfer,2026-07-14T12:40:18+00:00
barttorvik-2026-2698,Dez'Mond Perkins,Clayton St.,,,2026,True,Available transfer,2026-07-14T12:40:18+00:00
barttorvik-2026-2330,Dezayne Mingo,Charlotte,,,2026,True,Available transfer,2026-07-14T12:40:18+00:00
barttorvik-2026-3252,Diarmid Stewart,Mansfield,,,2026,True,Available transfer,2026-07-14T12:40:18+00:00
barttorvik-2026-2119,Didier Maleng,Denver,,,2026,True,Available transfer,2026-07-14T12:40:18+00:00
barttorvik-2026-3144,Dimitrios Sklavenitis,Seton Hill,,,2026,True,Available transfer,2026-07-14T12:40:18+00:00
barttorvik-2026-290,Domanic Betancourt,Nicholls St.,,,2026,True,Available transfer,2026-07-14T12:40:18+00:00
barttorvik-2026-558,Dominic Capriotti,Pacific,,,2026,True,Available transfer,2026-07-14T12:40:18+00:00
barttorvik-2026-700,Dominic Commisso,Saint Leo,,,2026,True,Available transfer,2026-07-14T12:40:18+00:00
barttorvik-2026-1432,Dominick Harris,Loyola Chicago,,,2026,True,Available transfer,2026-07-14T12:40:18+00:00
barttorvik-2026-2473,Dominick Nelson,Iowa St.,,,2026,True,Available transfer,2026-07-14T12:40:18+00:00
barttorvik-2026-2425,Dominique Murphy Jr,Bellarmine,,,2026,True,Available transfer,2026-07-14T12:40:18+00:00
barttorvik-2026-512,Dominykas Butka,Campbell,,,2026,True,Available transfer,2026-07-14T12:40:18+00:00
barttorvik-2026-3438,"Domonic Turner, Jr.",Pittsburg State,,,2026,True,Available transfer,2026-07-14T12:40:18+00:00
barttorvik-2026-928,Don Don Ferguson,Augustana,,,2026,True,Available transfer,2026-07-14T12:40:18+00:00
barttorvik-2026-669,Donald Coats,Pittsburg State,,,2026,True,Available transfer,2026-07-14T12:40:18+00:00
barttorvik-2026-3619,"Donald Whitehead, Jr.",UNC Greensboro,,,2026,True,Available transfer,2026-07-14T12:40:18+00:00
barttorvik-2026-3787,Donaven Younger,UIS,,,2026,True,Available transfer,2026-07-14T12:40:18+00:00
barttorvik-2026-2027,Donjae’ Lindsey,Stanislaus St.,,,2026,True,Available transfer,2026-07-14T12:40:18+00:00
barttorvik-2026-3770,Donny Yeager,Oakland,,,2026,True,Available transfer,2026-07-14T12:40:18+00:00
barttorvik-2026-447,Donovan Brown,Massachusetts,,,2026,True,Available transfer,2026-07-14T12:40:18+00:00
barttorvik-2026-1519,Donovan Hill,Saint Leo,,,2026,True,Available transfer,2026-07-14T12:40:18+00:00
barttorvik-2026-2052,Donovan Long,Felician,,,2026,True,Available transfer,2026-07-14T12:40:18+00:00
barttorvik-2026-2540,Donovan Oday,Northern Kentucky,,,2026,True,Available transfer,2026-07-14T12:40:18+00:00
barttorvik-2026-3032,Donovan Santoro,St. Edward's,,,2026,True,Available transfer,2026-07-14T12:40:18+00:00
barttorvik-2026-1561,Dontae Horne,Prairie View A&M,,,2026,True,Available transfer,2026-07-14T12:40:18+00:00
barttorvik-2026-2791,Dontae Prescott,Queens (NY),,,2026,True,Available transfer,2026-07-14T12:40:18+00:00
barttorvik-2026-3526,Dontae Walker,N.M. Highlands,,,2026,True,Available transfer,2026-07-14T12:40:18+00:00
barttorvik-2026-170,Donte Bacchus,North Alabama,,,2026,True,Available transfer,2026-07-14T12:40:18+00:00
barttorvik-2026-1505,Donte Hickman,Claflin,,,2026,True,Available transfer,2026-07-14T12:40:18+00:00
barttorvik-2026-3624,Donte Whymns,Benedictine Mesa,,,2026,True,Available transfer,2026-07-14T12:40:18+00:00
barttorvik-2026-1701,Dontrell Jenkins,Davis & Elkins,,,2026,True,Available transfer,2026-07-14T12:40:18+00:00
barttorvik-2026-2187,Donyae May,Arkansas Tech,,,2026,True,Available transfer,2026-07-14T12:40:18+00:00
barttorvik-2026-1687,Dorian Janvier,Coker,,,2026,True,Available transfer,2026-07-14T12:40:18+00:00
barttorvik-2026-1751,Dorien Johnson,Erskine,,,2026,True,Available transfer,2026-07-14T12:40:18+00:00
barttorvik-2026-3782,Doug Young,Prairie View A&M,,,2026,True,Available transfer,2026-07-14T12:40:18+00:00
barttorvik-2026-2743,Draven Pilson,Lincoln PA,,,2026,True,Available transfer,2026-07-14T12:40:18+00:00
barttorvik-2026-2505,Dre Nobles,Hawaii Hilo,,,2026,True,Available transfer,2026-07-14T12:40:18+00:00
barttorvik-2026-138,Drew Ardouin,Cal Poly Humboldt,,,2026,True,Available transfer,2026-07-14T12:40:18+00:00
barttorvik-2026-224,Drew Barrie,Michigan Tech,,,2026,True,Available transfer,2026-07-14T12:40:18+00:00
barttorvik-2026-1132,Drew Fisher,Lewis,,,2026,True,Available transfer,2026-07-14T12:40:18+00:00
barttorvik-2026-1585,Drew Huffman,Kent St.,,,2026,True,Available transfer,2026-07-14T12:40:18+00:00
barttorvik-2026-1810,Drew Kania,Brown,,,2026,True,Available transfer,2026-07-14T12:40:18+00:00
barttorvik-2026-1952,Drew Larson,Niagara,,,2026,True,Available transfer,2026-07-14T12:40:18+00:00
barttorvik-2026-2428,Drew Murphy,Northern Michigan,,,2026,True,Available transfer,2026-07-14T12:40:18+00:00
barttorvik-2026-2775,Duane Posey,Texas Southern,,,2026,True,Available transfer,2026-07-14T12:40:18+00:00
barttorvik-2026-403,Duke Brennan,Villanova,,,2026,True,Available transfer,2026-07-14T12:40:18+00:00
barttorvik-2026-145,Dylan Arnett,North Texas,,,2026,True,Available transfer,2026-07-14T12:40:18+00:00
barttorvik-2026-554,Dylan Canoville,Lander,,,2026,True,Available transfer,2026-07-14T12:40:18+00:00
barttorvik-2026-1774,Dylan Jones,Southern Utah,,,2026,True,Available transfer,2026-07-14T12:40:18+00:00
barttorvik-2026-2013,Dylan Lewis,USC Beaufort,,,2026,True,Available transfer,2026-07-14T12:40:18+00:00
barttorvik-2026-2815,Dylan Purnell,Cal St. Bakersfield,,,2026,True,Available transfer,2026-07-14T12:40:18+00:00
barttorvik-2026-3178,Dylan Smith,Davenport,,,2026,True,Available transfer,2026-07-14T12:40:18+00:00
barttorvik-2026-3733,Dylan Wolle,Young Harris,,,2026,True,Available transfer,2026-07-14T12:40:18+00:00
barttorvik-2026-1595,DáJion Humphrey,Samford,,,2026,True,Available transfer,2026-07-14T12:40:18+00:00
barttorvik-2026-402,E.J. Breland,Pittsburg State,,,2026,True,Available transfer,2026-07-14T12:40:18+00:00
barttorvik-2026-474,E.J. Bryson,Azusa Pacific,,,2026,True,Available transfer,2026-07-14T12:40:18+00:00
barttorvik-2026-2184,E.J. Matthews-Spratley,Millersville,,,2026,True,Available transfer,2026-07-14T12:40:18+00:00
barttorvik-2026-2468,EJ Neal,USC,,,2026,True,Available transfer,2026-07-14T12:40:18+00:00
barttorvik-2026-2423,Eddie Munyak,LIU,,,2026,True,Available transfer,2026-07-14T12:40:18+00:00
barttorvik-2026-2165,Eemil Martinez,Texas A&M,,,2026,True,Available transfer,2026-07-14T12:40:18+00:00
barttorvik-2026-3303,Efe Tahmaz,Mississippi Col.,,,2026,True,Available transfer,2026-07-14T12:40:18+00:00
barttorvik-2026-2068,Eian Lowe,Lamar,,,2026,True,Available transfer,2026-07-14T12:40:18+00:00
barttorvik-2026-3084,Elem Shelby,Arkansas–Monticello,,,2026,True,Available transfer,2026-07-14T12:40:18+00:00
barttorvik-2026-3338,Elhadji Thiam,Auburn Montgomery,,,2026,True,Available transfer,2026-07-14T12:40:18+00:00
barttorvik-2026-1851,Eli Kennedy,Southwest Baptist,,,2026,True,Available transfer,2026-07-14T12:40:18+00:00
barttorvik-2026-3257,Eli Stokes,Emporia St.,,,2026,True,Available transfer,2026-07-14T12:40:18+00:00
barttorvik-2026-1949,Elija Langston,Ferris State,,,2026,True,Available transfer,2026-07-14T12:40:18+00:00
barttorvik-2026-177,Elijah Bailey,Okla. Christian,,,2026,True,Available transfer,2026-07-14T12:40:18+00:00
barttorvik-2026-392,Elijah Bragg,Northwestern Oklahoma State,,,2026,True,Available transfer,2026-07-14T12:40:18+00:00
barttorvik-2026-1003,Elijah Edwards,Cal State San Bernardino,,,2026,True,Available transfer,2026-07-14T12:40:18+00:00
barttorvik-2026-1057,Elijah Espinosa,Mount St. Mary's,,,2026,True,Available transfer,2026-07-14T12:40:18+00:00
barttorvik-2026-1131,Elijah Fisher,Seton Hall,,,2026,True,Available transfer,2026-07-14T12:40:18+00:00
barttorvik-2026-1850,Elijah Kennedy,Hampton,,,2026,True,Available transfer,2026-07-14T12:40:18+00:00
barttorvik-2026-2012,Elijah Lewis,Lane,,,2026,True,Available transfer,2026-07-14T12:40:18+00:00
barttorvik-2026-2105,Elijah Mahi,Santa Clara,,,2026,True,Available transfer,2026-07-14T12:40:18+00:00
barttorvik-2026-2122,Elijah Malone,Colorado,,,2026,True,Available transfer,2026-07-14T12:40:18+00:00
barttorvik-2026-3062,Elijah Scranton,Virginia Union,,,2026,True,Available transfer,2026-07-14T12:40:18+00:00
barttorvik-2026-3428,Elijah Tucker,Longwood,,,2026,True,Available transfer,2026-07-14T12:40:18+00:00
barttorvik-2026-452,Elisha Brown,Goldey-Beacom,,,2026,True,Available transfer,2026-07-14T12:40:18+00:00
barttorvik-2026-1679,Elmore James,Ball St.,,,2026,True,Available transfer,2026-07-14T12:40:18+00:00
barttorvik-2026-1963,Eman Lawal,Salem,,,2026,True,Available transfer,2026-07-14T12:40:18+00:00
barttorvik-2026-1780,Emarquis Jones,Goldey-Beacom,,,2026,True,Available transfer,2026-07-14T12:40:18+00:00
barttorvik-2026-2581,Emeka Opurum,Auburn,,,2026,True,Available transfer,2026-07-14T12:40:18+00:00
barttorvik-2026-1800,Emerson Juhasz,Lubbock Christian,,,2026,True,Available transfer,2026-07-14T12:40:18+00:00
barttorvik-2026-536,Emmanuel Callas,San Diego,,,2026,True,Available transfer,2026-07-14T12:40:18+00:00
barttorvik-2026-1683,Emmanuel James,Lincoln Memorial,,,2026,True,Available transfer,2026-07-14T12:40:18+00:00
barttorvik-2026-1917,Emmanuel Koveos,Georgia St.,,,2026,True,Available transfer,2026-07-14T12:40:18+00:00
barttorvik-2026-2545,Emmanuel Ogbole,Rutgers,,,2026,True,Available transfer,2026-07-14T12:40:18+00:00
barttorvik-2026-2553,Emmanuel Okorafor,Wichita St.,,,2026,True,Available transfer,2026-07-14T12:40:18+00:00
barttorvik-2026-3239,Emmanuel Stephen,UNLV,,,2026,True,Available transfer,2026-07-14T12:40:18+00:00
barttorvik-2026-3449,Emmanuel Ugbo,Washington St.,,,2026,True,Available transfer,2026-07-14T12:40:18+00:00
barttorvik-2026-374,Enire Bowens,Slippery Rock,,,2026,True,Available transfer,2026-07-14T12:40:18+00:00
barttorvik-2026-1113,Enmanuel Ferreras,Franklin Pierce,,,2026,True,Available transfer,2026-07-14T12:40:18+00:00
barttorvik-2026-1807,Enoch Kalambay,Campbell,,,2026,True,Available transfer,2026-07-14T12:40:18+00:00
barttorvik-2026-697,Enzo Combs,North Georgia,,,2026,True,Available transfer,2026-07-14T12:40:18+00:00
barttorvik-2026-1814,Eren Karakaya,San Jose St.,,,2026,True,Available transfer,2026-07-14T12:40:18+00:00
barttorvik-2026-183,Eric Baldassarre,West Georgia,,,2026,True,Available transfer,2026-07-14T12:40:18+00:00
barttorvik-2026-1300,"Eric Gordon, Jr.",Chowan,,,2026,True,Available transfer,2026-07-14T12:40:18+00:00
barttorvik-2026-1364,Eric Hackett,Maryville (MO),,,2026,True,Available transfer,2026-07-14T12:40:18+00:00
barttorvik-2026-674,Erick Coffey,Livingstone,,,2026,True,Available transfer,2026-07-14T12:40:18+00:00
barttorvik-2026-2789,Erik Pratt,Stony Brook,,,2026,True,Available transfer,2026-07-14T12:40:18+00:00
barttorvik-2026-1745,Ernest Johnson II,Bluefield St.,,,2026,True,Available transfer,2026-07-14T12:40:18+00:00
barttorvik-2026-3447,Ernest Udeh Jr.,Miami FL,,,2026,True,Available transfer,2026-07-14T12:40:18+00:00
barttorvik-2026-82,Ernesto Almonte,Young Harris,,,2026,True,Available transfer,2026-07-14T12:40:18+00:00
barttorvik-2026-2136,Esteban Mann,Incarnate Word,,,2026,True,Available transfer,2026-07-14T12:40:18+00:00
barttorvik-2026-2191,Ethan Maynard,East Stroudsburg,,,2026,True,Available transfer,2026-07-14T12:40:18+00:00
barttorvik-2026-2556,Ethan Okwuosa,Boston University,,,2026,True,Available transfer,2026-07-14T12:40:18+00:00
barttorvik-2026-2751,Ethan Pires,Valdosta State,,,2026,True,Available transfer,2026-07-14T12:40:18+00:00
barttorvik-2026-2777,Ethan Potter,Utah Tech,,,2026,True,Available transfer,2026-07-14T12:40:18+00:00
barttorvik-2026-2923,Ethan Robertson,Pace,,,2026,True,Available transfer,2026-07-14T12:40:18+00:00
barttorvik-2026-2992,Ethan Russell,Chadron St.,,,2026,True,Available transfer,2026-07-14T12:40:18+00:00
barttorvik-2026-371,Ethane Bourgade,Bryant,,,2026,True,Available transfer,2026-07-14T12:40:18+00:00
barttorvik-2026-2720,Evan Phelps,East Texas A&M,,,2026,True,Available transfer,2026-07-14T12:40:18+00:00
barttorvik-2026-3117,Evan Simon,UIS,,,2026,True,Available transfer,2026-07-14T12:40:18+00:00
barttorvik-2026-3814,Evan van der Plas,Canisius,,,2026,True,Available transfer,2026-07-14T12:40:18+00:00
barttorvik-2026-218,"Evans Barning, Jr.",West Virginia,,,2026,True,Available transfer,2026-07-14T12:40:18+00:00
barttorvik-2026-785,Fabio Da Rocha,Hawaii Hilo,,,2026,True,Available transfer,2026-07-14T12:40:18+00:00
barttorvik-2026-3008,Fabrice Salvant,Franklin Pierce,,,2026,True,Available transfer,2026-07-14T12:40:18+00:00
barttorvik-2026-2285,Faheim Meran,LIU,,,2026,True,Available transfer,2026-07-14T12:40:18+00:00
barttorvik-2026-1351,Fallou Gueye,Sacred Heart,,,2026,True,Available transfer,2026-07-14T12:40:18+00:00
barttorvik-2026-1613,Fatih Hüyük,Ky. Wesleyan,,,2026,True,Available transfer,2026-07-14T12:40:18+00:00
barttorvik-2026-2054,Federico Longo,St. Thomas Aquinas,,,2026,True,Available transfer,2026-07-14T12:40:18+00:00
barttorvik-2026-3811,Fedor Zugic,Creighton,,,2026,True,Available transfer,2026-07-14T12:40:18+00:00
barttorvik-2026-2560,Femi Olaniyan,Southern,,,2026,True,Available transfer,2026-07-14T12:40:18+00:00
barttorvik-2026-361,Filip Borovicanin,Xavier,,,2026,True,Available transfer,2026-07-14T12:40:18+00:00
barttorvik-2026-397,Filip Brankovic,UT Rio Grande Valley,,,2026,True,Available transfer,2026-07-14T12:40:18+00:00
barttorvik-2026-2709,Filip Petkovski,Tennessee Martin,,,2026,True,Available transfer,2026-07-14T12:40:18+00:00
barttorvik-2026-2823,Filip Radaković,Tennessee Martin,,,2026,True,Available transfer,2026-07-14T12:40:18+00:00
barttorvik-2026-443,Fischer Brown,Western Carolina,,,2026,True,Available transfer,2026-07-14T12:40:18+00:00
barttorvik-2026-2557,Francis Okwuosah,Western Illinois,,,2026,True,Available transfer,2026-07-14T12:40:18+00:00
barttorvik-2026-1839,Frank Keller,Missouri Western,,,2026,True,Available transfer,2026-07-14T12:40:18+00:00
barttorvik-2026-2342,Frank Mitchell,St. Bonaventure,,,2026,True,Available transfer,2026-07-14T12:40:18+00:00
barttorvik-2026-690,Frankie Collins,Vanderbilt,,,2026,True,Available transfer,2026-07-14T12:40:18+00:00
barttorvik-2026-2677,Fred Payne,Boston College,,,2026,True,Available transfer,2026-07-14T12:40:18+00:00
barttorvik-2026-720,Freddie Cooper,St. Mary's (TX),,,2026,True,Available transfer,2026-07-14T12:40:18+00:00
barttorvik-2026-2274,Frederiks Meinarts,Lynn,,,2026,True,Available transfer,2026-07-14T12:40:18+00:00
barttorvik-2026-1882,Fredrick King,Murray St.,,,2026,True,Available transfer,2026-07-14T12:40:18+00:00
barttorvik-2026-665,Gabe Clemmons,Maryville (MO),,,2026,True,Available transfer,2026-07-14T12:40:18+00:00
barttorvik-2026-1463,Gabe Hatler,Montana St. Billings,,,2026,True,Available transfer,2026-07-14T12:40:18+00:00
barttorvik-2026-3136,Gabe Sisk,East Tennessee St.,,,2026,True,Available transfer,2026-07-14T12:40:18+00:00
barttorvik-2026-3249,Gabe Stewart,IU Indy,,,2026,True,Available transfer,2026-07-14T12:40:18+00:00
barttorvik-2026-627,Gai Chol,Mississippi St.,,,2026,True,Available transfer,2026-07-14T12:40:18+00:00
barttorvik-2026-404,Garrett Brennan,Loyola MD,,,2026,True,Available transfer,2026-07-14T12:40:18+00:00
barttorvik-2026-3217,Garrett Spielman,Wyoming,,,2026,True,Available transfer,2026-07-14T12:40:18+00:00
barttorvik-2026-486,Gavin Bullock,Lees-McRae,,,2026,True,Available transfer,2026-07-14T12:40:18+00:00
barttorvik-2026-580,Gavin Carter,Colorado Colorado Springs,,,2026,True,Available transfer,2026-07-14T12:40:18+00:00
barttorvik-2026-837,Gavin Davis,Cal State San Bernardino,,,2026,True,Available transfer,2026-07-14T12:40:18+00:00
barttorvik-2026-2691,Gavin Pendergast,LIU,,,2026,True,Available transfer,2026-07-14T12:40:18+00:00
barttorvik-2026-3583,Gavin Welch,Lake Erie,,,2026,True,Available transfer,2026-07-14T12:40:18+00:00
barttorvik-2026-2573,Gbenga Olubi,North Carolina Central,,,2026,True,Available transfer,2026-07-14T12:40:18+00:00
barttorvik-2026-3221,Geoff Sprouse,American,,,2026,True,Available transfer,2026-07-14T12:40:18+00:00
barttorvik-2026-244,George Beale Jr.,UCF,,,2026,True,Available transfer,2026-07-14T12:40:18+00:00
barttorvik-2026-2132,George Mangas,Fairmont St.,,,2026,True,Available transfer,2026-07-14T12:40:18+00:00
barttorvik-2026-2152,George Marshall,Morehead St.,,,2026,True,Available transfer,2026-07-14T12:40:18+00:00
barttorvik-2026-2996,George Sabatini,Bloomsburg,,,2026,True,Available transfer,2026-07-14T12:40:18+00:00
barttorvik-2026-1036,Giovanni Emejuru,East Carolina,,,2026,True,Available transfer,2026-07-14T12:40:18+00:00
barttorvik-2026-1052,Godswill Erheriene,Seton Hall,,,2026,True,Available transfer,2026-07-14T12:40:18+00:00
barttorvik-2026-156,Grant Asman,Lipscomb,,,2026,True,Available transfer,2026-07-14T12:40:18+00:00
barttorvik-2026-1188,Grant Fridley,McKendree,,,2026,True,Available transfer,2026-07-14T12:40:18+00:00
barttorvik-2026-1856,Grant Kepley,Montana,,,2026,True,Available transfer,2026-07-14T12:40:18+00:00
barttorvik-2026-1208,Grayson Gaddis,Montana St.,,,2026,True,Available transfer,2026-07-14T12:40:18+00:00
barttorvik-2026-1887,Grayson Kirk,Claflin,,,2026,True,Available transfer,2026-07-14T12:40:18+00:00
barttorvik-2026-3667,Greedy Williams,UNC Wilmington,,,2026,True,Available transfer,2026-07-14T12:40:18+00:00
barttorvik-2026-1299,Greg Gordon,LIU,,,2026,True,Available transfer,2026-07-14T12:40:18+00:00
barttorvik-2026-2280,"Gregory Melvin, Jr.",Kentucky St.,,,2026,True,Available transfer,2026-07-14T12:40:18+00:00
barttorvik-2026-1232,Grey Garrison,Henderson St.,,,2026,True,Available transfer,2026-07-14T12:40:18+00:00
barttorvik-2026-3538,Guido Wanschelbaum,South Dakota School of Mines,,,2026,True,Available transfer,2026-07-14T12:40:18+00:00
barttorvik-2026-886,Guillermo Diaz Graham,San Francisco,,,2026,True,Available transfer,2026-07-14T12:40:18+00:00
barttorvik-2026-1605,Gus Hurlburt,Northwestern,,,2026,True,Available transfer,2026-07-14T12:40:18+00:00
barttorvik-2026-84,Hadi Alshami,Roberts Wesleyan,,,2026,True,Available transfer,2026-07-14T12:40:18+00:00
barttorvik-2026-2792,Hagan Preston,Tennessee Tech,,,2026,True,Available transfer,2026-07-14T12:40:18+00:00
barttorvik-2026-2405,Hamad Mousa,Cal Poly,,,2026,True,Available transfer,2026-07-14T12:40:18+00:00
barttorvik-2026-376,Hamahrie Bowers,Roosevelt,,,2026,True,Available transfer,2026-07-14T12:40:18+00:00
barttorvik-2026-2561,Hamed Olayinka,FIU,,,2026,True,Available transfer,2026-07-14T12:40:18+00:00
barttorvik-2026-3410,Handy Toussaint III,Bradley,,,2026,True,Available transfer,2026-07-14T12:40:18+00:00
barttorvik-2026-2952,Hank Roesch,Pitt.-Johnstown,,,2026,True,Available transfer,2026-07-14T12:40:18+00:00
barttorvik-2026-1046,Hansel Enmanuel,Austin Peay,,,2026,True,Available transfer,2026-07-14T12:40:18+00:00
barttorvik-2026-3739,Harold Woods,Incarnate Word,,,2026,True,Available transfer,2026-07-14T12:40:18+00:00
barttorvik-2026-802,Harris Dar,Stephen F. Austin,,,2026,True,Available transfer,2026-07-14T12:40:18+00:00
barttorvik-2026-2028,Harrison Linkous,Fairmont St.,,,2026,True,Available transfer,2026-07-14T12:40:18+00:00
barttorvik-2026-25,Harry Adam,Molloy,,,2026,True,Available transfer,2026-07-14T12:40:18+00:00
barttorvik-2026-1240,Harry Geng,Saint Michael's,,,2026,True,Available transfer,2026-07-14T12:40:18+00:00
barttorvik-2026-2971,Harry Rouhliadeff,Hawaii,,,2026,True,Available transfer,2026-07-14T12:40:18+00:00
barttorvik-2026-3809,Harun Zrno,Rutgers,,,2026,True,Available transfer,2026-07-14T12:40:18+00:00
barttorvik-2026-3618,Harvey White,Colorado Mesa,,,2026,True,Available transfer,2026-07-14T12:40:18+00:00
barttorvik-2026-2908,Hasani Rivera,Georgia Southwestern,,,2026,True,Available transfer,2026-07-14T12:40:18+00:00
barttorvik-2026-150,Hashem Asadallah,Georgetown,,,2026,True,Available transfer,2026-07-14T12:40:18+00:00
barttorvik-2026-255,Hassan Belkhaddar,West Virginia State,,,2026,True,Available transfer,2026-07-14T12:40:18+00:00
barttorvik-2026-2697,Hassan Perkins,Coppin St.,,,2026,True,Available transfer,2026-07-14T12:40:18+00:00
barttorvik-2026-6,Hayden Abdullah,West Liberty,,,2026,True,Available transfer,2026-07-14T12:40:18+00:00
barttorvik-2026-3331,Heath Tenner,UT Tyler,,,2026,True,Available transfer,2026-07-14T12:40:18+00:00
barttorvik-2026-35,Henri Adiassa,Lehigh,,,2026,True,Available transfer,2026-07-14T12:40:18+00:00
barttorvik-2026-2284,Henri Mennander,Queens (NY),,,2026,True,Available transfer,2026-07-14T12:40:18+00:00
barttorvik-2026-3017,Henry Sandberg,Seattle Pacific,,,2026,True,Available transfer,2026-07-14T12:40:18+00:00
barttorvik-2026-65,Hiram Alexander,Goldey-Beacom,,,2026,True,Available transfer,2026-07-14T12:40:18+00:00
barttorvik-2026-1319,Hobert Grayson IV,Mississippi,,,2026,True,Available transfer,2026-07-14T12:40:18+00:00
barttorvik-2026-1672,"Horaces Jacques, Jr.",Claflin,,,2026,True,Available transfer,2026-07-14T12:40:18+00:00
barttorvik-2026-1138,Howie Fleming Jr.,UNLV,,,2026,True,Available transfer,2026-07-14T12:40:18+00:00
barttorvik-2026-762,Huascar Cuevas,Wagner,,,2026,True,Available transfer,2026-07-14T12:40:18+00:00
barttorvik-2026-2029,Hudson Linsenmeyer,East Central,,,2026,True,Available transfer,2026-07-14T12:40:18+00:00
barttorvik-2026-3763,Hudson Yarbrough,Southern Wesleyan,,,2026,True,Available transfer,2026-07-14T12:40:18+00:00
barttorvik-2026-2182,Hugo Maton,UNC Asheville,,,2026,True,Available transfer,2026-07-14T12:40:18+00:00
barttorvik-2026-3058,Ian Scott,Indiana St.,,,2026,True,Available transfer,2026-07-14T12:40:18+00:00
barttorvik-2026-2487,Iaroslav Niagu,Jacksonville St.,,,2026,True,Available transfer,2026-07-14T12:40:18+00:00
barttorvik-2026-2559,Ibrahim Olajuwon,FIU,,,2026,True,Available transfer,2026-07-14T12:40:18+00:00
barttorvik-2026-3432,Ibrahim Turay,California (PA),,,2026,True,Available transfer,2026-07-14T12:40:18+00:00
barttorvik-2026-1223,Ignacio García,Lubbock Christian,,,2026,True,Available transfer,2026-07-14T12:40:18+00:00
barttorvik-2026-1862,Iman Kheirati,Christian Brothers,,,2026,True,Available transfer,2026-07-14T12:40:18+00:00
barttorvik-2026-2007,Immanuel Lewis,Long Beach St.,,,2026,True,Available transfer,2026-07-14T12:40:18+00:00
barttorvik-2026-575,Inslee Carroll,West Alabama,,,2026,True,Available transfer,2026-07-14T12:40:18+00:00
barttorvik-2026-3109,Isa Silva,San Francisco,,,2026,True,Available transfer,2026-07-14T12:40:18+00:00
barttorvik-2026-619,Isaac Cherry,Malone,,,2026,True,Available transfer,2026-07-14T12:40:18+00:00
barttorvik-2026-1005,Isaak Eenhuis,Bemidji St.,,,2026,True,Available transfer,2026-07-14T12:40:18+00:00
barttorvik-2026-182,Isaiah Baker,West Va. Wesleyan,,,2026,True,Available transfer,2026-07-14T12:40:18+00:00
barttorvik-2026-210,Isaiah Barnes,Valparaiso,,,2026,True,Available transfer,2026-07-14T12:40:18+00:00
barttorvik-2026-408,Isaiah Brickner,Idaho,,,2026,True,Available transfer,2026-07-14T12:40:18+00:00
barttorvik-2026-416,Isaiah Broady,Western New Mexico,,,2026,True,Available transfer,2026-07-14T12:40:18+00:00
barttorvik-2026-419,Isaiah Bronson,Sacramento St.,,,2026,True,Available transfer,2026-07-14T12:40:18+00:00
barttorvik-2026-567,Isaiah Carr,Drake,,,2026,True,Available transfer,2026-07-14T12:40:18+00:00
barttorvik-2026-572,Isaiah Carrillo,Abilene Christian,,,2026,True,Available transfer,2026-07-14T12:40:18+00:00
barttorvik-2026-836,Isaiah Davis,Barton,,,2026,True,Available transfer,2026-07-14T12:40:18+00:00
barttorvik-2026-1334,Isaiah Griffin,Saint Anselm,,,2026,True,Available transfer,2026-07-14T12:40:18+00:00
barttorvik-2026-1785,Isaiah Jones,Miles,,,2026,True,Available transfer,2026-07-14T12:40:18+00:00
barttorvik-2026-2001,Isaiah Lewis,Long Beach St.,,,2026,True,Available transfer,2026-07-14T12:40:18+00:00
barttorvik-2026-2251,Isaiah McLemore,Cameron,,,2026,True,Available transfer,2026-07-14T12:40:18+00:00
barttorvik-2026-2601,Isaiah Otyaluk,Drury,,,2026,True,Available transfer,2026-07-14T12:40:18+00:00
barttorvik-2026-2829,Isaiah Ramey,Alabama A&M,,,2026,True,Available transfer,2026-07-14T12:40:18+00:00
barttorvik-2026-2836,Isaiah Randolph,Chadron St.,,,2026,True,Available transfer,2026-07-14T12:40:18+00:00
barttorvik-2026-3194,Isaiah Sonntag,Seattle Pacific,,,2026,True,Available transfer,2026-07-14T12:40:18+00:00
barttorvik-2026-3551,Isaiah Washington,Northern Illinois,,,2026,True,Available transfer,2026-07-14T12:40:18+00:00
barttorvik-2026-3714,Isaiah Wilson,Winthrop,,,2026,True,Available transfer,2026-07-14T12:40:18+00:00
barttorvik-2026-849,Isajah Deburgo,Lees-McRae,,,2026,True,Available transfer,2026-07-14T12:40:18+00:00
barttorvik-2026-2604,Isayah Owens,Coker,,,2026,True,Available transfer,2026-07-14T12:40:18+00:00
barttorvik-2026-907,Ismael Diouf,Northern Iowa,,,2026,True,Available transfer,2026-07-14T12:40:18+00:00
barttorvik-2026-1362,Ismail Habib,Southern Indiana,,,2026,True,Available transfer,2026-07-14T12:40:18+00:00
barttorvik-2026-1456,Israel Hart,Southern Miss,,,2026,True,Available transfer,2026-07-14T12:40:18+00:00
barttorvik-2026-1703,Israel Jenrette,North Alabama,,,2026,True,Available transfer,2026-07-14T12:40:18+00:00
barttorvik-2026-3768,Israel Yaw,Campbell,,,2026,True,Available transfer,2026-07-14T12:40:18+00:00
barttorvik-2026-3219,Ivan Spirov,Cleveland St.,,,2026,True,Available transfer,2026-07-14T12:40:18+00:00
barttorvik-2026-3774,Ivan Yhomby,Daemen,,,2026,True,Available transfer,2026-07-14T12:40:18+00:00
barttorvik-2026-2344,J.J. Mitchell,Cal St. Dominguez Hills,,,2026,True,Available transfer,2026-07-14T12:40:18+00:00
barttorvik-2026-3535,J.J. Walton,St. Mary's (TX),,,2026,True,Available transfer,2026-07-14T12:40:18+00:00
barttorvik-2026-220,J.P. Baron,Lynn,,,2026,True,Available transfer,2026-07-14T12:40:18+00:00
barttorvik-2026-2891,J.P. Ricks,UNC Pembroke,,,2026,True,Available transfer,2026-07-14T12:40:18+00:00
barttorvik-2026-1990,J.R. Leonard,Stetson,,,2026,True,Available transfer,2026-07-14T12:40:18+00:00
barttorvik-2026-3295,J3 Swindell,Tusculum,,,2026,True,Available transfer,2026-07-14T12:40:18+00:00
barttorvik-2026-422,JC Brooks,Tennessee St.,,,2026,True,Available transfer,2026-07-14T12:40:18+00:00
barttorvik-2026-2875,JJ Rembert,McNeese St.,,,2026,True,Available transfer,2026-07-14T12:40:18+00:00
barttorvik-2026-3316,JJ Taylor,Northern Illinois,,,2026,True,Available transfer,2026-07-14T12:40:18+00:00
barttorvik-2026-3612,JJ White,Baylor,,,2026,True,Available transfer,2026-07-14T12:40:18+00:00
barttorvik-2026-946,JP Dragas,IU Indy,,,2026,True,Available transfer,2026-07-14T12:40:18+00:00
barttorvik-2026-1523,Ja'Bryant Hill,Nebraska Kearney,,,2026,True,Available transfer,2026-07-14T12:40:18+00:00
barttorvik-2026-3704,Ja'Quavis Williford,Oregon St.,,,2026,True,Available transfer,2026-07-14T12:40:18+00:00
barttorvik-2026-3384,Ja'Quez Thornton,N.M. Highlands,,,2026,True,Available transfer,2026-07-14T12:40:18+00:00
barttorvik-2026-3676,JaMonte Williams,Central St. (OH),,,2026,True,Available transfer,2026-07-14T12:40:18+00:00
barttorvik-2026-2722,"Jabari Phillip, Jr.",Christian Brothers,,,2026,True,Available transfer,2026-07-14T12:40:18+00:00
barttorvik-2026-551,Jace Canaba,Sul Ross St.,,,2026,True,Available transfer,2026-07-14T12:40:18+00:00
barttorvik-2026-3681,Jace Williams,Mars Hill,,,2026,True,Available transfer,2026-07-14T12:40:18+00:00
barttorvik-2026-426,Jack Browder,Carson–Newman,,,2026,True,Available transfer,2026-07-14T12:40:18+00:00
barttorvik-2026-550,Jack Campion,SIU Edwardsville,,,2026,True,Available transfer,2026-07-14T12:40:18+00:00
barttorvik-2026-579,Jack Carter,Lees-McRae,,,2026,True,Available transfer,2026-07-14T12:40:18+00:00
barttorvik-2026-1725,Jack Johnson,Florida Atlantic,,,2026,True,Available transfer,2026-07-14T12:40:18+00:00
barttorvik-2026-2705,Jack Perry,Pittsburg State,,,2026,True,Available transfer,2026-07-14T12:40:18+00:00
barttorvik-2026-3434,Jack Turner,Oral Roberts,,,2026,True,Available transfer,2026-07-14T12:40:18+00:00
barttorvik-2026-3531,Jack Walter,The Citadel,,,2026,True,Available transfer,2026-07-14T12:40:18+00:00
barttorvik-2026-248,Jackson Beauchamp,Jamestown,,,2026,True,Available transfer,2026-07-14T12:40:18+00:00
barttorvik-2026-707,Jackson Connor,Lewis,,,2026,True,Available transfer,2026-07-14T12:40:18+00:00
barttorvik-2026-1098,Jackson Fazande,UTSA,,,2026,True,Available transfer,2026-07-14T12:40:18+00:00
barttorvik-2026-1209,Jackson Gaffney,Rollins,,,2026,True,Available transfer,2026-07-14T12:40:18+00:00
barttorvik-2026-1473,Jackson Hayes,Winona St.,,,2026,True,Available transfer,2026-07-14T12:40:18+00:00
barttorvik-2026-1497,Jackson Henry,Mansfield,,,2026,True,Available transfer,2026-07-14T12:40:18+00:00
barttorvik-2026-1830,Jackson Keil,Coastal Carolina,,,2026,True,Available transfer,2026-07-14T12:40:18+00:00
barttorvik-2026-2202,Jackson McAdams,Metro State,,,2026,True,Available transfer,2026-07-14T12:40:18+00:00
barttorvik-2026-2670,Jackson Paveletzke,Ohio,,,2026,True,Available transfer,2026-07-14T12:40:18+00:00
barttorvik-2026-2919,Jackson Roberts,USC Aiken,,,2026,True,Available transfer,2026-07-14T12:40:18+00:00
barttorvik-2026-3443,Jackson Twombly,Delta St.,,,2026,True,Available transfer,2026-07-14T12:40:18+00:00
barttorvik-2026-260,Jacob Bell,UT Tyler,,,2026,True,Available transfer,2026-07-14T12:40:18+00:00
barttorvik-2026-749,Jacob Crews,Missouri,,,2026,True,Available transfer,2026-07-14T12:40:18+00:00
barttorvik-2026-2548,Jacob Ognacevic,Washington,,,2026,True,Available transfer,2026-07-14T12:40:18+00:00
barttorvik-2026-3103,Jacquez Shuler,Allen,,,2026,True,Available transfer,2026-07-14T12:40:18+00:00
barttorvik-2026-179,Jaden Baker,Wagner,,,2026,True,Available transfer,2026-07-14T12:40:18+00:00
barttorvik-2026-239,Jaden Battle,Roberts Wesleyan,,,2026,True,Available transfer,2026-07-14T12:40:18+00:00
barttorvik-2026-520,Jaden Byers,Northwest Nazarene,,,2026,True,Available transfer,2026-07-14T12:40:18+00:00
barttorvik-2026-696,Jaden Colzie,Jefferson,,,2026,True,Available transfer,2026-07-14T12:40:18+00:00
barttorvik-2026-1289,Jaden Goodall,San Jose St.,,,2026,True,Available transfer,2026-07-14T12:40:18+00:00
barttorvik-2026-1435,Jaden Harris,Kennesaw St.,,,2026,True,Available transfer,2026-07-14T12:40:18+00:00
barttorvik-2026-1552,Jaden Holt,West Tex. A&M,,,2026,True,Available transfer,2026-07-14T12:40:18+00:00
barttorvik-2026-1708,Jaden Jinks,Tarleton St.,,,2026,True,Available transfer,2026-07-14T12:40:18+00:00
barttorvik-2026-1719,Jaden Johnson,Maryland Eastern Shore,,,2026,True,Available transfer,2026-07-14T12:40:18+00:00
barttorvik-2026-1799,Jaden Juarez,Cameron,,,2026,True,Available transfer,2026-07-14T12:40:18+00:00
barttorvik-2026-1818,Jaden Karuletwa,Arkansas,,,2026,True,Available transfer,2026-07-14T12:40:18+00:00
barttorvik-2026-2689,Jaden Pena,Queens (NY),,,2026,True,Available transfer,2026-07-14T12:40:18+00:00
barttorvik-2026-711,Jadon Cool,Chadron St.,,,2026,True,Available transfer,2026-07-14T12:40:18+00:00
barttorvik-2026-1593,Jadyn Humber,Goldey-Beacom,,,2026,True,Available transfer,2026-07-14T12:40:18+00:00
barttorvik-2026-2431,Jadyn Murray,Purdue Northwest,,,2026,True,Available transfer,2026-07-14T12:40:18+00:00
barttorvik-2026-3096,Jadyn Shider,Clark Atlanta,,,2026,True,Available transfer,2026-07-14T12:40:18+00:00
barttorvik-2026-3360,Jaehshon Thomas,Drake,,,2026,True,Available transfer,2026-07-14T12:40:18+00:00
barttorvik-2026-1173,Jagger Francom,Trevecca Nazarene,,,2026,True,Available transfer,2026-07-14T12:40:18+00:00
barttorvik-2026-2527,Jaheim Nyam,Bryant,,,2026,True,Available transfer,2026-07-14T12:40:18+00:00
barttorvik-2026-2646,Jahki Parrinello,Truman St.,,,2026,True,Available transfer,2026-07-14T12:40:18+00:00
barttorvik-2026-294,Jahlil Bethea,Southern Connecticut St.,,,2026,True,Available transfer,2026-07-14T12:40:18+00:00
barttorvik-2026-2129,Jahlil Manago,Missouri Western,,,2026,True,Available transfer,2026-07-14T12:40:18+00:00
barttorvik-2026-407,Jahmire Brewer,Lincoln PA,,,2026,True,Available transfer,2026-07-14T12:40:18+00:00
barttorvik-2026-3283,Jahni Summers,Sacramento St.,,,2026,True,Available transfer,2026-07-14T12:40:18+00:00
barttorvik-2026-1793,Jahshawne Joseph,Southern New Hampshire,,,2026,True,Available transfer,2026-07-14T12:40:18+00:00
barttorvik-2026-624,Jai Chisolm,Cal St. Northridge,,,2026,True,Available transfer,2026-07-14T12:40:18+00:00
barttorvik-2026-679,Jaiden Cole,Towson,,,2026,True,Available transfer,2026-07-14T12:40:18+00:00
barttorvik-2026-1112,Jaiden Feroah,Southern Utah,,,2026,True,Available transfer,2026-07-14T12:40:18+00:00
barttorvik-2026-1454,Jaiden Harrison,Daemen,,,2026,True,Available transfer,2026-07-14T12:40:18+00:00
barttorvik-2026-1985,Jaiden Lee,Lane,,,2026,True,Available transfer,2026-07-14T12:40:18+00:00
barttorvik-2026-2235,Jaiden McGhee,Bowie St.,,,2026,True,Available transfer,2026-07-14T12:40:18+00:00
barttorvik-2026-3383,Jaiden Thompson,Winston-Salem State,,,2026,True,Available transfer,2026-07-14T12:40:18+00:00
barttorvik-2026-2031,Jaidon Lipscomb,Cleveland St.,,,2026,True,Available transfer,2026-07-14T12:40:18+00:00
barttorvik-2026-3592,Jaidyn West,Fairmont St.,,,2026,True,Available transfer,2026-07-14T12:40:18+00:00
barttorvik-2026-252,Jailen Bedford,Virginia Tech,,,2026,True,Available transfer,2026-07-14T12:40:18+00:00
barttorvik-2026-1744,Jailin Johnson,Malone,,,2026,True,Available transfer,2026-07-14T12:40:18+00:00
barttorvik-2026-181,Jake Baker,East Carolina,,,2026,True,Available transfer,2026-07-14T12:40:18+00:00
barttorvik-2026-995,Jake Edwards,Western Illinois,,,2026,True,Available transfer,2026-07-14T12:40:18+00:00
barttorvik-2026-1404,Jake Harbatkin,Stony Brook,,,2026,True,Available transfer,2026-07-14T12:40:18+00:00
barttorvik-2026-1484,Jake Heidbreder,Fresno St.,,,2026,True,Available transfer,2026-07-14T12:40:18+00:00
barttorvik-2026-3077,Jake Shapiro,Tulane,,,2026,True,Available transfer,2026-07-14T12:40:18+00:00
barttorvik-2026-3261,Jake Stout,UMBC,,,2026,True,Available transfer,2026-07-14T12:40:18+00:00
barttorvik-2026-326,Jakob Blakley,Le Moyne,,,2026,True,Available transfer,2026-07-14T12:40:18+00:00
barttorvik-2026-2610,Jalai O’Keith,Alaska Anchorage,,,2026,True,Available transfer,2026-07-14T12:40:18+00:00
barttorvik-2026-160,Jalen Atkins,Biola,,,2026,True,Available transfer,2026-07-14T12:40:18+00:00
barttorvik-2026-370,Jalen Bouknight,Lindenwood,,,2026,True,Available transfer,2026-07-14T12:40:18+00:00
barttorvik-2026-383,Jalen Bradberry,District of Columbia,,,2026,True,Available transfer,2026-07-14T12:40:18+00:00
barttorvik-2026-767,Jalen Cunningham,UNLV,,,2026,True,Available transfer,2026-07-14T12:40:18+00:00
barttorvik-2026-955,Jalen Duff,Franklin Pierce,,,2026,True,Available transfer,2026-07-14T12:40:18+00:00
barttorvik-2026-1153,Jalen Forrest,Southeastern Louisiana,,,2026,True,Available transfer,2026-07-14T12:40:18+00:00
barttorvik-2026-1386,Jalen Hampton,Arkansas St.,,,2026,True,Available transfer,2026-07-14T12:40:18+00:00
barttorvik-2026-1472,Jalen Hayes,South Dakota,,,2026,True,Available transfer,2026-07-14T12:40:18+00:00
barttorvik-2026-2438,Jalen Myers,Hawaii,,,2026,True,Available transfer,2026-07-14T12:40:18+00:00
barttorvik-2026-2822,Jalen Quinn,Drake,,,2026,True,Available transfer,2026-07-14T12:40:18+00:00
barttorvik-2026-2939,Jalen Robinson,Goldey-Beacom,,,2026,True,Available transfer,2026-07-14T12:40:18+00:00
barttorvik-2026-3309,Jalen Tatum,Jackson St.,,,2026,True,Available transfer,2026-07-14T12:40:18+00:00
barttorvik-2026-3558,Jalen Washington,Vanderbilt,,,2026,True,Available transfer,2026-07-14T12:40:18+00:00
barttorvik-2026-2880,Jalin Rice,Nicholls St.,,,2026,True,Available transfer,2026-07-14T12:40:18+00:00
barttorvik-2026-1049,Jamal Entezami,Hawaii Hilo,,,2026,True,Available transfer,2026-07-14T12:40:18+00:00
barttorvik-2026-1508,"Jamal Hicks,  Jr.",St. Thomas Aquinas,,,2026,True,Available transfer,2026-07-14T12:40:18+00:00
barttorvik-2026-1177,Jamar Franklin,Jacksonville St.,,,2026,True,Available transfer,2026-07-14T12:40:18+00:00
barttorvik-2026-1213,Jamari Gamble,Salem,,,2026,True,Available transfer,2026-07-14T12:40:18+00:00
barttorvik-2026-1965,Jamarques Lawrence,Nebraska,,,2026,True,Available transfer,2026-07-14T12:40:18+00:00
barttorvik-2026-235,James Bass,Tennessee Martin,,,2026,True,Available transfer,2026-07-14T12:40:18+00:00
barttorvik-2026-499,James Burries,Southern Nazarene,,,2026,True,Available transfer,2026-07-14T12:40:18+00:00
barttorvik-2026-718,James Cooper,Georgia St.,,,2026,True,Available transfer,2026-07-14T12:40:18+00:00
barttorvik-2026-1492,"James Henderson, Jr.",Spring Hill,,,2026,True,Available transfer,2026-07-14T12:40:18+00:00
barttorvik-2026-2037,James Livingston,Texas A&M Kingsville,,,2026,True,Available transfer,2026-07-14T12:40:18+00:00
barttorvik-2026-2207,James McCallum,Western New Mexico,,,2026,True,Available transfer,2026-07-14T12:40:18+00:00
barttorvik-2026-1665,Jamian Jackson,Benedictine Mesa,,,2026,True,Available transfer,2026-07-14T12:40:18+00:00
barttorvik-2026-3254,Jamichael Stillwell,UCF,,,2026,True,Available transfer,2026-07-14T12:40:18+00:00
barttorvik-2026-3222,Jamieke Spruill,Tusculum,,,2026,True,Available transfer,2026-07-14T12:40:18+00:00
barttorvik-2026-58,Jamil Aleem,Clayton St.,,,2026,True,Available transfer,2026-07-14T12:40:18+00:00
barttorvik-2026-2436,Jamil Muttilib,Grambling St.,,,2026,True,Available transfer,2026-07-14T12:40:18+00:00
barttorvik-2026-2258,Jamir McNeil,Rider,,,2026,True,Available transfer,2026-07-14T12:40:18+00:00
barttorvik-2026-2667,Jamyier Patton,Tex. A&M Int'l,,,2026,True,Available transfer,2026-07-14T12:40:18+00:00
barttorvik-2026-3353,Jannoy Thomas,Prairie View A&M,,,2026,True,Available transfer,2026-07-14T12:40:18+00:00
barttorvik-2026-2432,Jaqai Murray,Angelo St.,,,2026,True,Available transfer,2026-07-14T12:40:18+00:00
barttorvik-2026-3057,Jaquan Scott,Arkansas Pine Bluff,,,2026,True,Available transfer,2026-07-14T12:40:18+00:00
barttorvik-2026-2390,Jaquel Morris,Norfolk St.,,,2026,True,Available transfer,2026-07-14T12:40:18+00:00
barttorvik-2026-1954,Jared Lary,Detroit Mercy,,,2026,True,Available transfer,2026-07-14T12:40:18+00:00
barttorvik-2026-2240,Jared McGregor,BYU,,,2026,True,Available transfer,2026-07-14T12:40:18+00:00
barttorvik-2026-1374,Jarred Hall,Middle Tennessee,,,2026,True,Available transfer,2026-07-14T12:40:18+00:00
barttorvik-2026-2065,Jarrell Love,Lane,,,2026,True,Available transfer,2026-07-14T12:40:18+00:00
barttorvik-2026-472,Jarrett Bryant,Westmont,,,2026,True,Available transfer,2026-07-14T12:40:18+00:00
barttorvik-2026-3745,Jarvis Wright,Morehead St.,,,2026,True,Available transfer,2026-07-14T12:40:18+00:00
barttorvik-2026-151,Jason Asemota,Boston College,,,2026,True,Available transfer,2026-07-14T12:40:18+00:00
barttorvik-2026-652,Jason Clark,Okla. Christian,,,2026,True,Available transfer,2026-07-14T12:40:18+00:00
barttorvik-2026-997,Jason Edwards,Providence,,,2026,True,Available transfer,2026-07-14T12:40:18+00:00
barttorvik-2026-1524,Jason Hilliard,UMKC,,,2026,True,Available transfer,2026-07-14T12:40:18+00:00
barttorvik-2026-1984,Jason Lee,South Dakota School of Mines,,,2026,True,Available transfer,2026-07-14T12:40:18+00:00
barttorvik-2026-3097,Jason Shields,Holy Family,,,2026,True,Available transfer,2026-07-14T12:40:18+00:00
barttorvik-2026-1141,Jasper Floyd,West Virginia,,,2026,True,Available transfer,2026-07-14T12:40:18+00:00
barttorvik-2026-3515,Jasteven Walker,Alabama St.,,,2026,True,Available transfer,2026-07-14T12:40:18+00:00
barttorvik-2026-1258,Javier Gilgeous-Glasgow,Troy,,,2026,True,Available transfer,2026-07-14T12:40:18+00:00
barttorvik-2026-2600,Javion Otten,Grand Valley State,,,2026,True,Available transfer,2026-07-14T12:40:18+00:00
barttorvik-2026-276,Javon Bennett,Dayton,,,2026,True,Available transfer,2026-07-14T12:40:18+00:00
barttorvik-2026-1657,Javon Jackson,Murray St.,,,2026,True,Available transfer,2026-07-14T12:40:18+00:00
barttorvik-2026-2478,Javonne Nesbit,Okla. Christian,,,2026,True,Available transfer,2026-07-14T12:40:18+00:00
barttorvik-2026-545,Javontae Campbell,Bowling Green,,,2026,True,Available transfer,2026-07-14T12:40:18+00:00
barttorvik-2026-1944,Javonte Landy,Savannah St.,,,2026,True,Available transfer,2026-07-14T12:40:18+00:00
barttorvik-2026-2050,Javonte Long,Frostburg St.,,,2026,True,Available transfer,2026-07-14T12:40:18+00:00
barttorvik-2026-3375,Javoy Thompson,Maryland Eastern Shore,,,2026,True,Available transfer,2026-07-14T12:40:18+00:00
barttorvik-2026-3718,Jax Wilson,Harding,,,2026,True,Available transfer,2026-07-14T12:40:18+00:00
barttorvik-2026-1023,Jaxon Ellingsworth,Arkansas St.,,,2026,True,Available transfer,2026-07-14T12:40:18+00:00
barttorvik-2026-2876,Jay Reynolds,Southeast Missouri St.,,,2026,True,Available transfer,2026-07-14T12:40:18+00:00
barttorvik-2026-871,Jayce Depron,Southern,,,2026,True,Available transfer,2026-07-14T12:40:18+00:00
barttorvik-2026-3394,Jayce Tillman,Southern Ark.,,,2026,True,Available transfer,2026-07-14T12:40:18+00:00
barttorvik-2026-406,Jayden Brewer,Western Michigan,,,2026,True,Available transfer,2026-07-14T12:40:18+00:00
barttorvik-2026-740,Jayden Cox,Western New Mexico,,,2026,True,Available transfer,2026-07-14T12:40:18+00:00
barttorvik-2026-842,Jayden Dawson,Kansas,,,2026,True,Available transfer,2026-07-14T12:40:18+00:00
barttorvik-2026-1050,Jayden Epps,Mississippi St.,,,2026,True,Available transfer,2026-07-14T12:40:18+00:00
barttorvik-2026-1214,Jayden Gambrell,Lamar,,,2026,True,Available transfer,2026-07-14T12:40:18+00:00
barttorvik-2026-2736,Jayden Pierre,TCU,,,2026,True,Available transfer,2026-07-14T12:40:18+00:00
barttorvik-2026-3047,Jayden Schoen,Newman,,,2026,True,Available transfer,2026-07-14T12:40:18+00:00
barttorvik-2026-3186,Jayden Smoot,UT Arlington,,,2026,True,Available transfer,2026-07-14T12:40:18+00:00
barttorvik-2026-3187,Jayden Socka,Morgan St.,,,2026,True,Available transfer,2026-07-14T12:40:18+00:00
barttorvik-2026-283,Jaylen Bernikow,Millersville,,,2026,True,Available transfer,2026-07-14T12:40:18+00:00
barttorvik-2026-1790,Jaylen Jordon,Jacksonville,,,2026,True,Available transfer,2026-07-14T12:40:18+00:00
barttorvik-2026-3065,Jaylen Searles,Nicholls St.,,,2026,True,Available transfer,2026-07-14T12:40:18+00:00
barttorvik-2026-3272,Jaylen Subject,West Virginia State,,,2026,True,Available transfer,2026-07-14T12:40:18+00:00
barttorvik-2026-3756,Jaylen Wysinger,Texas Southern,,,2026,True,Available transfer,2026-07-14T12:40:18+00:00
barttorvik-2026-1488,Jaylin Henderson,Portland St.,,,2026,True,Available transfer,2026-07-14T12:40:18+00:00
barttorvik-2026-1724,Jaylon Johnson,Radford,,,2026,True,Available transfer,2026-07-14T12:40:18+00:00
barttorvik-2026-2338,Jayme Mitchell Jr.,Jackson St.,,,2026,True,Available transfer,2026-07-14T12:40:18+00:00
barttorvik-2026-1439,Jayson Harris,Virginia St.,,,2026,True,Available transfer,2026-07-14T12:40:18+00:00
barttorvik-2026-2383,Jayson Morgan,Furman,,,2026,True,Available transfer,2026-07-14T12:40:18+00:00
barttorvik-2026-2668,Jean Paul El Shamee,Cameron,,,2026,True,Available transfer,2026-07-14T12:40:18+00:00
barttorvik-2026-2366,Jed Moor,Erskine,,,2026,True,Available transfer,2026-07-14T12:40:18+00:00
barttorvik-2026-844,Jefferson De La Cruz Monegro,Cal St. Fullerton,,,2026,True,Available transfer,2026-07-14T12:40:18+00:00
barttorvik-2026-2469,Jefferson Neary,Black Hills St.,,,2026,True,Available transfer,2026-07-14T12:40:18+00:00
barttorvik-2026-49,Jeffrey Akintolu,NJIT,,,2026,True,Available transfer,2026-07-14T12:40:18+00:00
barttorvik-2026-1786,Jemeh Jones,Anderson,,,2026,True,Available transfer,2026-07-14T12:40:18+00:00
barttorvik-2026-1522,JerMontae Hill,Morehouse,,,2026,True,Available transfer,2026-07-14T12:40:18+00:00
barttorvik-2026-694,Jerald Colonel,Stephen F. Austin,,,2026,True,Available transfer,2026-07-14T12:40:18+00:00
barttorvik-2026-1690,Jerell Jean-Baptiste,West Va. Wesleyan,,,2026,True,Available transfer,2026-07-14T12:40:18+00:00
barttorvik-2026-471,Jeremee Bryant,Johnson C. Smith,,,2026,True,Available transfer,2026-07-14T12:40:18+00:00
barttorvik-2026-227,Jeremiah Barze,Clayton St.,,,2026,True,Available transfer,2026-07-14T12:40:18+00:00
barttorvik-2026-2528,Jeremiah Nyarko,Sacramento St.,,,2026,True,Available transfer,2026-07-14T12:40:18+00:00
barttorvik-2026-3671,Jeremiah Williams,Georgetown,,,2026,True,Available transfer,2026-07-14T12:40:18+00:00
barttorvik-2026-279,Jeremias Berchal,King,,,2026,True,Available transfer,2026-07-14T12:40:18+00:00
barttorvik-2026-870,Jeremy Dent-Smith,Stanford,,,2026,True,Available transfer,2026-07-14T12:40:18+00:00
barttorvik-2026-1028,Jeremy Ellis,Alcorn St.,,,2026,True,Available transfer,2026-07-14T12:40:18+00:00
barttorvik-2026-2374,Jeremy Moore,Southwest Baptist,,,2026,True,Available transfer,2026-07-14T12:40:18+00:00
barttorvik-2026-190,Jermaine Ballisager Webb,Portland,,,2026,True,Available transfer,2026-07-14T12:40:18+00:00
barttorvik-2026-3657,Jerome Williams,Longwood,,,2026,True,Available transfer,2026-07-14T12:40:18+00:00
barttorvik-2026-2914,Jerrell Roberson II,UMass Lowell,,,2026,True,Available transfer,2026-07-14T12:40:18+00:00
barttorvik-2026-1000,Jesse Edwards,Georgia Southwestern,,,2026,True,Available transfer,2026-07-14T12:40:18+00:00
barttorvik-2026-2737,Jessiah Pierre-Johnson,Johnson C. Smith,,,2026,True,Available transfer,2026-07-14T12:40:18+00:00
barttorvik-2026-263,Jeven Beltran,Western New Mexico,,,2026,True,Available transfer,2026-07-14T12:40:18+00:00
barttorvik-2026-2420,Jevin Muniz,Colorado St.,,,2026,True,Available transfer,2026-07-14T12:40:18+00:00
barttorvik-2026-3281,Jevin Sullivan,Southwest Baptist,,,2026,True,Available transfer,2026-07-14T12:40:18+00:00
barttorvik-2026-2770,Jevon Porter,Missouri,,,2026,True,Available transfer,2026-07-14T12:40:18+00:00
barttorvik-2026-1945,Jimel Lane,Grambling St.,,,2026,True,Available transfer,2026-07-14T12:40:18+00:00
barttorvik-2026-1198,JoJo Fullwood,UNC Wilmington,,,2026,True,Available transfer,2026-07-14T12:40:18+00:00
barttorvik-2026-134,Joaquim ArauzMoore,Gonzaga,,,2026,True,Available transfer,2026-07-14T12:40:18+00:00
barttorvik-2026-97,Joel Amaro,Alaska Anchorage,,,2026,True,Available transfer,2026-07-14T12:40:18+00:00
barttorvik-2026-3210,Joel Speckman II,Black Hills St.,,,2026,True,Available transfer,2026-07-14T12:40:18+00:00
barttorvik-2026-2217,Joevonn McCottry,Winona St.,,,2026,True,Available transfer,2026-07-14T12:40:18+00:00
barttorvik-2026-528,Joey Cabana,Ferris State,,,2026,True,Available transfer,2026-07-14T12:40:18+00:00
barttorvik-2026-3370,Joey Thomas,Clayton St.,,,2026,True,Available transfer,2026-07-14T12:40:18+00:00
barttorvik-2026-201,John Barbee,UT Tyler,,,2026,True,Available transfer,2026-07-14T12:40:18+00:00
barttorvik-2026-203,John Bardelli,Tiffin,,,2026,True,Available transfer,2026-07-14T12:40:18+00:00
barttorvik-2026-634,John Christofilis,Seattle,,,2026,True,Available transfer,2026-07-14T12:40:18+00:00
barttorvik-2026-664,John Clemmons,Delaware St.,,,2026,True,Available transfer,2026-07-14T12:40:18+00:00
barttorvik-2026-2220,John McCrear,Lewis,,,2026,True,Available transfer,2026-07-14T12:40:18+00:00
barttorvik-2026-2348,John Mobley,Edinboro,,,2026,True,Available transfer,2026-07-14T12:40:18+00:00
barttorvik-2026-2958,John Roland,Lynn,,,2026,True,Available transfer,2026-07-14T12:40:18+00:00
barttorvik-2026-2966,John Rose III,Concord,,,2026,True,Available transfer,2026-07-14T12:40:18+00:00
barttorvik-2026-3191,John Solomon,Cal St. Dominguez Hills,,,2026,True,Available transfer,2026-07-14T12:40:18+00:00
barttorvik-2026-1966,Johnathan Lawson,Little Rock,,,2026,True,Available transfer,2026-07-14T12:40:18+00:00
barttorvik-2026-2630,Johnny Papadakos,Winona St.,,,2026,True,Available transfer,2026-07-14T12:40:18+00:00
barttorvik-2026-2179,Johny Mathiang,Tusculum,,,2026,True,Available transfer,2026-07-14T12:40:18+00:00
barttorvik-2026-2426,Jojo Murphy,Seattle,,,2026,True,Available transfer,2026-07-14T12:40:18+00:00
barttorvik-2026-1276,Jomo Goings,LIU,,,2026,True,Available transfer,2026-07-14T12:40:18+00:00
barttorvik-2026-398,Jon Brantley,Wayne St. (MI),,,2026,True,Available transfer,2026-07-14T12:40:18+00:00
barttorvik-2026-1298,Jonah Goorin,USC,,,2026,True,Available transfer,2026-07-14T12:40:18+00:00
barttorvik-2026-3476,Jonah Vaysbakh,Coker,,,2026,True,Available transfer,2026-07-14T12:40:18+00:00
barttorvik-2026-967,Jonathan Dunn,North Carolina Central,,,2026,True,Available transfer,2026-07-14T12:40:18+00:00
barttorvik-2026-2514,Jonathan Noudjihidi,UC Davis,,,2026,True,Available transfer,2026-07-14T12:40:18+00:00
barttorvik-2026-1630,Jonny Ingalls,Northern Michigan,,,2026,True,Available transfer,2026-07-14T12:40:18+00:00
barttorvik-2026-1002,Jordan Edwards,Ashland,,,2026,True,Available transfer,2026-07-14T12:40:18+00:00
barttorvik-2026-1129,Jordan Fisher,Ohio,,,2026,True,Available transfer,2026-07-14T12:40:18+00:00
barttorvik-2026-1301,Jordan Gorecki,Texas Southern,,,2026,True,Available transfer,2026-07-14T12:40:18+00:00
barttorvik-2026-1503,Jordan Hernandez,UTEP,,,2026,True,Available transfer,2026-07-14T12:40:18+00:00
barttorvik-2026-1737,Jordan Johnson,Bethune Cookman,,,2026,True,Available transfer,2026-07-14T12:40:18+00:00
barttorvik-2026-1937,Jordan Lambert,Virginia St.,,,2026,True,Available transfer,2026-07-14T12:40:18+00:00
barttorvik-2026-1976,Jordan Leaks,Norfolk St.,,,2026,True,Available transfer,2026-07-14T12:40:18+00:00
barttorvik-2026-2345,Jordan Mitchell,Columbus St.,,,2026,True,Available transfer,2026-07-14T12:40:18+00:00
barttorvik-2026-2346,Jordan Mitchell,Cameron,,,2026,True,Available transfer,2026-07-14T12:40:18+00:00
barttorvik-2026-2663,Jordan Patterson,Lees-McRae,,,2026,True,Available transfer,2026-07-14T12:40:18+00:00
barttorvik-2026-2767,Jordan Pope,Texas,,,2026,True,Available transfer,2026-07-14T12:40:18+00:00
barttorvik-2026-3182,Jordan Smith,Flagler,,,2026,True,Available transfer,2026-07-14T12:40:18+00:00
barttorvik-2026-482,Jordayn Buhrle,Northwestern Oklahoma State,,,2026,True,Available transfer,2026-07-14T12:40:18+00:00
barttorvik-2026-2754,Jorden Pittman,UAB,,,2026,True,Available transfer,2026-07-14T12:40:18+00:00
barttorvik-2026-225,Joseph Barrio,Cal St. Northridge,,,2026,True,Available transfer,2026-07-14T12:40:18+00:00
barttorvik-2026-2745,Joseph Pinion,South Florida,,,2026,True,Available transfer,2026-07-14T12:40:18+00:00
barttorvik-2026-3355,Joseph Thomas,Little Rock,,,2026,True,Available transfer,2026-07-14T12:40:18+00:00
barttorvik-2026-1092,Josh Farmer,Texas Southern,,,2026,True,Available transfer,2026-07-14T12:40:18+00:00
barttorvik-2026-1199,Josh Fulton,Bucknell,,,2026,True,Available transfer,2026-07-14T12:40:18+00:00
barttorvik-2026-1460,Josh Haskell,Daemen,,,2026,True,Available transfer,2026-07-14T12:40:18+00:00
barttorvik-2026-1470,Josh Hayes,Utah,,,2026,True,Available transfer,2026-07-14T12:40:18+00:00
barttorvik-2026-1514,Josh Hill,Robert Morris,,,2026,True,Available transfer,2026-07-14T12:40:18+00:00
barttorvik-2026-1527,Josh Hines,Green Bay,,,2026,True,Available transfer,2026-07-14T12:40:18+00:00
barttorvik-2026-2022,Josh Linder,North Greenville,,,2026,True,Available transfer,2026-07-14T12:40:18+00:00
barttorvik-2026-2295,Josh Michigan,St. Thomas Aquinas,,,2026,True,Available transfer,2026-07-14T12:40:18+00:00
barttorvik-2026-2857,Josh Reed,Penn St.,,,2026,True,Available transfer,2026-07-14T12:40:18+00:00
barttorvik-2026-2870,Josh Reid,Colorado Christian,,,2026,True,Available transfer,2026-07-14T12:40:18+00:00
barttorvik-2026-2907,Josh Rivera,Seton Hall,,,2026,True,Available transfer,2026-07-14T12:40:18+00:00
barttorvik-2026-3240,Josh Stephen,James Madison,,,2026,True,Available transfer,2026-07-14T12:40:18+00:00
barttorvik-2026-3542,Josh Ward,Cal St. Fullerton,,,2026,True,Available transfer,2026-07-14T12:40:18+00:00
barttorvik-2026-531,Joshua Caine,Virginia Union,,,2026,True,Available transfer,2026-07-14T12:40:18+00:00
barttorvik-2026-2532,Joshua O'Garro,Cal St. Northridge,,,2026,True,Available transfer,2026-07-14T12:40:18+00:00
barttorvik-2026-2544,Joshua Ofori,Biola,,,2026,True,Available transfer,2026-07-14T12:40:18+00:00
barttorvik-2026-3594,Joshua West,Hawaii Pacific,,,2026,True,Available transfer,2026-07-14T12:40:18+00:00
barttorvik-2026-820,Josiah Davis,Cal St. Northridge,,,2026,True,Available transfer,2026-07-14T12:40:18+00:00
barttorvik-2026-1171,Josiah Francis,Fairleigh Dickinson,,,2026,True,Available transfer,2026-07-14T12:40:18+00:00
barttorvik-2026-1408,Josiah Harding,USC Aiken,,,2026,True,Available transfer,2026-07-14T12:40:18+00:00
barttorvik-2026-1969,Josiah Lawson,Morehouse,,,2026,True,Available transfer,2026-07-14T12:40:18+00:00
barttorvik-2026-2889,Josiah Rickards,Concord,,,2026,True,Available transfer,2026-07-14T12:40:18+00:00
barttorvik-2026-1817,Joul Karram,Utah Valley,,,2026,True,Available transfer,2026-07-14T12:40:18+00:00
barttorvik-2026-1644,Jovan Ićitović,Arizona St.,,,2026,True,Available transfer,2026-07-14T12:40:18+00:00
barttorvik-2026-1796,Jovan Jovanović,Chadron St.,,,2026,True,Available transfer,2026-07-14T12:40:18+00:00
barttorvik-2026-2687,Juan Pedro Rodriguez,Mars Hill,,,2026,True,Available transfer,2026-07-14T12:40:18+00:00
barttorvik-2026-1304,Juanse Gorosito,San Diego,,,2026,True,Available transfer,2026-07-14T12:40:18+00:00
barttorvik-2026-2145,Julian Margrave,Nebraska Omaha,,,2026,True,Available transfer,2026-07-14T12:40:18+00:00
barttorvik-2026-2238,Julian McGowan,Allen,,,2026,True,Available transfer,2026-07-14T12:40:18+00:00
barttorvik-2026-2379,Julian Mora,Seattle Pacific,,,2026,True,Available transfer,2026-07-14T12:40:18+00:00
barttorvik-2026-2999,Julian Sadler,Jefferson,,,2026,True,Available transfer,2026-07-14T12:40:18+00:00
barttorvik-2026-3690,Julian Williams,Goldey-Beacom,,,2026,True,Available transfer,2026-07-14T12:40:18+00:00
barttorvik-2026-202,Julien Barclay,Sul Ross St.,,,2026,True,Available transfer,2026-07-14T12:40:18+00:00
barttorvik-2026-3200,Julien Soumaoro,Western Carolina,,,2026,True,Available transfer,2026-07-14T12:40:18+00:00
barttorvik-2026-2360,Julio Montes II,Hawaii Hilo,,,2026,True,Available transfer,2026-07-14T12:40:18+00:00
barttorvik-2026-3672,Justice Williams,Western Michigan,,,2026,True,Available transfer,2026-07-14T12:40:18+00:00
barttorvik-2026-19,Justin Abson,Georgia,,,2026,True,Available transfer,2026-07-14T12:40:18+00:00
barttorvik-2026-72,Justin Allen,Green Bay,,,2026,True,Available transfer,2026-07-14T12:40:18+00:00
barttorvik-2026-92,Justin Amadi,Mount St. Mary's,,,2026,True,Available transfer,2026-07-14T12:40:18+00:00
barttorvik-2026-154,Justin Asi,Ferris State,,,2026,True,Available transfer,2026-07-14T12:40:18+00:00
barttorvik-2026-413,Justin Britt,St. Mary's (TX),,,2026,True,Available transfer,2026-07-14T12:40:18+00:00
barttorvik-2026-956,Justin Duff,Truman St.,,,2026,True,Available transfer,2026-07-14T12:40:18+00:00
barttorvik-2026-999,Justin Edwards,North Carolina Central,,,2026,True,Available transfer,2026-07-14T12:40:18+00:00
barttorvik-2026-1341,Justin Grimes,UNC Pembroke,,,2026,True,Available transfer,2026-07-14T12:40:18+00:00
barttorvik-2026-1467,Justin Hawkins,Niagara,,,2026,True,Available transfer,2026-07-14T12:40:18+00:00
barttorvik-2026-2090,Justin Mack,Emporia St.,,,2026,True,Available transfer,2026-07-14T12:40:18+00:00
barttorvik-2026-2417,Justin Mullins,Northwestern,,,2026,True,Available transfer,2026-07-14T12:40:18+00:00
barttorvik-2026-2511,Justin Norris,Northwestern Oklahoma State,,,2026,True,Available transfer,2026-07-14T12:40:18+00:00
barttorvik-2026-2614,Justin Page,Niagara,,,2026,True,Available transfer,2026-07-14T12:40:18+00:00
barttorvik-2026-2944,Justin Rochelin,Pacific,,,2026,True,Available transfer,2026-07-14T12:40:18+00:00
barttorvik-2026-3362,Justin Thomas,Bowling Green,,,2026,True,Available transfer,2026-07-14T12:40:18+00:00
barttorvik-2026-118,K.J. Anderson,West Alabama,,,2026,True,Available transfer,2026-07-14T12:40:18+00:00
barttorvik-2026-2139,K.J. Manuel,Texas A&M Kingsville,,,2026,True,Available transfer,2026-07-14T12:40:18+00:00
barttorvik-2026-848,KJ Debrick,North Carolina A&T,,,2026,True,Available transfer,2026-07-14T12:40:18+00:00
barttorvik-2026-2215,KJ McClurg,Longwood,,,2026,True,Available transfer,2026-07-14T12:40:18+00:00
barttorvik-2026-3291,KJ Swain,Saint Francis,,,2026,True,Available transfer,2026-07-14T12:40:18+00:00
barttorvik-2026-3764,Kaan Yarkut,Oregon St.,,,2026,True,Available transfer,2026-07-14T12:40:18+00:00
barttorvik-2026-3423,Kabeya Tshibangu,Niagara,,,2026,True,Available transfer,2026-07-14T12:40:18+00:00
barttorvik-2026-1803,Kabine Kaba,MSU Moorhead,,,2026,True,Available transfer,2026-07-14T12:40:18+00:00
barttorvik-2026-2796,Kadden Price,Newman,,,2026,True,Available transfer,2026-07-14T12:40:18+00:00
barttorvik-2026-1535,Kaden Holdbrook,Denver,,,2026,True,Available transfer,2026-07-14T12:40:18+00:00
barttorvik-2026-213,Kahlif Barnes,Mount Olive,,,2026,True,Available transfer,2026-07-14T12:40:18+00:00
barttorvik-2026-3209,Kai Spears,Marshall,,,2026,True,Available transfer,2026-07-14T12:40:18+00:00
barttorvik-2026-1634,Kaia Isaac,Tarleton St.,,,2026,True,Available transfer,2026-07-14T12:40:18+00:00
barttorvik-2026-2491,Kailon Nicholls,Angelo St.,,,2026,True,Available transfer,2026-07-14T12:40:18+00:00
barttorvik-2026-196,Kaleb Banks,DePaul,,,2026,True,Available transfer,2026-07-14T12:40:18+00:00
barttorvik-2026-405,Kaleb Brewer,McNeese St.,,,2026,True,Available transfer,2026-07-14T12:40:18+00:00
barttorvik-2026-3560,Kaleb Washington,Florida A&M,,,2026,True,Available transfer,2026-07-14T12:40:18+00:00
barttorvik-2026-2665,Kallai Patton,New Mexico,,,2026,True,Available transfer,2026-07-14T12:40:18+00:00
barttorvik-2026-594,Kalvin Catchings,Saint Michael's,,,2026,True,Available transfer,2026-07-14T12:40:18+00:00
barttorvik-2026-1943,Kamari Lands,Middle Tennessee,,,2026,True,Available transfer,2026-07-14T12:40:18+00:00
barttorvik-2026-2584,Kamrin Oriol,North Florida,,,2026,True,Available transfer,2026-07-14T12:40:18+00:00
barttorvik-2026-1771,Kanye Jones,USC Upstate,,,2026,True,Available transfer,2026-07-14T12:40:18+00:00
barttorvik-2026-1935,Kap Laila,Colorado Mesa,,,2026,True,Available transfer,2026-07-14T12:40:18+00:00
barttorvik-2026-1905,Karan Kolappa,Cal St. Fullerton,,,2026,True,Available transfer,2026-07-14T12:40:18+00:00
barttorvik-2026-20,Kareem Aburashed,Central Michigan,,,2026,True,Available transfer,2026-07-14T12:40:18+00:00
barttorvik-2026-2978,Kareem Rozier,Winthrop,,,2026,True,Available transfer,2026-07-14T12:40:18+00:00
barttorvik-2026-2766,Karl Poom,Northern Arizona,,,2026,True,Available transfer,2026-07-14T12:40:18+00:00
barttorvik-2026-379,Karon Boyd,Wichita St.,,,2026,True,Available transfer,2026-07-14T12:40:18+00:00
barttorvik-2026-306,Karris Bilal,Louisiana,,,2026,True,Available transfer,2026-07-14T12:40:18+00:00
barttorvik-2026-920,Karyiek Dixon,Western Illinois,,,2026,True,Available transfer,2026-07-14T12:40:18+00:00
barttorvik-2026-1147,Kasai Fontanez,Savannah St.,,,2026,True,Available transfer,2026-07-14T12:40:18+00:00
barttorvik-2026-2810,Kasean Pryor,Louisville,,,2026,True,Available transfer,2026-07-14T12:40:18+00:00
barttorvik-2026-1308,Kasheem Grady II,UMKC,,,2026,True,Available transfer,2026-07-14T12:40:18+00:00
barttorvik-2026-2211,Kavion McClain,Monmouth,,,2026,True,Available transfer,2026-07-14T12:40:18+00:00
barttorvik-2026-3128,Kawar Singh,Molloy,,,2026,True,Available transfer,2026-07-14T12:40:18+00:00
barttorvik-2026-3251,Kazell Stewart,Southern Connecticut St.,,,2026,True,Available transfer,2026-07-14T12:40:18+00:00
barttorvik-2026-459,"KeShawn Brown, Jr.",Georgia Southwestern,,,2026,True,Available transfer,2026-07-14T12:40:18+00:00
barttorvik-2026-2498,Kebba Njie,Notre Dame,,,2026,True,Available transfer,2026-07-14T12:40:18+00:00
barttorvik-2026-339,Kedar Bodie,North Alabama,,,2026,True,Available transfer,2026-07-14T12:40:18+00:00
barttorvik-2026-501,Keegan Burroughs,Middle Georgia,,,2026,True,Available transfer,2026-07-14T12:40:18+00:00
barttorvik-2026-2973,Keegan Rowell,Louisiana Tech,,,2026,True,Available transfer,2026-07-14T12:40:18+00:00
barttorvik-2026-449,Keiren Brown,Westminster,,,2026,True,Available transfer,2026-07-14T12:40:18+00:00
barttorvik-2026-1599,Keiveon Hunt,Jackson St.,,,2026,True,Available transfer,2026-07-14T12:40:18+00:00
barttorvik-2026-3176,Kelen Smith,Cameron,,,2026,True,Available transfer,2026-07-14T12:40:18+00:00
barttorvik-2026-1975,Kellen Leake,Malone,,,2026,True,Available transfer,2026-07-14T12:40:18+00:00
barttorvik-2026-2034,Kellen Little,Winona St.,,,2026,True,Available transfer,2026-07-14T12:40:18+00:00
barttorvik-2026-1237,Kelson Gebbers,Portland,,,2026,True,Available transfer,2026-07-14T12:40:18+00:00
barttorvik-2026-686,Kelton Coleman,Mary,,,2026,True,Available transfer,2026-07-14T12:40:18+00:00
barttorvik-2026-3007,Ken Sallee,Concord,,,2026,True,Available transfer,2026-07-14T12:40:18+00:00
barttorvik-2026-1739,Kendale Johnson,Albany St. (GA),,,2026,True,Available transfer,2026-07-14T12:40:18+00:00
barttorvik-2026-334,Kendall Blue,Nebraska,,,2026,True,Available transfer,2026-07-14T12:40:18+00:00
barttorvik-2026-832,Kendall Davis,Coker,,,2026,True,Available transfer,2026-07-14T12:40:18+00:00
barttorvik-2026-3319,Kendall Taylor,Charleston,,,2026,True,Available transfer,2026-07-14T12:40:18+00:00
barttorvik-2026-2688,Kendon Peebles,Clarion,,,2026,True,Available transfer,2026-07-14T12:40:18+00:00
barttorvik-2026-1253,Kendrick Gilbert,Nebraska Kearney,,,2026,True,Available transfer,2026-07-14T12:40:18+00:00
barttorvik-2026-3754,Kennard Wyche,Virginia Union,,,2026,True,Available transfer,2026-07-14T12:40:18+00:00
barttorvik-2026-497,Kenny Burns III,Northwestern Oklahoma State,,,2026,True,Available transfer,2026-07-14T12:40:18+00:00
barttorvik-2026-1287,Kenny Gonzalez,Mary,,,2026,True,Available transfer,2026-07-14T12:40:18+00:00
barttorvik-2026-2506,Kenny Noland,Columbia,,,2026,True,Available transfer,2026-07-14T12:40:18+00:00
barttorvik-2026-3479,Kenny Vera,Lees-McRae,,,2026,True,Available transfer,2026-07-14T12:40:18+00:00
barttorvik-2026-1883,Kent King,Chaminade,,,2026,True,Available transfer,2026-07-14T12:40:18+00:00
barttorvik-2026-1256,Kenyon Giles,Wichita St.,,,2026,True,Available transfer,2026-07-14T12:40:18+00:00
barttorvik-2026-581,Keonjay Carter,Roberts Wesleyan,,,2026,True,Available transfer,2026-07-14T12:40:18+00:00
barttorvik-2026-1909,Kerem Konan,Creighton,,,2026,True,Available transfer,2026-07-14T12:40:18+00:00
barttorvik-2026-2801,Kerwin Prince,Slippery Rock,,,2026,True,Available transfer,2026-07-14T12:40:18+00:00
barttorvik-2026-3099,Kesean Shillingford,Lincoln PA,,,2026,True,Available transfer,2026-07-14T12:40:18+00:00
barttorvik-2026-2799,Kevaughn Price,USC Beaufort,,,2026,True,Available transfer,2026-07-14T12:40:18+00:00
barttorvik-2026-144,Kevin Armstrong II,California,,,2026,True,Available transfer,2026-07-14T12:40:18+00:00
barttorvik-2026-564,Kevin Carney,Loyola Marymount,,,2026,True,Available transfer,2026-07-14T12:40:18+00:00
barttorvik-2026-1904,Kevin Kogbara,Chico State,,,2026,True,Available transfer,2026-07-14T12:40:18+00:00
barttorvik-2026-2684,Kevin Pazmino,Nicholls St.,,,2026,True,Available transfer,2026-07-14T12:40:18+00:00
barttorvik-2026-726,Kevon Corley,District of Columbia,,,2026,True,Available transfer,2026-07-14T12:40:18+00:00
barttorvik-2026-3802,Kevon Zilaee,Sul Ross St.,,,2026,True,Available transfer,2026-07-14T12:40:18+00:00
barttorvik-2026-3320,Kevonne Taylor,Saginaw Valley,,,2026,True,Available transfer,2026-07-14T12:40:18+00:00
barttorvik-2026-934,Keylon Dorsey,Western New Mexico,,,2026,True,Available transfer,2026-07-14T12:40:18+00:00
barttorvik-2026-2009,Keyontae Lewis,Norfolk St.,,,2026,True,Available transfer,2026-07-14T12:40:18+00:00
barttorvik-2026-1373,Keyshawn Hall,Auburn,,,2026,True,Available transfer,2026-07-14T12:40:18+00:00
barttorvik-2026-1567,Khali Horton,Coppin St.,,,2026,True,Available transfer,2026-07-14T12:40:18+00:00
barttorvik-2026-1241,Khalil Genwright,Tuskegee,,,2026,True,Available transfer,2026-07-14T12:40:18+00:00
barttorvik-2026-1325,Khalil Green,Georgia College,,,2026,True,Available transfer,2026-07-14T12:40:18+00:00
barttorvik-2026-3588,Khamani Wertz,Concord,,,2026,True,Available transfer,2026-07-14T12:40:18+00:00
barttorvik-2026-2936,Khasen Robinson,Little Rock,,,2026,True,Available transfer,2026-07-14T12:40:18+00:00
barttorvik-2026-1558,Khimani Hopkinson,Lincoln PA,,,2026,True,Available transfer,2026-07-14T12:40:18+00:00
barttorvik-2026-938,Khirus Doucet,Fort Valley St.,,,2026,True,Available transfer,2026-07-14T12:40:18+00:00
barttorvik-2026-587,Khouri Carvey,North Carolina Central,,,2026,True,Available transfer,2026-07-14T12:40:18+00:00
barttorvik-2026-1625,King Ijeoma,Canisius,,,2026,True,Available transfer,2026-07-14T12:40:18+00:00
barttorvik-2026-3519,King Walker,North Alabama,,,2026,True,Available transfer,2026-07-14T12:40:18+00:00
barttorvik-2026-2795,Kingston Price,Fordham,,,2026,True,Available transfer,2026-07-14T12:40:18+00:00
barttorvik-2026-2566,Kiran Oliver,Arkansas Tech,,,2026,True,Available transfer,2026-07-14T12:40:18+00:00
barttorvik-2026-101,Klairus Amir,Campbell,,,2026,True,Available transfer,2026-07-14T12:40:18+00:00
barttorvik-2026-582,Knowledge Carter,Tex. A&M Int'l,,,2026,True,Available transfer,2026-07-14T12:40:18+00:00
barttorvik-2026-651,Kobe Clark,Maryville (MO),,,2026,True,Available transfer,2026-07-14T12:40:18+00:00
barttorvik-2026-2051,Kobe Long,Holy Family,,,2026,True,Available transfer,2026-07-14T12:40:18+00:00
barttorvik-2026-1741,Kodi Johnson,Bloomsburg,,,2026,True,Available transfer,2026-07-14T12:40:18+00:00
barttorvik-2026-638,Kody Clancy,Ball St.,,,2026,True,Available transfer,2026-07-14T12:40:18+00:00
barttorvik-2026-1186,Kody Frey,Fairleigh Dickinson,,,2026,True,Available transfer,2026-07-14T12:40:18+00:00
barttorvik-2026-3651,Kody Williams,Hampton,,,2026,True,Available transfer,2026-07-14T12:40:18+00:00
barttorvik-2026-973,Kohlman Dutton,CSU Pueblo,,,2026,True,Available transfer,2026-07-14T12:40:18+00:00
barttorvik-2026-1934,Konstantinos Lagos,Florida Tech,,,2026,True,Available transfer,2026-07-14T12:40:18+00:00
barttorvik-2026-921,Korbin Dixon,Emory & Henry,,,2026,True,Available transfer,2026-07-14T12:40:18+00:00
barttorvik-2026-833,Kory Davis,Coker,,,2026,True,Available transfer,2026-07-14T12:40:18+00:00
barttorvik-2026-1831,Kris Keinys,Pacific,,,2026,True,Available transfer,2026-07-14T12:40:18+00:00
barttorvik-2026-1884,Kris King,Chaminade,,,2026,True,Available transfer,2026-07-14T12:40:18+00:00
barttorvik-2026-162,Krishen Atwal,Middle Georgia,,,2026,True,Available transfer,2026-07-14T12:40:18+00:00
barttorvik-2026-3307,Kwame Tanic,Georgia St.,,,2026,True,Available transfer,2026-07-14T12:40:18+00:00
barttorvik-2026-2756,Kwynsie Pittsnogle,Lees-McRae,,,2026,True,Available transfer,2026-07-14T12:40:18+00:00
barttorvik-2026-2625,Ky Panda-Massey,St. Thomas Aquinas,,,2026,True,Available transfer,2026-07-14T12:40:18+00:00
barttorvik-2026-890,Kye Dickson,UT Rio Grande Valley,,,2026,True,Available transfer,2026-07-14T12:40:18+00:00
barttorvik-2026-273,Kyle Benjamin,Millersville,,,2026,True,Available transfer,2026-07-14T12:40:18+00:00
barttorvik-2026-444,Kyle Brown,Arkansas Pine Bluff,,,2026,True,Available transfer,2026-07-14T12:40:18+00:00
barttorvik-2026-561,Kyle Carlesimo,Colgate,,,2026,True,Available transfer,2026-07-14T12:40:18+00:00
barttorvik-2026-991,Kyle Edison,Southeastern Louisiana,,,2026,True,Available transfer,2026-07-14T12:40:18+00:00
barttorvik-2026-1576,Kyle Houston,LeMoyne-Owen,,,2026,True,Available transfer,2026-07-14T12:40:18+00:00
barttorvik-2026-2811,Kyle Pulliam,William & Mary,,,2026,True,Available transfer,2026-07-14T12:40:18+00:00
barttorvik-2026-3042,Kyle Scharbrough,William Jewell,,,2026,True,Available transfer,2026-07-14T12:40:18+00:00
barttorvik-2026-1323,Kylin Green,Houston Christian,,,2026,True,Available transfer,2026-07-14T12:40:18+00:00
barttorvik-2026-2841,Kyran Ratliff,Louisiana,,,2026,True,Available transfer,2026-07-14T12:40:18+00:00
barttorvik-2026-590,L.J. Cason,Michigan,,,2026,True,Available transfer,2026-07-14T12:40:18+00:00
barttorvik-2026-3584,LJ Wells,Northern Kentucky,,,2026,True,Available transfer,2026-07-14T12:40:18+00:00
barttorvik-2026-2755,LaDricus Pittman,LeMoyne-Owen,,,2026,True,Available transfer,2026-07-14T12:40:18+00:00
barttorvik-2026-526,LaQuan Byrd,Mansfield,,,2026,True,Available transfer,2026-07-14T12:40:18+00:00
barttorvik-2026-1438,LaVonte Harris,Ky. Wesleyan,,,2026,True,Available transfer,2026-07-14T12:40:18+00:00
barttorvik-2026-2515,Ladislav Novák,Davis & Elkins,,,2026,True,Available transfer,2026-07-14T12:40:18+00:00
barttorvik-2026-1103,Ladontae Felton,East Carolina,,,2026,True,Available transfer,2026-07-14T12:40:18+00:00
barttorvik-2026-1778,Lajae Jones,Florida St.,,,2026,True,Available transfer,2026-07-14T12:40:18+00:00
barttorvik-2026-3561,Lamar Washington,Georgia Tech,,,2026,True,Available transfer,2026-07-14T12:40:18+00:00
barttorvik-2026-2488,Lamine Niang,Tennessee Martin,,,2026,True,Available transfer,2026-07-14T12:40:18+00:00
barttorvik-2026-1646,Lamont Jackson,Jacksonville,,,2026,True,Available transfer,2026-07-14T12:40:18+00:00
barttorvik-2026-1260,Lance Gill,Winston-Salem State,,,2026,True,Available transfer,2026-07-14T12:40:18+00:00
barttorvik-2026-3501,Lance Waddles,Nebraska Omaha,,,2026,True,Available transfer,2026-07-14T12:40:18+00:00
barttorvik-2026-399,Landon Braun,Metro State,,,2026,True,Available transfer,2026-07-14T12:40:18+00:00
barttorvik-2026-899,Landon Dimler,Minnesota Crookston,,,2026,True,Available transfer,2026-07-14T12:40:18+00:00
barttorvik-2026-1696,Landon Jeffries,Benedictine Mesa,,,2026,True,Available transfer,2026-07-14T12:40:18+00:00
barttorvik-2026-3731,Landon Wolf,Illinois St.,,,2026,True,Available transfer,2026-07-14T12:40:18+00:00
barttorvik-2026-1801,Landyn Jumawan,Northwestern St.,,,2026,True,Available transfer,2026-07-14T12:40:18+00:00
barttorvik-2026-3207,Lane Sparks,Oral Roberts,,,2026,True,Available transfer,2026-07-14T12:40:18+00:00
barttorvik-2026-310,Langston Binns,Southern Utah,,,2026,True,Available transfer,2026-07-14T12:40:18+00:00
barttorvik-2026-2063,Langston Love,Georgetown,,,2026,True,Available transfer,2026-07-14T12:40:18+00:00
barttorvik-2026-2877,Langston Reynolds,Minnesota,,,2026,True,Available transfer,2026-07-14T12:40:18+00:00
barttorvik-2026-2393,Latavious Morris,N.M. Highlands,,,2026,True,Available transfer,2026-07-14T12:40:18+00:00
barttorvik-2026-3357,LeBron Thomas,Green Bay,,,2026,True,Available transfer,2026-07-14T12:40:18+00:00
barttorvik-2026-3463,Lee Van der Westhuizen,Lubbock Christian,,,2026,True,Available transfer,2026-07-14T12:40:18+00:00
barttorvik-2026-3520,Leland Walker,Wyoming,,,2026,True,Available transfer,2026-07-14T12:40:18+00:00
barttorvik-2026-2759,Lenier Pocknett,King,,,2026,True,Available transfer,2026-07-14T12:40:18+00:00
barttorvik-2026-96,Leo Amari IV,Evansville,,,2026,True,Available transfer,2026-07-14T12:40:18+00:00
barttorvik-2026-1234,Leo Gayman,Southwest Baptist,,,2026,True,Available transfer,2026-07-14T12:40:18+00:00
barttorvik-2026-3493,Leo Vlogianitis,Pace,,,2026,True,Available transfer,2026-07-14T12:40:18+00:00
barttorvik-2026-2448,Leon Nahar,Stony Brook,,,2026,True,Available transfer,2026-07-14T12:40:18+00:00
barttorvik-2026-2333,Leslie Minter,Elizabeth City St.,,,2026,True,Available transfer,2026-07-14T12:40:18+00:00
barttorvik-2026-1161,"Lethaniel Foster, Jr.",West Va. Wesleyan,,,2026,True,Available transfer,2026-07-14T12:40:18+00:00
barttorvik-2026-1962,Levi Lawal,Southern New Hampshire,,,2026,True,Available transfer,2026-07-14T12:40:18+00:00
barttorvik-2026-556,Liam Canty,Northwestern Oklahoma State,,,2026,True,Available transfer,2026-07-14T12:40:18+00:00
barttorvik-2026-2210,Liam McChesney,Creighton,,,2026,True,Available transfer,2026-07-14T12:40:18+00:00
barttorvik-2026-3296,Liam Switzer,Fresno Pacific,,,2026,True,Available transfer,2026-07-14T12:40:18+00:00
barttorvik-2026-2621,Lincoln Palbicki,Maryville (MO),,,2026,True,Available transfer,2026-07-14T12:40:18+00:00
barttorvik-2026-2475,Lionel Nelson,Franklin Pierce,,,2026,True,Available transfer,2026-07-14T12:40:18+00:00
barttorvik-2026-2241,Logan McIntire,Central Michigan,,,2026,True,Available transfer,2026-07-14T12:40:18+00:00
barttorvik-2026-2826,Logan Rainey,Seattle Pacific,,,2026,True,Available transfer,2026-07-14T12:40:18+00:00
barttorvik-2026-3386,Logan Threatt,Metro State,,,2026,True,Available transfer,2026-07-14T12:40:18+00:00
barttorvik-2026-509,London Burton,Rockhurst,,,2026,True,Available transfer,2026-07-14T12:40:18+00:00
barttorvik-2026-1118,London Fields,East Texas A&M,,,2026,True,Available transfer,2026-07-14T12:40:18+00:00
barttorvik-2026-8,Lorenzo Abellar,Southern Utah,,,2026,True,Available transfer,2026-07-14T12:40:18+00:00
barttorvik-2026-2254,Lorenzo McMillion,Quincy,,,2026,True,Available transfer,2026-07-14T12:40:18+00:00
barttorvik-2026-1789,Louie Jordan,Radford,,,2026,True,Available transfer,2026-07-14T12:40:18+00:00
barttorvik-2026-1084,Louis Fairtlough,Manhattan,,,2026,True,Available transfer,2026-07-14T12:40:18+00:00
barttorvik-2026-1313,Louis Grante-Halliday,Western Washington,,,2026,True,Available transfer,2026-07-14T12:40:18+00:00
barttorvik-2026-2059,Lucas Lorenzen,Western Illinois,,,2026,True,Available transfer,2026-07-14T12:40:18+00:00
barttorvik-2026-2146,Lucas Mari,Vermont,,,2026,True,Available transfer,2026-07-14T12:40:18+00:00
barttorvik-2026-3664,Lucas Williams,Tennessee Martin,,,2026,True,Available transfer,2026-07-14T12:40:18+00:00
barttorvik-2026-588,Luciano Casini,Newman,,,2026,True,Available transfer,2026-07-14T12:40:18+00:00
barttorvik-2026-3495,Luka Vudragovic,Pepperdine,,,2026,True,Available transfer,2026-07-14T12:40:18+00:00
barttorvik-2026-3817,Luka Đurović,Chadron St.,,,2026,True,Available transfer,2026-07-14T12:40:18+00:00
barttorvik-2026-445,Luke Brown,American,,,2026,True,Available transfer,2026-07-14T12:40:18+00:00
barttorvik-2026-577,Luke Carter,Lipscomb,,,2026,True,Available transfer,2026-07-14T12:40:18+00:00
barttorvik-2026-862,Luke Denbow,Findlay,,,2026,True,Available transfer,2026-07-14T12:40:18+00:00
barttorvik-2026-892,Luke Diem,Bemidji St.,,,2026,True,Available transfer,2026-07-14T12:40:18+00:00
barttorvik-2026-2384,Luke Morgan,Navy,,,2026,True,Available transfer,2026-07-14T12:40:18+00:00
barttorvik-2026-2406,Luke Moxon,Montana,,,2026,True,Available transfer,2026-07-14T12:40:18+00:00
barttorvik-2026-2427,Luke Murphy,Saint Martin's,,,2026,True,Available transfer,2026-07-14T12:40:18+00:00
barttorvik-2026-2450,Luke Naser,Xavier,,,2026,True,Available transfer,2026-07-14T12:40:18+00:00
barttorvik-2026-3626,Luke Wieskamp,Menlo,,,2026,True,Available transfer,2026-07-14T12:40:18+00:00
barttorvik-2026-1531,Lyonel Hodges,Claflin,,,2026,True,Available transfer,2026-07-14T12:40:18+00:00
barttorvik-2026-3769,MJ Yeager,Oakland,,,2026,True,Available transfer,2026-07-14T12:40:18+00:00
barttorvik-2026-2883,Macaleab Rich,UTSA,,,2026,True,Available transfer,2026-07-14T12:40:18+00:00
barttorvik-2026-2605,Madiba Owona,Utah Tech,,,2026,True,Available transfer,2026-07-14T12:40:18+00:00
barttorvik-2026-971,Madison Durr,UNC Wilmington,,,2026,True,Available transfer,2026-07-14T12:40:18+00:00
barttorvik-2026-1070,Maguire Evans,Tennessee Tech,,,2026,True,Available transfer,2026-07-14T12:40:18+00:00
barttorvik-2026-687,Makai Coleman,Southern Connecticut St.,,,2026,True,Available transfer,2026-07-14T12:40:18+00:00
barttorvik-2026-2115,Makeer Makeer,Mo.-St. Louis,,,2026,True,Available transfer,2026-07-14T12:40:18+00:00
barttorvik-2026-116,Makhai Anderson,Wagner,,,2026,True,Available transfer,2026-07-14T12:40:18+00:00
barttorvik-2026-805,Malachi Dark,Virginia Union,,,2026,True,Available transfer,2026-07-14T12:40:18+00:00
barttorvik-2026-829,Malachi Davis,LIU,,,2026,True,Available transfer,2026-07-14T12:40:18+00:00
barttorvik-2026-942,Malachi Douyon,Santa Clara,,,2026,True,Available transfer,2026-07-14T12:40:18+00:00
barttorvik-2026-1387,Malachi Hampton,Davis & Elkins,,,2026,True,Available transfer,2026-07-14T12:40:18+00:00
barttorvik-2026-2322,Malachi Miller,Western Washington,,,2026,True,Available transfer,2026-07-14T12:40:18+00:00
barttorvik-2026-2433,Malachi Murrell,Cal State San Bernardino,,,2026,True,Available transfer,2026-07-14T12:40:18+00:00
barttorvik-2026-622,Malcolm Chimezie,Boston University,,,2026,True,Available transfer,2026-07-14T12:40:18+00:00
barttorvik-2026-1135,Malcolm Flaggs,Villanova,,,2026,True,Available transfer,2026-07-14T12:40:18+00:00
barttorvik-2026-3267,Malcom Stute,Florida A&M,,,2026,True,Available transfer,2026-07-14T12:40:18+00:00
barttorvik-2026-140,Maleek Arington,Seattle,,,2026,True,Available transfer,2026-07-14T12:40:18+00:00
barttorvik-2026-876,Malik Dia,Mississippi,,,2026,True,Available transfer,2026-07-14T12:40:18+00:00
barttorvik-2026-993,Malik Edmead,Merrimack,,,2026,True,Available transfer,2026-07-14T12:40:18+00:00
barttorvik-2026-1108,Malik Ferguson,Tennessee Tech,,,2026,True,Available transfer,2026-07-14T12:40:18+00:00
barttorvik-2026-2288,Malik Messina-Moore,Xavier,,,2026,True,Available transfer,2026-07-14T12:40:18+00:00
barttorvik-2026-855,Malikai Delgado,Bridgeport,,,2026,True,Available transfer,2026-07-14T12:40:18+00:00
barttorvik-2026-1077,Malique Ewin,Arkansas,,,2026,True,Available transfer,2026-07-14T12:40:18+00:00
barttorvik-2026-1078,Marc Eyman,Texas A&M Kingsville,,,2026,True,Available transfer,2026-07-14T12:40:18+00:00
barttorvik-2026-2844,"Marc Raye, Jr.",Johnson C. Smith,,,2026,True,Available transfer,2026-07-14T12:40:18+00:00
barttorvik-2026-1226,Marcel Gardner,Fairmont St.,,,2026,True,Available transfer,2026-07-14T12:40:18+00:00
barttorvik-2026-496,Marcus Burnett,UT Permian Basin,,,2026,True,Available transfer,2026-07-14T12:40:18+00:00
barttorvik-2026-1518,Marcus Hill,Texas A&M,,,2026,True,Available transfer,2026-07-14T12:40:18+00:00
barttorvik-2026-2735,Marcus Pierce,N.M. Highlands,,,2026,True,Available transfer,2026-07-14T12:40:18+00:00
barttorvik-2026-2741,Marcus Pigram,Western Illinois,,,2026,True,Available transfer,2026-07-14T12:40:18+00:00
barttorvik-2026-3308,Marcus Tankersley,Chicago St.,,,2026,True,Available transfer,2026-07-14T12:40:18+00:00
barttorvik-2026-3797,"Marcus Zeigler, Jr.",Central Oklahoma,,,2026,True,Available transfer,2026-07-14T12:40:18+00:00
barttorvik-2026-1788,Mari Jordan,Radford,,,2026,True,Available transfer,2026-07-14T12:40:18+00:00
barttorvik-2026-3696,"Mario Williams, Jr.",Colorado Colorado Springs,,,2026,True,Available transfer,2026-07-14T12:40:18+00:00
barttorvik-2026-2940,Markus Robinson,Roberts Wesleyan,,,2026,True,Available transfer,2026-07-14T12:40:18+00:00
barttorvik-2026-1436,Marland Harris,Morgan St.,,,2026,True,Available transfer,2026-07-14T12:40:18+00:00
barttorvik-2026-214,"Marlon Barnes, Jr.",Evansville,,,2026,True,Available transfer,2026-07-14T12:40:18+00:00
barttorvik-2026-2482,Marquel Newsome,Tiffin,,,2026,True,Available transfer,2026-07-14T12:40:18+00:00
barttorvik-2026-3289,Marquel Sutton,LSU,,,2026,True,Available transfer,2026-07-14T12:40:18+00:00
barttorvik-2026-1794,Marquese Josephs,Saginaw Valley,,,2026,True,Available transfer,2026-07-14T12:40:18+00:00
barttorvik-2026-586,Marquis Carver-Smith,Truman St.,,,2026,True,Available transfer,2026-07-14T12:40:18+00:00
barttorvik-2026-2915,Marsalis Roberson,UC Davis,,,2026,True,Available transfer,2026-07-14T12:40:18+00:00
barttorvik-2026-873,Marshal Destremau,UT Rio Grande Valley,,,2026,True,Available transfer,2026-07-14T12:40:18+00:00
barttorvik-2026-502,Martez Burse,Harding,,,2026,True,Available transfer,2026-07-14T12:40:18+00:00
barttorvik-2026-1353,Martin Gumwel,Cal Poly Pomona,,,2026,True,Available transfer,2026-07-14T12:40:18+00:00
barttorvik-2026-3794,Martin Zarzuela,Cal State Los Angeles,,,2026,True,Available transfer,2026-07-14T12:40:18+00:00
barttorvik-2026-73,Marvel Allen,Utah Tech,,,2026,True,Available transfer,2026-07-14T12:40:18+00:00
barttorvik-2026-2234,Marvin McGhee III,UT Rio Grande Valley,,,2026,True,Available transfer,2026-07-14T12:40:18+00:00
barttorvik-2026-313,Mason Black,Western Colo.,,,2026,True,Available transfer,2026-07-14T12:40:18+00:00
barttorvik-2026-1312,Mason Grant,USC Aiken,,,2026,True,Available transfer,2026-07-14T12:40:18+00:00
barttorvik-2026-2306,Mason Miles,Eastern Kentucky,,,2026,True,Available transfer,2026-07-14T12:40:18+00:00
barttorvik-2026-2493,Mason Nicholson,Vanderbilt,,,2026,True,Available transfer,2026-07-14T12:40:18+00:00
barttorvik-2026-909,Massal Diouf,Fort Lewis,,,2026,True,Available transfer,2026-07-14T12:40:18+00:00
barttorvik-2026-2127,Massi Malterer,Rockhurst,,,2026,True,Available transfer,2026-07-14T12:40:18+00:00
barttorvik-2026-1811,Mate Kapanadze,UT Tyler,,,2026,True,Available transfer,2026-07-14T12:40:18+00:00
barttorvik-2026-56,Matias Aldana,Black Hills St.,,,2026,True,Available transfer,2026-07-14T12:40:18+00:00
barttorvik-2026-123,Matt Ansah,Saint Leo,,,2026,True,Available transfer,2026-07-14T12:40:18+00:00
barttorvik-2026-3487,Matt Villanueva,Cal St. East Bay,,,2026,True,Available transfer,2026-07-14T12:40:18+00:00
barttorvik-2026-2773,Matteo Porto,Fresno St.,,,2026,True,Available transfer,2026-07-14T12:40:18+00:00
barttorvik-2026-1016,Matthew Elderkin,Grand Valley State,,,2026,True,Available transfer,2026-07-14T12:40:18+00:00
barttorvik-2026-2189,Matthew Mayes,Northwest Mo. St.,,,2026,True,Available transfer,2026-07-14T12:40:18+00:00
barttorvik-2026-2814,Matthew Puodziukaitis,Lynn,,,2026,True,Available transfer,2026-07-14T12:40:18+00:00
barttorvik-2026-3045,Matthew Schmainda,Michigan Tech,,,2026,True,Available transfer,2026-07-14T12:40:18+00:00
barttorvik-2026-3578,Matthew Webster,Georgia Southwestern,,,2026,True,Available transfer,2026-07-14T12:40:18+00:00
barttorvik-2026-1399,Maurio Hanson Jr.,Maryland Eastern Shore,,,2026,True,Available transfer,2026-07-14T12:40:18+00:00
barttorvik-2026-782,Maurizio D'Alessandro,Rider,,,2026,True,Available transfer,2026-07-14T12:40:18+00:00
barttorvik-2026-2318,Mavrick Miller,High Point,,,2026,True,Available transfer,2026-07-14T12:40:18+00:00
barttorvik-2026-530,Max Cain,Christian Brothers,,,2026,True,Available transfer,2026-07-14T12:40:18+00:00
barttorvik-2026-1955,Max Laskey,Northern Illinois,,,2026,True,Available transfer,2026-07-14T12:40:18+00:00
barttorvik-2026-2018,Max Lidman,UVA Wise,,,2026,True,Available transfer,2026-07-14T12:40:18+00:00
barttorvik-2026-2091,Max Mackinnon,LSU,,,2026,True,Available transfer,2026-07-14T12:40:18+00:00
barttorvik-2026-2110,Max Majerle,North Dakota St.,,,2026,True,Available transfer,2026-07-14T12:40:18+00:00
barttorvik-2026-2233,Max McFarland,Frostburg St.,,,2026,True,Available transfer,2026-07-14T12:40:18+00:00
barttorvik-2026-2742,Max Pikaar,Southern Illinois,,,2026,True,Available transfer,2026-07-14T12:40:18+00:00
barttorvik-2026-2866,Max Rehl,Cal St. Northridge,,,2026,True,Available transfer,2026-07-14T12:40:18+00:00
barttorvik-2026-3166,Max Smith,Mississippi,,,2026,True,Available transfer,2026-07-14T12:40:18+00:00
barttorvik-2026-3582,Max Weisbrod,Northern Iowa,,,2026,True,Available transfer,2026-07-14T12:40:18+00:00
barttorvik-2026-3658,Max Williams,Western Carolina,,,2026,True,Available transfer,2026-07-14T12:40:18+00:00
barttorvik-2026-3819,Max Żylicz,Cal State San Bernardino,,,2026,True,Available transfer,2026-07-14T12:40:18+00:00
barttorvik-2026-1265,Maximus Gizzi,Minnesota,,,2026,True,Available transfer,2026-07-14T12:40:18+00:00
barttorvik-2026-2442,Mbaye N'Diaye,Eastern Michigan,,,2026,True,Available transfer,2026-07-14T12:40:18+00:00
barttorvik-2026-2502,Meka Nnaji,Fort Valley St.,,,2026,True,Available transfer,2026-07-14T12:40:18+00:00
barttorvik-2026-2869,Mekhi Reid,Norfolk St.,,,2026,True,Available transfer,2026-07-14T12:40:18+00:00
barttorvik-2026-3430,Melih Tunca,Penn St.,,,2026,True,Available transfer,2026-07-14T12:40:18+00:00
barttorvik-2026-733,Melvin Council Jr.,Kansas,,,2026,True,Available transfer,2026-07-14T12:40:18+00:00
barttorvik-2026-987,Melvyn Ebonkoli,NJIT,,,2026,True,Available transfer,2026-07-14T12:40:18+00:00
barttorvik-2026-592,Micah Caster,Louisiana Monroe,,,2026,True,Available transfer,2026-07-14T12:40:18+00:00
barttorvik-2026-1391,Micah Handlogten,Florida,,,2026,True,Available transfer,2026-07-14T12:40:18+00:00
barttorvik-2026-3120,Micah Simpson,Alabama St.,,,2026,True,Available transfer,2026-07-14T12:40:18+00:00
barttorvik-2026-3785,Micah Young,Concord,,,2026,True,Available transfer,2026-07-14T12:40:18+00:00
barttorvik-2026-891,Michael Dickson,Shippensburg,,,2026,True,Available transfer,2026-07-14T12:40:18+00:00
barttorvik-2026-1017,Michael Eley,Hampton,,,2026,True,Available transfer,2026-07-14T12:40:18+00:00
barttorvik-2026-1142,Michael Folarin,East Texas A&M,,,2026,True,Available transfer,2026-07-14T12:40:18+00:00
barttorvik-2026-1418,Michael Harper,Jacksonville,,,2026,True,Available transfer,2026-07-14T12:40:18+00:00
barttorvik-2026-1669,Michael Jacobs,Southern,,,2026,True,Available transfer,2026-07-14T12:40:18+00:00
barttorvik-2026-1747,Michael Johnson,Shorter,,,2026,True,Available transfer,2026-07-14T12:40:18+00:00
barttorvik-2026-1779,Michael Jones,Cameron,,,2026,True,Available transfer,2026-07-14T12:40:18+00:00
barttorvik-2026-1809,Michael Kalina,Rollins,,,2026,True,Available transfer,2026-07-14T12:40:18+00:00
barttorvik-2026-1964,Michael Lawlor,Manhattan,,,2026,True,Available transfer,2026-07-14T12:40:18+00:00
barttorvik-2026-2594,Michael Osei-Bonsu,Missouri St.,,,2026,True,Available transfer,2026-07-14T12:40:18+00:00
barttorvik-2026-2609,Michael O’Connell,N.C. State,,,2026,True,Available transfer,2026-07-14T12:40:18+00:00
barttorvik-2026-2649,Michael Parrotta,St. Thomas Aquinas,,,2026,True,Available transfer,2026-07-14T12:40:18+00:00
barttorvik-2026-3131,Michael Singleton,Post,,,2026,True,Available transfer,2026-07-14T12:40:18+00:00
barttorvik-2026-3277,Michael Sulaka,Western Michigan,,,2026,True,Available transfer,2026-07-14T12:40:18+00:00
barttorvik-2026-1616,Miftah Ibiyemi,Rhode Island,,,2026,True,Available transfer,2026-07-14T12:40:18+00:00
barttorvik-2026-3406,Mihael Tomic,Incarnate Word,,,2026,True,Available transfer,2026-07-14T12:40:18+00:00
barttorvik-2026-364,Mihailo Boskovic,BYU,,,2026,True,Available transfer,2026-07-14T12:40:18+00:00
barttorvik-2026-3244,Mikale Stevenson,Purdue Fort Wayne,,,2026,True,Available transfer,2026-07-14T12:40:18+00:00
barttorvik-2026-2323,Mike Miller,Alaska Anchorage,,,2026,True,Available transfer,2026-07-14T12:40:18+00:00
barttorvik-2026-3035,Mike Sarden,Cal Poly Humboldt,,,2026,True,Available transfer,2026-07-14T12:40:18+00:00
barttorvik-2026-3536,Mike Walz,Richmond,,,2026,True,Available transfer,2026-07-14T12:40:18+00:00
barttorvik-2026-1469,Mikey Hawkins,Northwestern Oklahoma State,,,2026,True,Available transfer,2026-07-14T12:40:18+00:00
barttorvik-2026-1844,Mikey Kelvin II,FIU,,,2026,True,Available transfer,2026-07-14T12:40:18+00:00
barttorvik-2026-1250,Miles Gibson,Okla. Christian,,,2026,True,Available transfer,2026-07-14T12:40:18+00:00
barttorvik-2026-1292,Miles Goodman,UT Arlington,,,2026,True,Available transfer,2026-07-14T12:40:18+00:00
barttorvik-2026-1394,Miles Hannah,Spring Hill,,,2026,True,Available transfer,2026-07-14T12:40:18+00:00
barttorvik-2026-1506,Miles Hicks,William & Mary,,,2026,True,Available transfer,2026-07-14T12:40:18+00:00
barttorvik-2026-2237,Miller McGowan,Stetson,,,2026,True,Available transfer,2026-07-14T12:40:18+00:00
barttorvik-2026-1627,Milos Ilic,California,,,2026,True,Available transfer,2026-07-14T12:40:18+00:00
barttorvik-2026-1704,Mitch Jeppesen,Westminster,,,2026,True,Available transfer,2026-07-14T12:40:18+00:00
barttorvik-2026-1626,Mobi Ikegwuruka,Kansas St.,,,2026,True,Available transfer,2026-07-14T12:40:18+00:00
barttorvik-2026-3028,Modibo Sanogo,Eastern New Mexico,,,2026,True,Available transfer,2026-07-14T12:40:18+00:00
barttorvik-2026-311,Mohamed Binzagr,George Washington,,,2026,True,Available transfer,2026-07-14T12:40:18+00:00
barttorvik-2026-1833,Mohamed Keita,Temple,,,2026,True,Available transfer,2026-07-14T12:40:18+00:00
barttorvik-2026-2440,Montavious Myrick,Eastern Kentucky,,,2026,True,Available transfer,2026-07-14T12:40:18+00:00
barttorvik-2026-3616,Montraivis White,USC Aiken,,,2026,True,Available transfer,2026-07-14T12:40:18+00:00
barttorvik-2026-3066,Mor Seck,Towson,,,2026,True,Available transfer,2026-07-14T12:40:18+00:00
barttorvik-2026-1012,Mostapha El Moutaouakkil,Jacksonville St.,,,2026,True,Available transfer,2026-07-14T12:40:18+00:00
barttorvik-2026-2197,Mouhamed Mbaye,UTEP,,,2026,True,Available transfer,2026-07-14T12:40:18+00:00
barttorvik-2026-3029,Moustapha Sanoh,Jefferson,,,2026,True,Available transfer,2026-07-14T12:40:18+00:00
barttorvik-2026-2441,Mussa Mzein,Mississippi Valley St.,,,2026,True,Available transfer,2026-07-14T12:40:18+00:00
barttorvik-2026-1700,My'kel Jenkins,Norfolk St.,,,2026,True,Available transfer,2026-07-14T12:40:18+00:00
barttorvik-2026-3016,Mykol Sanchez-Vega,East Texas A&M,,,2026,True,Available transfer,2026-07-14T12:40:18+00:00
barttorvik-2026-1754,Myles Johnson,Black Hills St.,,,2026,True,Available transfer,2026-07-14T12:40:18+00:00
barttorvik-2026-2881,Myles Rice,Maryland,,,2026,True,Available transfer,2026-07-14T12:40:18+00:00
barttorvik-2026-3098,Myles Shields,Regis CO,,,2026,True,Available transfer,2026-07-14T12:40:18+00:00
barttorvik-2026-3404,Najashi Tolefree,Miles,,,2026,True,Available transfer,2026-07-14T12:40:18+00:00
barttorvik-2026-1444,Nakyhi Harris,Daemen,,,2026,True,Available transfer,2026-07-14T12:40:18+00:00
barttorvik-2026-2606,Nana Owusu-Anane,Grand Canyon,,,2026,True,Available transfer,2026-07-14T12:40:18+00:00
barttorvik-2026-1384,Nasir Hammonds,Lake Erie,,,2026,True,Available transfer,2026-07-14T12:40:18+00:00
barttorvik-2026-2135,Nasir Mann,Queens,,,2026,True,Available transfer,2026-07-14T12:40:18+00:00
barttorvik-2026-2411,Nasir Muhammad,Albany,,,2026,True,Available transfer,2026-07-14T12:40:18+00:00
barttorvik-2026-537,Nate Calmese,Wake Forest,,,2026,True,Available transfer,2026-07-14T12:40:18+00:00
barttorvik-2026-1172,Nate Francis,Metro State,,,2026,True,Available transfer,2026-07-14T12:40:18+00:00
barttorvik-2026-1886,Nate Kingz,Syracuse,,,2026,True,Available transfer,2026-07-14T12:40:18+00:00
barttorvik-2026-2587,Nate Orr,UIndy,,,2026,True,Available transfer,2026-07-14T12:40:18+00:00
barttorvik-2026-3036,Nate Sasser III,Chaminade,,,2026,True,Available transfer,2026-07-14T12:40:18+00:00
barttorvik-2026-3116,Nate Simon,Cal State San Marcos,,,2026,True,Available transfer,2026-07-14T12:40:18+00:00
barttorvik-2026-490,Nathan Bunkosky,St. Cloud State,,,2026,True,Available transfer,2026-07-14T12:40:18+00:00
barttorvik-2026-1120,Nathan Fife,Northern Michigan,,,2026,True,Available transfer,2026-07-14T12:40:18+00:00
barttorvik-2026-2269,Nathan Medina,Chaminade,,,2026,True,Available transfer,2026-07-14T12:40:18+00:00
barttorvik-2026-2922,Nathan Robertson,Pace,,,2026,True,Available transfer,2026-07-14T12:40:18+00:00
barttorvik-2026-2010,Nathanael Lewis,Southern Wesleyan,,,2026,True,Available transfer,2026-07-14T12:40:18+00:00
barttorvik-2026-2109,Navaughn Maise,Lander,,,2026,True,Available transfer,2026-07-14T12:40:18+00:00
barttorvik-2026-458,Naz Brown,Central Missouri,,,2026,True,Available transfer,2026-07-14T12:40:18+00:00
barttorvik-2026-2106,Nazar Mahmoud,Grambling St.,,,2026,True,Available transfer,2026-07-14T12:40:18+00:00
barttorvik-2026-268,Neel Beniwal,San Diego,,,2026,True,Available transfer,2026-07-14T12:40:18+00:00
barttorvik-2026-3577,Nehemiah Weber,Northeastern St.,,,2026,True,Available transfer,2026-07-14T12:40:18+00:00
barttorvik-2026-1623,Nehikhare Igiehon,Houston Christian,,,2026,True,Available transfer,2026-07-14T12:40:18+00:00
barttorvik-2026-1617,Nevin Ibroci,Binghamton,,,2026,True,Available transfer,2026-07-14T12:40:18+00:00
barttorvik-2026-3177,Nic Smith,MSU Moorhead,,,2026,True,Available transfer,2026-07-14T12:40:18+00:00
barttorvik-2026-3691,Nic Williams,Malone,,,2026,True,Available transfer,2026-07-14T12:40:18+00:00
barttorvik-2026-322,Nick Blake,Maryland,,,2026,True,Available transfer,2026-07-14T12:40:18+00:00
barttorvik-2026-725,Nick Corbett,Concordia Irvine,,,2026,True,Available transfer,2026-07-14T12:40:18+00:00
barttorvik-2026-2141,Nick Marabito,Regis CO,,,2026,True,Available transfer,2026-07-14T12:40:18+00:00
barttorvik-2026-2267,Nick Medeiros,Dominican,,,2026,True,Available transfer,2026-07-14T12:40:18+00:00
barttorvik-2026-3025,Nick Sanford,New Hampshire,,,2026,True,Available transfer,2026-07-14T12:40:18+00:00
barttorvik-2026-500,Nigel Burris,Weber St.,,,2026,True,Available transfer,2026-07-14T12:40:18+00:00
barttorvik-2026-2555,Nigel Okwakol,Lees-McRae,,,2026,True,Available transfer,2026-07-14T12:40:18+00:00
barttorvik-2026-1315,Nik Graves,Creighton,,,2026,True,Available transfer,2026-07-14T12:40:18+00:00
barttorvik-2026-3816,Nikko von Stralendorff,N.M. Highlands,,,2026,True,Available transfer,2026-07-14T12:40:18+00:00
barttorvik-2026-488,Niko Bundalo,Mississippi,,,2026,True,Available transfer,2026-07-14T12:40:18+00:00
barttorvik-2026-2943,Niko Rocak,UC Davis,,,2026,True,Available transfer,2026-07-14T12:40:18+00:00
barttorvik-2026-2824,Nikola Radovanovic,Pepperdine,,,2026,True,Available transfer,2026-07-14T12:40:18+00:00
barttorvik-2026-1464,Niyol Hauet,West Virginia,,,2026,True,Available transfer,2026-07-14T12:40:18+00:00
barttorvik-2026-26,Noah Adamczyk,Davis & Elkins,,,2026,True,Available transfer,2026-07-14T12:40:18+00:00
barttorvik-2026-215,Noah Barnett,Vermont,,,2026,True,Available transfer,2026-07-14T12:40:18+00:00
barttorvik-2026-343,Noah Bolanga,Utah Tech,,,2026,True,Available transfer,2026-07-14T12:40:18+00:00
barttorvik-2026-380,Noah Boyde,Western Kentucky,,,2026,True,Available transfer,2026-07-14T12:40:18+00:00
barttorvik-2026-481,Noah Budu,Pacific,,,2026,True,Available transfer,2026-07-14T12:40:18+00:00
barttorvik-2026-734,Noah Courtney,Maryville (MO),,,2026,True,Available transfer,2026-07-14T12:40:18+00:00
barttorvik-2026-1673,Noah Jaid,Barry,,,2026,True,Available transfer,2026-07-14T12:40:18+00:00
barttorvik-2026-2279,Noah Melson,Fairleigh Dickinson,,,2026,True,Available transfer,2026-07-14T12:40:18+00:00
barttorvik-2026-2598,Noah Otshudi,Marshall,,,2026,True,Available transfer,2026-07-14T12:40:18+00:00
barttorvik-2026-2681,Noah Payne,Assumption,,,2026,True,Available transfer,2026-07-14T12:40:18+00:00
barttorvik-2026-2804,Noah Prosser,Pitt.-Johnstown,,,2026,True,Available transfer,2026-07-14T12:40:18+00:00
barttorvik-2026-2969,Noah Ross,UNC Wilmington,,,2026,True,Available transfer,2026-07-14T12:40:18+00:00
barttorvik-2026-3083,Noah Shelby,Texas A&M,,,2026,True,Available transfer,2026-07-14T12:40:18+00:00
barttorvik-2026-3270,Noah Suarjaya,UT Tyler,,,2026,True,Available transfer,2026-07-14T12:40:18+00:00
barttorvik-2026-3304,Noah Taitz,Utah Valley,,,2026,True,Available transfer,2026-07-14T12:40:18+00:00
barttorvik-2026-3364,Noah Thomas,Mary,,,2026,True,Available transfer,2026-07-14T12:40:18+00:00
barttorvik-2026-3748,Noah Wright,Seton Hill,,,2026,True,Available transfer,2026-07-14T12:40:18+00:00
barttorvik-2026-943,Noam Dovrat,Miami FL,,,2026,True,Available transfer,2026-07-14T12:40:18+00:00
barttorvik-2026-2492,Nohah Nichols,Ashland,,,2026,True,Available transfer,2026-07-14T12:40:18+00:00
barttorvik-2026-1530,Nolan Hodge,UNC Wilmington,,,2026,True,Available transfer,2026-07-14T12:40:18+00:00
barttorvik-2026-2620,Nolan Paladugu,USC Beaufort,,,2026,True,Available transfer,2026-07-14T12:40:18+00:00
barttorvik-2026-1812,Nordin Kapic,South Carolina,,,2026,True,Available transfer,2026-07-14T12:40:18+00:00
barttorvik-2026-372,"Norris Bourne, Jr.",West Virginia State,,,2026,True,Available transfer,2026-07-14T12:40:18+00:00
barttorvik-2026-1416,Nowah Hargrow,Staten Island,,,2026,True,Available transfer,2026-07-14T12:40:18+00:00
barttorvik-2026-1447,O'Maundre Harris,Virginia Union,,,2026,True,Available transfer,2026-07-14T12:40:18+00:00
barttorvik-2026-1156,Oakland Fort,Northern Arizona,,,2026,True,Available transfer,2026-07-14T12:40:18+00:00
barttorvik-2026-775,Obadiah Curtis,Houston Christian,,,2026,True,Available transfer,2026-07-14T12:40:18+00:00
barttorvik-2026-2550,Obinnaya Okafor,VCU,,,2026,True,Available transfer,2026-07-14T12:40:18+00:00
barttorvik-2026-4,Obomate Abbey,Utah,,,2026,True,Available transfer,2026-07-14T12:40:18+00:00
barttorvik-2026-168,Ogien Ayo,Tennessee St.,,,2026,True,Available transfer,2026-07-14T12:40:18+00:00
barttorvik-2026-2551,Okechukwu Okeke,Albany,,,2026,True,Available transfer,2026-07-14T12:40:18+00:00
barttorvik-2026-46,Ola Ajiboye,Southern Indiana,,,2026,True,Available transfer,2026-07-14T12:40:18+00:00
barttorvik-2026-1900,Oleksandr Kobzystyi,Oregon,,,2026,True,Available transfer,2026-07-14T12:40:18+00:00
barttorvik-2026-3212,Oliver Spence,District of Columbia,,,2026,True,Available transfer,2026-07-14T12:40:18+00:00
barttorvik-2026-32,Omar Adegbola,Northwestern St.,,,2026,True,Available transfer,2026-07-14T12:40:18+00:00
barttorvik-2026-2300,Omar Migues-Hibeljic,Buffalo,,,2026,True,Available transfer,2026-07-14T12:40:18+00:00
barttorvik-2026-197,Omari Banks,Kutztown,,,2026,True,Available transfer,2026-07-14T12:40:18+00:00
barttorvik-2026-1380,Omari Hamilton,Alcorn St.,,,2026,True,Available transfer,2026-07-14T12:40:18+00:00
barttorvik-2026-2371,Omari Moore,Manhattan,,,2026,True,Available transfer,2026-07-14T12:40:18+00:00
barttorvik-2026-1378,Omer Hamama,Kent St.,,,2026,True,Available transfer,2026-07-14T12:40:18+00:00
barttorvik-2026-1568,"Orlando Horton, Jr.",Midwestern St.,,,2026,True,Available transfer,2026-07-14T12:40:18+00:00
barttorvik-2026-2535,Osahon Obasohan,Northwest Mo. St.,,,2026,True,Available transfer,2026-07-14T12:40:18+00:00
barttorvik-2026-133,Owen Aquino,High Point,,,2026,True,Available transfer,2026-07-14T12:40:18+00:00
barttorvik-2026-1414,Owen Hardy,Ferris State,,,2026,True,Available transfer,2026-07-14T12:40:18+00:00
barttorvik-2026-982,P.J. Eason,Alabama A&M,,,2026,True,Available transfer,2026-07-14T12:40:18+00:00
barttorvik-2026-2617,Panagiotis Pagonis,New Orleans,,,2026,True,Available transfer,2026-07-14T12:40:18+00:00
barttorvik-2026-240,Parker Baumann,Western Oregon,,,2026,True,Available transfer,2026-07-14T12:40:18+00:00
barttorvik-2026-630,Parker Christensen,Azusa Pacific,,,2026,True,Available transfer,2026-07-14T12:40:18+00:00
barttorvik-2026-1395,Parker Hannah,Central Oklahoma,,,2026,True,Available transfer,2026-07-14T12:40:18+00:00
barttorvik-2026-1919,Parker Kroon,Alaska Anchorage,,,2026,True,Available transfer,2026-07-14T12:40:18+00:00
barttorvik-2026-3090,Pasha Shemirani,Pepperdine,,,2026,True,Available transfer,2026-07-14T12:40:18+00:00
barttorvik-2026-569,Patrick Carr,UT Tyler,,,2026,True,Available transfer,2026-07-14T12:40:18+00:00
barttorvik-2026-783,Patrick D'Arcy,East Carolina,,,2026,True,Available transfer,2026-07-14T12:40:18+00:00
barttorvik-2026-2812,Patrick Punch,Mississippi Valley St.,,,2026,True,Available transfer,2026-07-14T12:40:18+00:00
barttorvik-2026-924,Paul Djobet,Nebraska Omaha,,,2026,True,Available transfer,2026-07-14T12:40:18+00:00
barttorvik-2026-1951,Paul Lanzi,Saint Leo,,,2026,True,Available transfer,2026-07-14T12:40:18+00:00
barttorvik-2026-2004,Paul Lewis,James Madison,,,2026,True,Available transfer,2026-07-14T12:40:18+00:00
barttorvik-2026-2912,Pavle Riđešić,Georgia Southern,,,2026,True,Available transfer,2026-07-14T12:40:18+00:00
barttorvik-2026-813,Paxton Davidson,Pace,,,2026,True,Available transfer,2026-07-14T12:40:18+00:00
barttorvik-2026-3581,Payton Weemer,Grand Valley State,,,2026,True,Available transfer,2026-07-14T12:40:18+00:00
barttorvik-2026-2085,Peitok Machar,McNeese St.,,,2026,True,Available transfer,2026-07-14T12:40:18+00:00
barttorvik-2026-3810,Pero Zubac,Mercer,,,2026,True,Available transfer,2026-07-14T12:40:18+00:00
barttorvik-2026-3171,Perry Smith Jr.,Kennesaw St.,,,2026,True,Available transfer,2026-07-14T12:40:18+00:00
barttorvik-2026-2301,Petar Mijatović,King,,,2026,True,Available transfer,2026-07-14T12:40:18+00:00
barttorvik-2026-95,Peter Amakasu,Westminster,,,2026,True,Available transfer,2026-07-14T12:40:18+00:00
barttorvik-2026-2246,Peter McKey,Valdosta State,,,2026,True,Available transfer,2026-07-14T12:40:18+00:00
barttorvik-2026-2543,Peter Oduro,Hampton,,,2026,True,Available transfer,2026-07-14T12:40:18+00:00
barttorvik-2026-3276,Peter Suder,Miami OH,,,2026,True,Available transfer,2026-07-14T12:40:18+00:00
barttorvik-2026-1357,Peyton Gusters,Tex. A&M Int'l,,,2026,True,Available transfer,2026-07-14T12:40:18+00:00
barttorvik-2026-2143,Phil March,Nebraska Kearney,,,2026,True,Available transfer,2026-07-14T12:40:18+00:00
barttorvik-2026-1820,Phillip Kavu,Davidson,,,2026,True,Available transfer,2026-07-14T12:40:18+00:00
barttorvik-2026-243,Pierce Bazil,Colorado Christian,,,2026,True,Available transfer,2026-07-14T12:40:18+00:00
barttorvik-2026-2970,Pierce Ross,Northeastern St.,,,2026,True,Available transfer,2026-07-14T12:40:18+00:00
barttorvik-2026-3368,Pierce Thomas,UIndy,,,2026,True,Available transfer,2026-07-14T12:40:18+00:00
barttorvik-2026-1239,Pierre Geneste Jr.,Cal St. Bakersfield,,,2026,True,Available transfer,2026-07-14T12:40:18+00:00
barttorvik-2026-3723,Piotr Winkowski,San Diego,,,2026,True,Available transfer,2026-07-14T12:40:18+00:00
barttorvik-2026-1875,Po'Boigh King,Sam Houston St.,,,2026,True,Available transfer,2026-07-14T12:40:18+00:00
barttorvik-2026-3539,Poohpha Warakulnukroh,UCF,,,2026,True,Available transfer,2026-07-14T12:40:18+00:00
barttorvik-2026-3500,Pop Wadang Wel,Lees-McRae,,,2026,True,Available transfer,2026-07-14T12:40:18+00:00
barttorvik-2026-242,Porter Bazil,Colorado Christian,,,2026,True,Available transfer,2026-07-14T12:40:18+00:00
barttorvik-2026-2628,Predrag Panišić,Coker,,,2026,True,Available transfer,2026-07-14T12:40:18+00:00
barttorvik-2026-2661,Presley Patterson,Rice,,,2026,True,Available transfer,2026-07-14T12:40:18+00:00
barttorvik-2026-649,Preston Clark,Maryville (MO),,,2026,True,Available transfer,2026-07-14T12:40:18+00:00
barttorvik-2026-1980,Preston Lee,Portland,,,2026,True,Available transfer,2026-07-14T12:40:18+00:00
barttorvik-2026-2727,Preston Phillips,Pepperdine,,,2026,True,Available transfer,2026-07-14T12:40:18+00:00
barttorvik-2026-3092,Preston Sherburne,Northwest Nazarene,,,2026,True,Available transfer,2026-07-14T12:40:18+00:00
barttorvik-2026-3148,Preston Sledge,Southern New Hampshire,,,2026,True,Available transfer,2026-07-14T12:40:18+00:00
barttorvik-2026-68,Prince Aligbe,Southern Illinois,,,2026,True,Available transfer,2026-07-14T12:40:18+00:00
barttorvik-2026-1714,Prince Johnson,Eastern Illinois,,,2026,True,Available transfer,2026-07-14T12:40:18+00:00
barttorvik-2026-2582,Promise Opurum,Pace,,,2026,True,Available transfer,2026-07-14T12:40:18+00:00
barttorvik-2026-1726,Prophet Johnson,Sacramento St.,,,2026,True,Available transfer,2026-07-14T12:40:18+00:00
barttorvik-2026-1457,Przemek Hartman,Louisiana Monroe,,,2026,True,Available transfer,2026-07-14T12:40:18+00:00
barttorvik-2026-724,Quadir Copeland,N.C. State,,,2026,True,Available transfer,2026-07-14T12:40:18+00:00
barttorvik-2026-2713,Quadir Pettaway,Angelo St.,,,2026,True,Available transfer,2026-07-14T12:40:18+00:00
barttorvik-2026-347,Quentin Bolton Jr.,Northwestern St.,,,2026,True,Available transfer,2026-07-14T12:40:18+00:00
barttorvik-2026-1480,Quentin Heady,Bethune Cookman,,,2026,True,Available transfer,2026-07-14T12:40:18+00:00
barttorvik-2026-2219,Quentin McCoy,Arizona St.,,,2026,True,Available transfer,2026-07-14T12:40:18+00:00
barttorvik-2026-2292,Quentin Meza,Hawaii Pacific,,,2026,True,Available transfer,2026-07-14T12:40:18+00:00
barttorvik-2026-3405,Quentin Toles,Alabama Huntsville,,,2026,True,Available transfer,2026-07-14T12:40:18+00:00
barttorvik-2026-2640,Quenton Parker,Mo.-St. Louis,,,2026,True,Available transfer,2026-07-14T12:40:18+00:00
barttorvik-2026-3371,Quincy Thomas,Rockhurst,,,2026,True,Available transfer,2026-07-14T12:40:18+00:00
barttorvik-2026-2225,Quinton McCullough,Hawaii Pacific,,,2026,True,Available transfer,2026-07-14T12:40:18+00:00
barttorvik-2026-117,Qurahn Anderson,USC Beaufort,,,2026,True,Available transfer,2026-07-14T12:40:18+00:00
barttorvik-2026-612,R.J. Chatman,Northwest Nazarene,,,2026,True,Available transfer,2026-07-14T12:40:18+00:00
barttorvik-2026-854,R.J. Delahaye,Holy Family,,,2026,True,Available transfer,2026-07-14T12:40:18+00:00
barttorvik-2026-1847,R.J. Kennedy,New Hampshire,,,2026,True,Available transfer,2026-07-14T12:40:18+00:00
barttorvik-2026-3720,R.J. Winegarner,Walsh,,,2026,True,Available transfer,2026-07-14T12:40:18+00:00
barttorvik-2026-1274,RJ Godfrey,Clemson,,,2026,True,Available transfer,2026-07-14T12:40:18+00:00
barttorvik-2026-2641,RaShaun Parker,Davis & Elkins,,,2026,True,Available transfer,2026-07-14T12:40:18+00:00
barttorvik-2026-265,Raj Bencomo Shah,Chestnut Hill,,,2026,True,Available transfer,2026-07-14T12:40:18+00:00
barttorvik-2026-2040,Ramel Lloyd Jr.,Arkansas Pine Bluff,,,2026,True,Available transfer,2026-07-14T12:40:18+00:00
barttorvik-2026-31,Ramiah Adedigba,N.M. Highlands,,,2026,True,Available transfer,2026-07-14T12:40:18+00:00
barttorvik-2026-959,Raph Dumont,Saint Michael's,,,2026,True,Available transfer,2026-07-14T12:40:18+00:00
barttorvik-2026-1827,Rashad Kee,UT Permian Basin,,,2026,True,Available transfer,2026-07-14T12:40:18+00:00
barttorvik-2026-1880,Rashad King,LSU,,,2026,True,Available transfer,2026-07-14T12:40:18+00:00
barttorvik-2026-1267,Ray Glasgow,Alcorn St.,,,2026,True,Available transfer,2026-07-14T12:40:18+00:00
barttorvik-2026-3744,Rayniel Wright,South Carolina St.,,,2026,True,Available transfer,2026-07-14T12:40:18+00:00
barttorvik-2026-3523,Reece Walker,Angelo St.,,,2026,True,Available transfer,2026-07-14T12:40:18+00:00
barttorvik-2026-2719,Reed Pfaltzgraff,Sioux Falls,,,2026,True,Available transfer,2026-07-14T12:40:18+00:00
barttorvik-2026-2806,Reggie Prudhomme,Niagara,,,2026,True,Available transfer,2026-07-14T12:40:18+00:00
barttorvik-2026-2873,Reggie Reinhardt,Arkansas Tech,,,2026,True,Available transfer,2026-07-14T12:40:18+00:00
barttorvik-2026-3543,"Reggie Ward, Jr.",Bethune Cookman,,,2026,True,Available transfer,2026-07-14T12:40:18+00:00
barttorvik-2026-2043,Reid Loewen,Lewis,,,2026,True,Available transfer,2026-07-14T12:40:18+00:00
barttorvik-2026-2446,Relja Nagulić,Mary,,,2026,True,Available transfer,2026-07-14T12:40:18+00:00
barttorvik-2026-2987,Renato Ruiz,FIU,,,2026,True,Available transfer,2026-07-14T12:40:18+00:00
barttorvik-2026-1921,Rex Krout,Arkansas–Fort Smith,,,2026,True,Available transfer,2026-07-14T12:40:18+00:00
barttorvik-2026-318,Rhyjon Blackwell,Marist,,,2026,True,Available transfer,2026-07-14T12:40:18+00:00
barttorvik-2026-3164,Rich Smith,Abilene Christian,,,2026,True,Available transfer,2026-07-14T12:40:18+00:00
barttorvik-2026-188,Rickey Ballard,Grambling St.,,,2026,True,Available transfer,2026-07-14T12:40:18+00:00
barttorvik-2026-2343,Rickey Mitchell Jr.,Bethune Cookman,,,2026,True,Available transfer,2026-07-14T12:40:18+00:00
barttorvik-2026-525,Rico Byrd,Saint Michael's,,,2026,True,Available transfer,2026-07-14T12:40:18+00:00
barttorvik-2026-570,Rico Carr-Cole,Charleston,,,2026,True,Available transfer,2026-07-14T12:40:18+00:00
barttorvik-2026-1923,Riley Kugel,UCF,,,2026,True,Available transfer,2026-07-14T12:40:18+00:00
barttorvik-2026-3038,Riley Saunders,North Dakota St.,,,2026,True,Available transfer,2026-07-14T12:40:18+00:00
barttorvik-2026-2120,Ring Malith,SIU Edwardsville,,,2026,True,Available transfer,2026-07-14T12:40:18+00:00
barttorvik-2026-1967,Rob Lawson,Morgan St.,,,2026,True,Available transfer,2026-07-14T12:40:18+00:00
barttorvik-2026-2159,Rob Martin,High Point,,,2026,True,Available transfer,2026-07-14T12:40:18+00:00
barttorvik-2026-2183,Rob Matos,Colorado Christian,,,2026,True,Available transfer,2026-07-14T12:40:18+00:00
barttorvik-2026-3598,Rob Whaley Jr.,Kent St.,,,2026,True,Available transfer,2026-07-14T12:40:18+00:00
barttorvik-2026-913,Robert Dix,N.M. Highlands,,,2026,True,Available transfer,2026-07-14T12:40:18+00:00
barttorvik-2026-1666,Robert Jackson,West Tex. A&M,,,2026,True,Available transfer,2026-07-14T12:40:18+00:00
barttorvik-2026-2005,Robert Lewis,Lindenwood,,,2026,True,Available transfer,2026-07-14T12:40:18+00:00
barttorvik-2026-2316,Robert Miller III,LSU,,,2026,True,Available transfer,2026-07-14T12:40:18+00:00
barttorvik-2026-3339,Robert Thibiant,Cal St. Northridge,,,2026,True,Available transfer,2026-07-14T12:40:18+00:00
barttorvik-2026-910,Robin Discamps,Lincoln (MO),,,2026,True,Available transfer,2026-07-14T12:40:18+00:00
barttorvik-2026-1938,Rocco Lamuno,Spring Hill,,,2026,True,Available transfer,2026-07-14T12:40:18+00:00
barttorvik-2026-2380,Rocco Morabito,Gannon,,,2026,True,Available transfer,2026-07-14T12:40:18+00:00
barttorvik-2026-3204,Rocco Spadafora,Edinboro,,,2026,True,Available transfer,2026-07-14T12:40:18+00:00
barttorvik-2026-673,Roderick Coffee III,Grambling St.,,,2026,True,Available transfer,2026-07-14T12:40:18+00:00
barttorvik-2026-2965,Roman Rose,Concordia Irvine,,,2026,True,Available transfer,2026-07-14T12:40:18+00:00
barttorvik-2026-454,Ron Brown III,Millersville,,,2026,True,Available transfer,2026-07-14T12:40:18+00:00
barttorvik-2026-1361,Ron Haas,Davis & Elkins,,,2026,True,Available transfer,2026-07-14T12:40:18+00:00
barttorvik-2026-3804,Ron Zipper,LSU,,,2026,True,Available transfer,2026-07-14T12:40:18+00:00
barttorvik-2026-409,"Ronald Bridges, Jr.",Lincoln PA,,,2026,True,Available transfer,2026-07-14T12:40:18+00:00
barttorvik-2026-1257,"Ronell Giles, Jr.",Quinnipiac,,,2026,True,Available transfer,2026-07-14T12:40:18+00:00
barttorvik-2026-3693,Ronnie Williams,Daemen,,,2026,True,Available transfer,2026-07-14T12:40:18+00:00
barttorvik-2026-2538,Ronyo Obou,Saint Martin's,,,2026,True,Available transfer,2026-07-14T12:40:18+00:00
barttorvik-2026-3247,Rory Stewart,Florida Gulf Coast,,,2026,True,Available transfer,2026-07-14T12:40:18+00:00
barttorvik-2026-2864,Ross Reeves,Nova Southeastern,,,2026,True,Available transfer,2026-07-14T12:40:18+00:00
barttorvik-2026-3005,Rubén Salazar,Erskine,,,2026,True,Available transfer,2026-07-14T12:40:18+00:00
barttorvik-2026-305,Ruot Bijiek,Bucknell,,,2026,True,Available transfer,2026-07-14T12:40:18+00:00
barttorvik-2026-346,Ryan Bolton Jr.,Prairie View A&M,,,2026,True,Available transfer,2026-07-14T12:40:18+00:00
barttorvik-2026-706,Ryan Conner,Cal State San Marcos,,,2026,True,Available transfer,2026-07-14T12:40:18+00:00
barttorvik-2026-728,Ryan Cornish,USC,,,2026,True,Available transfer,2026-07-14T12:40:18+00:00
barttorvik-2026-1054,Ryan Erikson,North Dakota,,,2026,True,Available transfer,2026-07-14T12:40:18+00:00
barttorvik-2026-2011,Ryan Lewis,Union (NY),,,2026,True,Available transfer,2026-07-14T12:40:18+00:00
barttorvik-2026-2082,Ryan Mabrey,Maine,,,2026,True,Available transfer,2026-07-14T12:40:18+00:00
barttorvik-2026-2635,Ryan Paris,Thomas More,,,2026,True,Available transfer,2026-07-14T12:40:18+00:00
barttorvik-2026-2886,Ryan Richardson,Binghamton,,,2026,True,Available transfer,2026-07-14T12:40:18+00:00
barttorvik-2026-617,Ryder Cheesman,Missouri St.,,,2026,True,Available transfer,2026-07-14T12:40:18+00:00
barttorvik-2026-1020,Ryder Elisaldez,UC San Diego,,,2026,True,Available transfer,2026-07-14T12:40:18+00:00
barttorvik-2026-1571,Rylan Houck,Carson–Newman,,,2026,True,Available transfer,2026-07-14T12:40:18+00:00
barttorvik-2026-3572,Sage Wayans,Northeastern St.,,,2026,True,Available transfer,2026-07-14T12:40:18+00:00
barttorvik-2026-3006,Saif Saleh,Pace,,,2026,True,Available transfer,2026-07-14T12:40:18+00:00
barttorvik-2026-877,Salim Diaby,Wagner,,,2026,True,Available transfer,2026-07-14T12:40:18+00:00
barttorvik-2026-3076,Saliou Seye,Grambling St.,,,2026,True,Available transfer,2026-07-14T12:40:18+00:00
barttorvik-2026-234,Sam Baskin,Sioux Falls,,,2026,True,Available transfer,2026-07-14T12:40:18+00:00
barttorvik-2026-386,Sam Bradford,Arkansas Tech,,,2026,True,Available transfer,2026-07-14T12:40:18+00:00
barttorvik-2026-2192,Sam Maynard,Young Harris,,,2026,True,Available transfer,2026-07-14T12:40:18+00:00
barttorvik-2026-2731,Sam Phipps,UT Tyler,,,2026,True,Available transfer,2026-07-14T12:40:18+00:00
barttorvik-2026-3154,Sam Smith,Wagner,,,2026,True,Available transfer,2026-07-14T12:40:18+00:00
barttorvik-2026-3593,Sam West,Concordia St. Paul,,,2026,True,Available transfer,2026-07-14T12:40:18+00:00
barttorvik-2026-351,Samarion Bond,Valdosta State,,,2026,True,Available transfer,2026-07-14T12:40:18+00:00
barttorvik-2026-2752,Sami Pissis,Alabama A&M,,,2026,True,Available transfer,2026-07-14T12:40:18+00:00
barttorvik-2026-142,Samuel Ariyibi,Utah Tech,,,2026,True,Available transfer,2026-07-14T12:40:18+00:00
barttorvik-2026-2430,Samuel Murray,Mississippi Valley St.,,,2026,True,Available transfer,2026-07-14T12:40:18+00:00
barttorvik-2026-3790,Samuel Yurasek,Loyola Chicago,,,2026,True,Available transfer,2026-07-14T12:40:18+00:00
barttorvik-2026-3132,Santana Sinvilcin,Daemen,,,2026,True,Available transfer,2026-07-14T12:40:18+00:00
barttorvik-2026-1694,Sargent Jeffery,Dominican,,,2026,True,Available transfer,2026-07-14T12:40:18+00:00
barttorvik-2026-1205,Sarp Furtun,Indiana (PA),,,2026,True,Available transfer,2026-07-14T12:40:18+00:00
barttorvik-2026-1532,Saxton Hoepker,Southeast Missouri St.,,,2026,True,Available transfer,2026-07-14T12:40:18+00:00
barttorvik-2026-2227,Seamus McDermott,Duquesne,,,2026,True,Available transfer,2026-07-14T12:40:18+00:00
barttorvik-2026-1039,Sean Emfinger,UT Tyler,,,2026,True,Available transfer,2026-07-14T12:40:18+00:00
barttorvik-2026-3806,Seck Zongo,Arkansas–Fort Smith,,,2026,True,Available transfer,2026-07-14T12:40:18+00:00
barttorvik-2026-1,Semetri (TT) Carr,California,,,2026,True,Available transfer,2026-07-14T12:40:18+00:00
barttorvik-2026-1429,Sencire Harris,Cincinnati,,,2026,True,Available transfer,2026-07-14T12:40:18+00:00
barttorvik-2026-2008,Seryee Lewis,Prairie View A&M,,,2026,True,Available transfer,2026-07-14T12:40:18+00:00
barttorvik-2026-2858,Seth Reed,Lenoir-Rhyne,,,2026,True,Available transfer,2026-07-14T12:40:18+00:00
barttorvik-2026-3418,Seth Trimble,North Carolina,,,2026,True,Available transfer,2026-07-14T12:40:18+00:00
barttorvik-2026-1972,Shahar Lazar,West Florida,,,2026,True,Available transfer,2026-07-14T12:40:18+00:00
barttorvik-2026-3190,Shaheed Solebo,Youngstown St.,,,2026,True,Available transfer,2026-07-14T12:40:18+00:00
barttorvik-2026-2410,Shahid Muhammad,Florida St.,,,2026,True,Available transfer,2026-07-14T12:40:18+00:00
barttorvik-2026-2776,Shakur Poteat,Albany St. (GA),,,2026,True,Available transfer,2026-07-14T12:40:18+00:00
barttorvik-2026-585,Shamir Caruthers,Carson–Newman,,,2026,True,Available transfer,2026-07-14T12:40:18+00:00
barttorvik-2026-208,Sharod Barnes,Western Michigan,,,2026,True,Available transfer,2026-07-14T12:40:18+00:00
barttorvik-2026-3321,Sharrod Taylor,UT Permian Basin,,,2026,True,Available transfer,2026-07-14T12:40:18+00:00
barttorvik-2026-3110,Shawn Simmons II,UMass Lowell,,,2026,True,Available transfer,2026-07-14T12:40:18+00:00
barttorvik-2026-3173,Shawnn Smith,D'Youville,,,2026,True,Available transfer,2026-07-14T12:40:18+00:00
barttorvik-2026-2114,Shedrach Makanjuola,Bridgeport,,,2026,True,Available transfer,2026-07-14T12:40:18+00:00
barttorvik-2026-50,Sheer Akot,Southern New Hampshire,,,2026,True,Available transfer,2026-07-14T12:40:18+00:00
barttorvik-2026-3011,Sheick Samoura,Slippery Rock,,,2026,True,Available transfer,2026-07-14T12:40:18+00:00
barttorvik-2026-3698,Shelton Williams-Dryden,West Georgia,,,2026,True,Available transfer,2026-07-14T12:40:18+00:00
barttorvik-2026-3078,Sheridan Sharp,Southern Indiana,,,2026,True,Available transfer,2026-07-14T12:40:18+00:00
barttorvik-2026-1658,Shilo Jackson,Le Moyne,,,2026,True,Available transfer,2026-07-14T12:40:18+00:00
barttorvik-2026-2644,Shyheim Parm,Cal Poly Pomona,,,2026,True,Available transfer,2026-07-14T12:40:18+00:00
barttorvik-2026-3284,Silas Sunday,Hofstra,,,2026,True,Available transfer,2026-07-14T12:40:18+00:00
barttorvik-2026-3746,Silas Wright,Dominican,,,2026,True,Available transfer,2026-07-14T12:40:18+00:00
barttorvik-2026-1511,Simon Hildebrandt,Washington St.,,,2026,True,Available transfer,2026-07-14T12:40:18+00:00
barttorvik-2026-2696,Simon Percy,Southern Connecticut St.,,,2026,True,Available transfer,2026-07-14T12:40:18+00:00
barttorvik-2026-3601,Simon Wheeler,Jacksonville,,,2026,True,Available transfer,2026-07-14T12:40:18+00:00
barttorvik-2026-666,Sincere Clemons,Vermont,,,2026,True,Available transfer,2026-07-14T12:40:18+00:00
barttorvik-2026-2123,Sincere Malone,Nicholls St.,,,2026,True,Available transfer,2026-07-14T12:40:18+00:00
barttorvik-2026-3757,Sivert Wærstad Nordheim,Indiana St.,,,2026,True,Available transfer,2026-07-14T12:40:18+00:00
barttorvik-2026-3625,Skylar Wicks,Saint Francis,,,2026,True,Available transfer,2026-07-14T12:40:18+00:00
barttorvik-2026-646,Skyy Clark,UCLA,,,2026,True,Available transfer,2026-07-14T12:40:18+00:00
barttorvik-2026-30,Sola Adebisi,The Citadel,,,2026,True,Available transfer,2026-07-14T12:40:18+00:00
barttorvik-2026-1081,Spencer Ezewiro,Lamar,,,2026,True,Available transfer,2026-07-14T12:40:18+00:00
barttorvik-2026-1235,Spencer Gaze,UT Tyler,,,2026,True,Available transfer,2026-07-14T12:40:18+00:00
barttorvik-2026-1987,Spencer Legg,Louisville,,,2026,True,Available transfer,2026-07-14T12:40:18+00:00
barttorvik-2026-3740,Spivey Word,Tex. A&M Int'l,,,2026,True,Available transfer,2026-07-14T12:40:18+00:00
barttorvik-2026-359,Stanley Borden,UTSA,,,2026,True,Available transfer,2026-07-14T12:40:18+00:00
barttorvik-2026-1482,Starrell Hearns,St. Thomas Aquinas,,,2026,True,Available transfer,2026-07-14T12:40:18+00:00
barttorvik-2026-1637,Stefan Isailovic,Howard,,,2026,True,Available transfer,2026-07-14T12:40:18+00:00
barttorvik-2026-1088,Stefano Faloppa,New Haven,,,2026,True,Available transfer,2026-07-14T12:40:18+00:00
barttorvik-2026-3778,Steph Yosia,Sul Ross St.,,,2026,True,Available transfer,2026-07-14T12:40:18+00:00
barttorvik-2026-2593,Stephen Osei,Kansas St.,,,2026,True,Available transfer,2026-07-14T12:40:18+00:00
barttorvik-2026-2837,Stephen Ransom,Dominican,,,2026,True,Available transfer,2026-07-14T12:40:18+00:00
barttorvik-2026-2083,Stephon MacDonald,Spring Hill,,,2026,True,Available transfer,2026-07-14T12:40:18+00:00
barttorvik-2026-2679,Stephon Payne III,Seton Hall,,,2026,True,Available transfer,2026-07-14T12:40:18+00:00
barttorvik-2026-2212,Sterling McClanahan,UC Merced,,,2026,True,Available transfer,2026-07-14T12:40:18+00:00
barttorvik-2026-3060,Sterling Scott,Mansfield,,,2026,True,Available transfer,2026-07-14T12:40:18+00:00
barttorvik-2026-1674,Steven Jamerson II,UCLA,,,2026,True,Available transfer,2026-07-14T12:40:18+00:00
barttorvik-2026-3398,Steven Tipton,Western Illinois,,,2026,True,Available transfer,2026-07-14T12:40:18+00:00
barttorvik-2026-642,Stevie Clark,Colgate,,,2026,True,Available transfer,2026-07-14T12:40:18+00:00
barttorvik-2026-494,Stone Bureau,North Georgia,,,2026,True,Available transfer,2026-07-14T12:40:18+00:00
barttorvik-2026-2632,Stratos Papastavrou,Seattle,,,2026,True,Available transfer,2026-07-14T12:40:18+00:00
barttorvik-2026-34,Sultan Adewale,Albany,,,2026,True,Available transfer,2026-07-14T12:40:18+00:00
barttorvik-2026-925,Sven Djopmo,Arizona,,,2026,True,Available transfer,2026-07-14T12:40:18+00:00
barttorvik-2026-3692,Sylas Williams,Alaska Anchorage,,,2026,True,Available transfer,2026-07-14T12:40:18+00:00
barttorvik-2026-3685,Syris Williams,Newman,,,2026,True,Available transfer,2026-07-14T12:40:18+00:00
barttorvik-2026-2627,T.J. Pangonas,Tiffin,,,2026,True,Available transfer,2026-07-14T12:40:18+00:00
barttorvik-2026-2802,T.J. Printup,Tusculum,,,2026,True,Available transfer,2026-07-14T12:40:18+00:00
barttorvik-2026-3372,T.J. Thomas,Dallas Baptist,,,2026,True,Available transfer,2026-07-14T12:40:18+00:00
barttorvik-2026-1606,TJ Hurley,Vermont,,,2026,True,Available transfer,2026-07-14T12:40:18+00:00
barttorvik-2026-1682,TJ James Jr.,Cal St. Bakersfield,,,2026,True,Available transfer,2026-07-14T12:40:18+00:00
barttorvik-2026-3507,TJ Wainwright,Pacific,,,2026,True,Available transfer,2026-07-14T12:40:18+00:00
barttorvik-2026-3683,Ta'Quan Williams,Post,,,2026,True,Available transfer,2026-07-14T12:40:18+00:00
barttorvik-2026-1215,Tafara Gapare,Villanova,,,2026,True,Available transfer,2026-07-14T12:40:18+00:00
barttorvik-2026-1750,Tahj Johnson,UNC Pembroke,,,2026,True,Available transfer,2026-07-14T12:40:18+00:00
barttorvik-2026-548,Tahj-Malik Campbell,Queens (NY),,,2026,True,Available transfer,2026-07-14T12:40:18+00:00
barttorvik-2026-1865,Taj Kimber,Tusculum,,,2026,True,Available transfer,2026-07-14T12:40:18+00:00
barttorvik-2026-831,Tajden Davis,Alabama A&M,,,2026,True,Available transfer,2026-07-14T12:40:18+00:00
barttorvik-2026-3119,Takai Simpkins,Oregon,,,2026,True,Available transfer,2026-07-14T12:40:18+00:00
barttorvik-2026-1698,Talon Jenkins,Idaho,,,2026,True,Available transfer,2026-07-14T12:40:18+00:00
barttorvik-2026-37,Tamario Adley,Central Michigan,,,2026,True,Available transfer,2026-07-14T12:40:18+00:00
barttorvik-2026-2800,Tane Prictor,Pittsburg State,,,2026,True,Available transfer,2026-07-14T12:40:18+00:00
barttorvik-2026-3557,Tank Washington,North Alabama,,,2026,True,Available transfer,2026-07-14T12:40:18+00:00
barttorvik-2026-1159,Tarique Foster,Albany,,,2026,True,Available transfer,2026-07-14T12:40:18+00:00
barttorvik-2026-3549,Tarrance Warren,Barry,,,2026,True,Available transfer,2026-07-14T12:40:18+00:00
barttorvik-2026-3801,Tate Ziemkiewicz,Fort Lewis,,,2026,True,Available transfer,2026-07-14T12:40:18+00:00
barttorvik-2026-195,Tavion Banks,Iowa,,,2026,True,Available transfer,2026-07-14T12:40:18+00:00
barttorvik-2026-3215,Tavion Spencer,Edinboro,,,2026,True,Available transfer,2026-07-14T12:40:18+00:00
barttorvik-2026-979,Tay Dzingou,Saint Michael's,,,2026,True,Available transfer,2026-07-14T12:40:18+00:00
barttorvik-2026-1898,Tay Knox,Texas St.,,,2026,True,Available transfer,2026-07-14T12:40:18+00:00
barttorvik-2026-3379,Taylor Thompson,North Florida,,,2026,True,Available transfer,2026-07-14T12:40:18+00:00
barttorvik-2026-698,Tayshawn Comer,Nevada,,,2026,True,Available transfer,2026-07-14T12:40:18+00:00
barttorvik-2026-703,Tayton Conerway,Indiana,,,2026,True,Available transfer,2026-07-14T12:40:18+00:00
barttorvik-2026-2830,Terrance Ramirez,Midwestern St.,,,2026,True,Available transfer,2026-07-14T12:40:18+00:00
barttorvik-2026-1210,Terrell Gaines,Austin Peay,,,2026,True,Available transfer,2026-07-14T12:40:18+00:00
barttorvik-2026-2311,Terri Miller Jr.,Portland St.,,,2026,True,Available transfer,2026-07-14T12:40:18+00:00
barttorvik-2026-2894,Tevin Riehl,Colorado Mesa,,,2026,True,Available transfer,2026-07-14T12:40:18+00:00
barttorvik-2026-981,Teysean Eaglestaff,New Mexico St.,,,2026,True,Available transfer,2026-07-14T12:40:18+00:00
barttorvik-2026-2692,Theodore Pendergrass III,Delaware St.,,,2026,True,Available transfer,2026-07-14T12:40:18+00:00
barttorvik-2026-29,Thomas Adams,Adams St.,,,2026,True,Available transfer,2026-07-14T12:40:18+00:00
barttorvik-2026-3306,Thomas Tangle,Cameron,,,2026,True,Available transfer,2026-07-14T12:40:18+00:00
barttorvik-2026-3439,Thomas Tut,Jacksonville St.,,,2026,True,Available transfer,2026-07-14T12:40:18+00:00
barttorvik-2026-2336,Tibor Mirtic,Penn St.,,,2026,True,Available transfer,2026-07-14T12:40:18+00:00
barttorvik-2026-2434,Tichyque Musaka,Stephen F. Austin,,,2026,True,Available transfer,2026-07-14T12:40:18+00:00
barttorvik-2026-3812,Tidiane d'Almeida,Lindenwood,,,2026,True,Available transfer,2026-07-14T12:40:18+00:00
barttorvik-2026-3002,Tijan Saine Jr.,Weber St.,,,2026,True,Available transfer,2026-07-14T12:40:18+00:00
barttorvik-2026-1079,Tim Eze,UMBC,,,2026,True,Available transfer,2026-07-14T12:40:18+00:00
barttorvik-2026-1123,Tim Finau,Holy Cross,,,2026,True,Available transfer,2026-07-14T12:40:18+00:00
barttorvik-2026-1376,"Tim Hall, Jr.",West Florida,,,2026,True,Available transfer,2026-07-14T12:40:18+00:00
barttorvik-2026-2302,Tim Mikhailov,Sul Ross St.,,,2026,True,Available transfer,2026-07-14T12:40:18+00:00
barttorvik-2026-1908,Timofei Komissarov,Lewis,,,2026,True,Available transfer,2026-07-14T12:40:18+00:00
barttorvik-2026-2320,Titus Miller,Truman St.,,,2026,True,Available transfer,2026-07-14T12:40:18+00:00
barttorvik-2026-3771,Titus Yearout,Idaho,,,2026,True,Available transfer,2026-07-14T12:40:18+00:00
barttorvik-2026-2785,Tobias Prall,Augusta,,,2026,True,Available transfer,2026-07-14T12:40:18+00:00
barttorvik-2026-2500,Toby Nnadozie,Jacksonville St.,,,2026,True,Available transfer,2026-07-14T12:40:18+00:00
barttorvik-2026-2578,Toby Onyekonwu,Stony Brook,,,2026,True,Available transfer,2026-07-14T12:40:18+00:00
barttorvik-2026-1573,Tom House,Furman,,,2026,True,Available transfer,2026-07-14T12:40:18+00:00
barttorvik-2026-308,Toni Bilić,Illinois,,,2026,True,Available transfer,2026-07-14T12:40:18+00:00
barttorvik-2026-613,Tony Chau,Charleston,,,2026,True,Available transfer,2026-07-14T12:40:18+00:00
barttorvik-2026-2591,Tony Osburn,Nebraska Omaha,,,2026,True,Available transfer,2026-07-14T12:40:18+00:00
barttorvik-2026-1553,Tory Homan,Fort Hays St.,,,2026,True,Available transfer,2026-07-14T12:40:18+00:00
barttorvik-2026-1275,"Tracy Godfrey, Jr.",Southern Nazarene,,,2026,True,Available transfer,2026-07-14T12:40:18+00:00
barttorvik-2026-661,Trae Clayton,Newman,,,2026,True,Available transfer,2026-07-14T12:40:18+00:00
barttorvik-2026-1043,Trae English,Nicholls St.,,,2026,True,Available transfer,2026-07-14T12:40:18+00:00
barttorvik-2026-2512,Traven Norwood,Young Harris,,,2026,True,Available transfer,2026-07-14T12:40:18+00:00
barttorvik-2026-1316,Travis Gray,Wagner,,,2026,True,Available transfer,2026-07-14T12:40:18+00:00
barttorvik-2026-2780,Travis Pourciau,Arkansas Pine Bluff,,,2026,True,Available transfer,2026-07-14T12:40:18+00:00
barttorvik-2026-2860,"Travis Reed, Jr.",Chestnut Hill,,,2026,True,Available transfer,2026-07-14T12:40:18+00:00
barttorvik-2026-3694,Travon Williams,St. Edward's,,,2026,True,Available transfer,2026-07-14T12:40:18+00:00
barttorvik-2026-1650,Travonne Jackson,Little Rock,,,2026,True,Available transfer,2026-07-14T12:40:18+00:00
barttorvik-2026-200,Trayvon Barbary,Bethune Cookman,,,2026,True,Available transfer,2026-07-14T12:40:18+00:00
barttorvik-2026-331,Tre Blissett,St. Cloud State,,,2026,True,Available transfer,2026-07-14T12:40:18+00:00
barttorvik-2026-751,Tre Crite,Winston-Salem State,,,2026,True,Available transfer,2026-07-14T12:40:18+00:00
barttorvik-2026-1542,Tre Holloman,N.C. State,,,2026,True,Available transfer,2026-07-14T12:40:18+00:00
barttorvik-2026-2042,Tre Lockett,Morehouse,,,2026,True,Available transfer,2026-07-14T12:40:18+00:00
barttorvik-2026-375,Trent Bowers,UT Tyler,,,2026,True,Available transfer,2026-07-14T12:40:18+00:00
barttorvik-2026-2257,Trent McNair,Palm Beach,,,2026,True,Available transfer,2026-07-14T12:40:18+00:00
barttorvik-2026-1244,Trenten Gerald,Emory & Henry,,,2026,True,Available transfer,2026-07-14T12:40:18+00:00
barttorvik-2026-599,Trevon Chambers,Western Oregon,,,2026,True,Available transfer,2026-07-14T12:40:18+00:00
barttorvik-2026-223,Trevor Barrett,Charleston,,,2026,True,Available transfer,2026-07-14T12:40:18+00:00
barttorvik-2026-2169,Trevor Maruska,Lee,,,2026,True,Available transfer,2026-07-14T12:40:18+00:00
barttorvik-2026-3614,Trevor White,Western Washington,,,2026,True,Available transfer,2026-07-14T12:40:18+00:00
barttorvik-2026-358,Trey Booker-Lowery,UMKC,,,2026,True,Available transfer,2026-07-14T12:40:18+00:00
barttorvik-2026-396,Trey Brandt,Minot St.,,,2026,True,Available transfer,2026-07-14T12:40:18+00:00
barttorvik-2026-546,Trey Campbell,Northern Iowa,,,2026,True,Available transfer,2026-07-14T12:40:18+00:00
barttorvik-2026-688,Trey Coles,Eastern Kentucky,,,2026,True,Available transfer,2026-07-14T12:40:18+00:00
barttorvik-2026-874,Trey Deveaux,Mount St. Mary's,,,2026,True,Available transfer,2026-07-14T12:40:18+00:00
barttorvik-2026-1440,Trey Harris,West Virginia State,,,2026,True,Available transfer,2026-07-14T12:40:18+00:00
barttorvik-2026-2015,Trey Lewis,Upper Iowa,,,2026,True,Available transfer,2026-07-14T12:40:18+00:00
barttorvik-2026-2315,Trey Miller,Alabama St.,,,2026,True,Available transfer,2026-07-14T12:40:18+00:00
barttorvik-2026-2476,Trey Nelson,Clarion,,,2026,True,Available transfer,2026-07-14T12:40:18+00:00
barttorvik-2026-2611,Trey O’Neil,Elon,,,2026,True,Available transfer,2026-07-14T12:40:18+00:00
barttorvik-2026-3041,Trey Schachter,Green Bay,,,2026,True,Available transfer,2026-07-14T12:40:18+00:00
barttorvik-2026-3180,Trey Smith,Ouachita Baptist,,,2026,True,Available transfer,2026-07-14T12:40:18+00:00
barttorvik-2026-3344,Trey Thomas,Southern Indiana,,,2026,True,Available transfer,2026-07-14T12:40:18+00:00
barttorvik-2026-120,Troy Anderson,Truman St.,,,2026,True,Available transfer,2026-07-14T12:40:18+00:00
barttorvik-2026-680,Troy Cole Jr.,Southeast Missouri St.,,,2026,True,Available transfer,2026-07-14T12:40:18+00:00
barttorvik-2026-1699,Troy Jenkins,Fresno St.,,,2026,True,Available transfer,2026-07-14T12:40:18+00:00
barttorvik-2026-1332,Tryce Grensing,Indiana,,,2026,True,Available transfer,2026-07-14T12:40:18+00:00
barttorvik-2026-517,Turner Buttry,Eastern Kentucky,,,2026,True,Available transfer,2026-07-14T12:40:18+00:00
barttorvik-2026-2356,Turo Moni,Jamestown,,,2026,True,Available transfer,2026-07-14T12:40:18+00:00
barttorvik-2026-1190,Ty Frierson,Southwestern Okla.,,,2026,True,Available transfer,2026-07-14T12:40:18+00:00
barttorvik-2026-1268,Ty Glasper,Lincoln Memorial,,,2026,True,Available transfer,2026-07-14T12:40:18+00:00
barttorvik-2026-1499,Ty Henry,Missouri Western,,,2026,True,Available transfer,2026-07-14T12:40:18+00:00
barttorvik-2026-1537,Ty Holdman,Tex. A&M Int'l,,,2026,True,Available transfer,2026-07-14T12:40:18+00:00
barttorvik-2026-2793,Ty Price,Tennessee Martin,,,2026,True,Available transfer,2026-07-14T12:40:18+00:00
barttorvik-2026-3678,Ty Williams,District of Columbia,,,2026,True,Available transfer,2026-07-14T12:40:18+00:00
barttorvik-2026-3777,Ty Yoder,Fort Lewis,,,2026,True,Available transfer,2026-07-14T12:40:18+00:00
barttorvik-2026-1710,Ty-Laur Johnson,San Diego,,,2026,True,Available transfer,2026-07-14T12:40:18+00:00
barttorvik-2026-524,Tyler Byrd,Alabama St.,,,2026,True,Available transfer,2026-07-14T12:40:18+00:00
barttorvik-2026-629,Tyler Christensen,Weber St.,,,2026,True,Available transfer,2026-07-14T12:40:18+00:00
barttorvik-2026-685,Tyler Coleman,Towson,,,2026,True,Available transfer,2026-07-14T12:40:18+00:00
barttorvik-2026-1328,Tyler Greene,Eckerd,,,2026,True,Available transfer,2026-07-14T12:40:18+00:00
barttorvik-2026-1377,Tyler Halligan,Western Colo.,,,2026,True,Available transfer,2026-07-14T12:40:18+00:00
barttorvik-2026-1381,Tyler Hamilton,Ferris State,,,2026,True,Available transfer,2026-07-14T12:40:18+00:00
barttorvik-2026-1765,Tyler Jones,UC Riverside,,,2026,True,Available transfer,2026-07-14T12:40:18+00:00
barttorvik-2026-2171,Tyler Mason,Alabama St.,,,2026,True,Available transfer,2026-07-14T12:40:18+00:00
barttorvik-2026-2494,Tyler Nickel,Vanderbilt,,,2026,True,Available transfer,2026-07-14T12:40:18+00:00
barttorvik-2026-2541,Tyler Ode,Toledo,,,2026,True,Available transfer,2026-07-14T12:40:18+00:00
barttorvik-2026-3100,Tyler Shirley,Florida A&M,,,2026,True,Available transfer,2026-07-14T12:40:18+00:00
barttorvik-2026-3156,Tyler Smith,USC Upstate,,,2026,True,Available transfer,2026-07-14T12:40:18+00:00
barttorvik-2026-708,Tyran Cook,Western Illinois,,,2026,True,Available transfer,2026-07-14T12:40:18+00:00
barttorvik-2026-381,Tyre Boykin,Winston-Salem State,,,2026,True,Available transfer,2026-07-14T12:40:18+00:00
barttorvik-2026-3568,Tyreese Watson,UTEP,,,2026,True,Available transfer,2026-07-14T12:40:18+00:00
barttorvik-2026-2278,Tyrese Melo-García,UNC Pembroke,,,2026,True,Available transfer,2026-07-14T12:40:18+00:00
barttorvik-2026-421,Tyrique Brooks,Missouri St.,,,2026,True,Available transfer,2026-07-14T12:40:18+00:00
barttorvik-2026-3750,"Tyrone Wright, Jr.",Missouri Southern,,,2026,True,Available transfer,2026-07-14T12:40:18+00:00
barttorvik-2026-2669,Uroš Paunović,Connecticut,,,2026,True,Available transfer,2026-07-14T12:40:18+00:00
barttorvik-2026-2744,Valentino Pinedo,UNC Greensboro,,,2026,True,Available transfer,2026-07-14T12:40:18+00:00
barttorvik-2026-2014,Varick Lewis,Jessup,,,2026,True,Available transfer,2026-07-14T12:40:18+00:00
barttorvik-2026-2094,Varun Madabhushi,Cal Poly Humboldt,,,2026,True,Available transfer,2026-07-14T12:40:18+00:00
barttorvik-2026-1928,Vasilije Kuridza,Tulane,,,2026,True,Available transfer,2026-07-14T12:40:18+00:00
barttorvik-2026-3072,Vasilije Serafimoski,Robert Morris,,,2026,True,Available transfer,2026-07-14T12:40:18+00:00
barttorvik-2026-1072,Vegas Evans,Davis & Elkins,,,2026,True,Available transfer,2026-07-14T12:40:18+00:00
barttorvik-2026-1628,Veljko Ilic,Sam Houston St.,,,2026,True,Available transfer,2026-07-14T12:40:18+00:00
barttorvik-2026-2422,Veljko Muntilak,Cal State San Marcos,,,2026,True,Available transfer,2026-07-14T12:40:18+00:00
barttorvik-2026-2074,Ven-Allen Lubin,N.C. State,,,2026,True,Available transfer,2026-07-14T12:40:18+00:00
barttorvik-2026-3004,Vianney Salatchoum,TCU,,,2026,True,Available transfer,2026-07-14T12:40:18+00:00
barttorvik-2026-872,Victor Desmond,Gannon,,,2026,True,Available transfer,2026-07-14T12:40:18+00:00
barttorvik-2026-3325,Vince Tedeschi,N.M. Highlands,,,2026,True,Available transfer,2026-07-14T12:40:18+00:00
barttorvik-2026-390,Vincent Brady II,High Point,,,2026,True,Available transfer,2026-07-14T12:40:18+00:00
barttorvik-2026-1643,Vincent Iwuchukwu,Georgetown,,,2026,True,Available transfer,2026-07-14T12:40:18+00:00
barttorvik-2026-2764,Vinko Polovic,Lewis,,,2026,True,Available transfer,2026-07-14T12:40:18+00:00
barttorvik-2026-1815,Vlad Karasev,Jamestown,,,2026,True,Available transfer,2026-07-14T12:40:18+00:00
barttorvik-2026-2671,Vladimir Pavlovic,Mercyhurst,,,2026,True,Available transfer,2026-07-14T12:40:18+00:00
barttorvik-2026-3275,Vladimir Sudar,Pepperdine,,,2026,True,Available transfer,2026-07-14T12:40:18+00:00
barttorvik-2026-2314,Vyctorius Miller,Oklahoma St.,,,2026,True,Available transfer,2026-07-14T12:40:18+00:00
barttorvik-2026-1388,Wayne Hampton III,Cal Poly Humboldt,,,2026,True,Available transfer,2026-07-14T12:40:18+00:00
barttorvik-2026-2021,Wei Lin,Oregon,,,2026,True,Available transfer,2026-07-14T12:40:18+00:00
barttorvik-2026-3800,Weilun Zhao,San Francisco,,,2026,True,Available transfer,2026-07-14T12:40:18+00:00
barttorvik-2026-187,Wes Ball,Colorado Mesa,,,2026,True,Available transfer,2026-07-14T12:40:18+00:00
barttorvik-2026-2708,Wes Peterson,Binghamton,,,2026,True,Available transfer,2026-07-14T12:40:18+00:00
barttorvik-2026-1639,Wesley Isoje,N.M. Highlands,,,2026,True,Available transfer,2026-07-14T12:40:18+00:00
barttorvik-2026-45,Weston Aigner,Evansville,,,2026,True,Available transfer,2026-07-14T12:40:18+00:00
barttorvik-2026-153,Will Ashford,Central Michigan,,,2026,True,Available transfer,2026-07-14T12:40:18+00:00
barttorvik-2026-456,Will Brown,UNC Pembroke,,,2026,True,Available transfer,2026-07-14T12:40:18+00:00
barttorvik-2026-1902,Will Koehl,Frostburg St.,,,2026,True,Available transfer,2026-07-14T12:40:18+00:00
barttorvik-2026-2222,Will McCrory,Delta St.,,,2026,True,Available transfer,2026-07-14T12:40:18+00:00
barttorvik-2026-3453,Will Underwood,Wake Forest,,,2026,True,Available transfer,2026-07-14T12:40:18+00:00
barttorvik-2026-3713,Will Wilson,Houston Christian,,,2026,True,Available transfer,2026-07-14T12:40:18+00:00
barttorvik-2026-1941,William Landram II,St. Thomas Aquinas,,,2026,True,Available transfer,2026-07-14T12:40:18+00:00
barttorvik-2026-3471,"William Vasser, Jr.",USC Aiken,,,2026,True,Available transfer,2026-07-14T12:40:18+00:00
barttorvik-2026-1781,Willie Jones,Young Harris,,,2026,True,Available transfer,2026-07-14T12:40:18+00:00
barttorvik-2026-3534,Willie Walton,Lee,,,2026,True,Available transfer,2026-07-14T12:40:18+00:00
barttorvik-2026-3669,Willie Williams,Northwestern St.,,,2026,True,Available transfer,2026-07-14T12:40:18+00:00
barttorvik-2026-2282,Xair Mendez,Cal State San Marcos,,,2026,True,Available transfer,2026-07-14T12:40:18+00:00
barttorvik-2026-2950,Xaviel Rodriguez,Rider,,,2026,True,Available transfer,2026-07-14T12:40:18+00:00
barttorvik-2026-463,Xavier Brumfield,UNLV,,,2026,True,Available transfer,2026-07-14T12:40:18+00:00
barttorvik-2026-1272,Xavier Glenn,Northeastern St.,,,2026,True,Available transfer,2026-07-14T12:40:18+00:00
barttorvik-2026-1441,Xavier Harris,West Liberty,,,2026,True,Available transfer,2026-07-14T12:40:18+00:00
barttorvik-2026-2166,Xavier Martinez,Colorado Colorado Springs,,,2026,True,Available transfer,2026-07-14T12:40:18+00:00
barttorvik-2026-2402,Xavier Moultrie,Coker,,,2026,True,Available transfer,2026-07-14T12:40:18+00:00
barttorvik-2026-2592,Xavier Osceola,Florida St.,,,2026,True,Available transfer,2026-07-14T12:40:18+00:00
barttorvik-2026-2797,Xavier Price,Salem,,,2026,True,Available transfer,2026-07-14T12:40:18+00:00
barttorvik-2026-3425,Xavier Tubbs-Matthews,Claflin,,,2026,True,Available transfer,2026-07-14T12:40:18+00:00
barttorvik-2026-3675,Xavier Williams,UT Tyler,,,2026,True,Available transfer,2026-07-14T12:40:18+00:00
barttorvik-2026-621,Xzayvion Childress,Mississippi Valley St.,,,2026,True,Available transfer,2026-07-14T12:40:18+00:00
barttorvik-2026-216,X’Zaevion Barnett,Mississippi Valley St.,,,2026,True,Available transfer,2026-07-14T12:40:18+00:00
barttorvik-2026-761,Yancarlos Cueto,North Carolina A&T,,,2026,True,Available transfer,2026-07-14T12:40:18+00:00
barttorvik-2026-2108,Yanis Mahoundo,Colorado Mesa,,,2026,True,Available transfer,2026-07-14T12:40:18+00:00
barttorvik-2026-2462,Yanis Ndjonga,McNeese St.,,,2026,True,Available transfer,2026-07-14T12:40:18+00:00
barttorvik-2026-1863,Yannis Kiki,Frostburg St.,,,2026,True,Available transfer,2026-07-14T12:40:18+00:00
barttorvik-2026-2403,Yaphet Moundi,San Jose St.,,,2026,True,Available transfer,2026-07-14T12:40:18+00:00
barttorvik-2026-1246,Yassine Gharram,Pepperdine,,,2026,True,Available transfer,2026-07-14T12:40:18+00:00
barttorvik-2026-1832,Yaya Keita,Albany,,,2026,True,Available transfer,2026-07-14T12:40:18+00:00
barttorvik-2026-1279,Yorgio Golesis,Fort Lewis,,,2026,True,Available transfer,2026-07-14T12:40:18+00:00
barttorvik-2026-3127,Youssouf Singare,High Point,,,2026,True,Available transfer,2026-07-14T12:40:18+00:00
barttorvik-2026-1994,Yuval Levin,Purdue Fort Wayne,,,2026,True,Available transfer,2026-07-14T12:40:18+00:00
barttorvik-2026-3702,Zaakir Williamson,Saint Peter's,,,2026,True,Available transfer,2026-07-14T12:40:18+00:00
barttorvik-2026-655,Zac Clarke,West Florida,,,2026,True,Available transfer,2026-07-14T12:40:18+00:00
barttorvik-2026-2862,Zac Reedus,Southwest Baptist,,,2026,True,Available transfer,2026-07-14T12:40:18+00:00
barttorvik-2026-259,Zach Bell,Southern Utah,,,2026,True,Available transfer,2026-07-14T12:40:18+00:00
barttorvik-2026-332,Zach Bloch,Northern Colorado,,,2026,True,Available transfer,2026-07-14T12:40:18+00:00
barttorvik-2026-415,Zach Broadous,Cal Poly Pomona,,,2026,True,Available transfer,2026-07-14T12:40:18+00:00
barttorvik-2026-631,Zach Christian,Canisius,,,2026,True,Available transfer,2026-07-14T12:40:18+00:00
barttorvik-2026-830,Zach Davis,Memphis,,,2026,True,Available transfer,2026-07-14T12:40:18+00:00
barttorvik-2026-1478,Zach Hayslett,Purdue Northwest,,,2026,True,Available transfer,2026-07-14T12:40:18+00:00
barttorvik-2026-1614,Zach Ibbetson,Alaska Anchorage,,,2026,True,Available transfer,2026-07-14T12:40:18+00:00
barttorvik-2026-1838,Zach Keller,Utah St.,,,2026,True,Available transfer,2026-07-14T12:40:18+00:00
barttorvik-2026-1086,Zahki Fallen,Salem,,,2026,True,Available transfer,2026-07-14T12:40:18+00:00
barttorvik-2026-757,Zaiden Cross,Nicholls St.,,,2026,True,Available transfer,2026-07-14T12:40:18+00:00
barttorvik-2026-2465,Zaire Ndyabagye,N.M. Highlands,,,2026,True,Available transfer,2026-07-14T12:40:18+00:00
barttorvik-2026-5,Zak Abdalla,Detroit Mercy,,,2026,True,Available transfer,2026-07-14T12:40:18+00:00
barttorvik-2026-2260,Zakari McQueen,Adelphi,,,2026,True,Available transfer,2026-07-14T12:40:18+00:00
barttorvik-2026-939,Zane Doughty,Ball St.,,,2026,True,Available transfer,2026-07-14T12:40:18+00:00
barttorvik-2026-2209,Zane McCarty,Frostburg St.,,,2026,True,Available transfer,2026-07-14T12:40:18+00:00
barttorvik-2026-691,Zaon Collins,Fresno St.,,,2026,True,Available transfer,2026-07-14T12:40:18+00:00
barttorvik-2026-300,Zavion Bianchini,Goldey-Beacom,,,2026,True,Available transfer,2026-07-14T12:40:18+00:00
barttorvik-2026-603,Zaylan Chaney,Eastern New Mexico,,,2026,True,Available transfer,2026-07-14T12:40:18+00:00
barttorvik-2026-2218,Zee McCown,Assumption,,,2026,True,Available transfer,2026-07-14T12:40:18+00:00
barttorvik-2026-3585,Ziare Wells,Oakland,,,2026,True,Available transfer,2026-07-14T12:40:18+00:00
barttorvik-2026-759,Zion Cruz,Rider,,,2026,True,Available transfer,2026-07-14T12:40:18+00:00
barttorvik-2026-2990,Zion Russell,Saint Francis,,,2026,True,Available transfer,2026-07-14T12:40:18+00:00
barttorvik-2026-2036,"Zocko Littleton, Jr.",Saint Michael's,,,2026,True,Available transfer,2026-07-14T12:40:18+00:00
barttorvik-2026-1327,Zyair Greene,Indiana St.,,,2026,True,Available transfer,2026-07-14T12:40:18+00:00
barttorvik-2026-297,Zyier Beverly,Binghamton,,,2026,True,Available transfer,2026-07-14T12:40:18+00:00
barttorvik-2026-2033,Zyon Little,Angelo St.,,,2026,True,Available transfer,2026-07-14T12:40:18+00:00
barttorvik-2026-2395,Zytarious Mortle,Texas Southern,,,2026,True,Available transfer,2026-07-14T12:40:18+00:00
barttorvik-2026-3282,A'lahn Sumler,Charleston Southern,Pittsburgh,,2026,False,Portal committed,2026-07-14T12:40:18+00:00
barttorvik-2026-3751,"A.J. Wright, Jr.",Anderson,Campbell,,2026,False,Portal committed,2026-07-14T12:40:18+00:00
barttorvik-2026-237,AJ Bates,Louisiana Tech,Utah St.,,2026,False,Portal committed,2026-07-14T12:40:18+00:00
barttorvik-2026-794,AJ Dancler,Coastal Carolina,South Florida,,2026,False,Portal committed,2026-07-14T12:40:18+00:00
barttorvik-2026-869,"AJ Dent, Jr",Tarleton St.,Nicholls St.,,2026,False,Portal committed,2026-07-14T12:40:18+00:00
barttorvik-2026-988,AJ Economou,Hawaii,Little Rock,,2026,False,Portal committed,2026-07-14T12:40:18+00:00
barttorvik-2026-3168,AJ Smith,Temple,Georgia St.,,2026,False,Portal committed,2026-07-14T12:40:18+00:00
barttorvik-2026-389,Aaron Bradshaw,Memphis,Tennessee St.,,2026,False,Portal committed,2026-07-14T12:40:18+00:00
barttorvik-2026-643,Aaron Clark,Pepperdine,Little Rock,,2026,False,Portal committed,2026-07-14T12:40:18+00:00
barttorvik-2026-816,Aaron Davis,Bryant,Hampton,,2026,False,Portal committed,2026-07-14T12:40:18+00:00
barttorvik-2026-1124,Aaron Fine,Purdue,Ball St.,,2026,False,Portal committed,2026-07-14T12:40:18+00:00
barttorvik-2026-1160,Aaron Foster,Kent St.,King,,2026,False,Portal committed,2026-07-14T12:40:18+00:00
barttorvik-2026-1278,Aaron Goldstein,Staten Island,South Alabama,,2026,False,Portal committed,2026-07-14T12:40:18+00:00
barttorvik-2026-1375,Aaron Hall II,Coker,Southern,,2026,False,Portal committed,2026-07-14T12:40:18+00:00
barttorvik-2026-1598,Aaron Hunkin-Claytor,Hawaii,USC,,2026,False,Portal committed,2026-07-14T12:40:18+00:00
barttorvik-2026-2781,Aaron Powell,Rice,Weber St.,,2026,False,Portal committed,2026-07-14T12:40:18+00:00
barttorvik-2026-3734,Aaron Womack,Syracuse,Milwaukee,,2026,False,Portal committed,2026-07-14T12:40:18+00:00
barttorvik-2026-228,Abdi Bashir Jr.,Kansas St.,LSU,,2026,False,Portal committed,2026-07-14T12:40:18+00:00
barttorvik-2026-3010,Abdou Samb,Towson,Villanova,,2026,False,Portal committed,2026-07-14T12:40:18+00:00
barttorvik-2026-1089,Abdulai Fanta Kabba,Western Carolina,Seton Hall,,2026,False,Portal committed,2026-07-14T12:40:18+00:00
barttorvik-2026-44,Abdullah Ahmed,BYU,Massachusetts,,2026,False,Portal committed,2026-07-14T12:40:18+00:00
barttorvik-2026-106,Abdullah Amzil,UC Davis,Loyola MD,,2026,False,Portal committed,2026-07-14T12:40:18+00:00
barttorvik-2026-229,Abdullahi Bashir,Auburn,San Francisco,,2026,False,Portal committed,2026-07-14T12:40:18+00:00
barttorvik-2026-2098,Abou Magassa,Wyoming,UNC Asheville,,2026,False,Portal committed,2026-07-14T12:40:18+00:00
barttorvik-2026-2607,Abraham Oyeadier,West Virginia,UC Riverside,,2026,False,Portal committed,2026-07-14T12:40:18+00:00
barttorvik-2026-3765,Abu Yarmah,South Carolina,Longwood,,2026,False,Portal committed,2026-07-14T12:40:18+00:00
barttorvik-2026-2002,Acaden Lewis,Villanova,Miami FL,,2026,False,Portal committed,2026-07-14T12:40:18+00:00
barttorvik-2026-1269,Ace Glass lll,Washington St.,Vanderbilt,,2026,False,Portal committed,2026-07-14T12:40:18+00:00
barttorvik-2026-3459,Ace Valentine,UMBC,Robert Morris,,2026,False,Portal committed,2026-07-14T12:40:18+00:00
barttorvik-2026-647,Adam Clark,Seton Hall,Mississippi,,2026,False,Portal committed,2026-07-14T12:40:18+00:00
barttorvik-2026-1165,Adam Fox,Central Connecticut,College of the Sequoias,,2026,False,Portal committed,2026-07-14T12:40:18+00:00
barttorvik-2026-1402,Adam Harakow,Wyoming,Western Michigan,,2026,False,Portal committed,2026-07-14T12:40:18+00:00
barttorvik-2026-2571,Adam Olsen,South Alabama,Auburn,,2026,False,Portal committed,2026-07-14T12:40:18+00:00
barttorvik-2026-3246,Adam Stewart,TCU,BYU,,2026,False,Portal committed,2026-07-14T12:40:18+00:00
barttorvik-2026-3403,Adam Tokpah,UNC Wilmington,Alcorn St.,,2026,False,Portal committed,2026-07-14T12:40:18+00:00
barttorvik-2026-1539,Adante’ Holiman,Arizona St.,Old Dominion,,2026,False,Portal committed,2026-07-14T12:40:18+00:00
barttorvik-2026-2768,Ade Popoola,Tulsa,DePaul,,2026,False,Portal committed,2026-07-14T12:40:18+00:00
barttorvik-2026-1014,Adlan Elamin,Utah St.,Cincinnati,,2026,False,Portal committed,2026-07-14T12:40:18+00:00
barttorvik-2026-2437,Adrian Myers,San Jose St.,James Madison,,2026,False,Portal committed,2026-07-14T12:40:18+00:00
barttorvik-2026-2530,Adriel Nyorha,South Florida,Pacific,,2026,False,Portal committed,2026-07-14T12:40:18+00:00
barttorvik-2026-3419,Afan Trnka,Tennessee Martin,Southern Indiana,,2026,False,Portal committed,2026-07-14T12:40:18+00:00
barttorvik-2026-184,Aguibou Balde,American Int'l,Bentley,,2026,False,Portal committed,2026-07-14T12:40:18+00:00
barttorvik-2026-2229,Aidan McDowell,Western Colo.,Sam Houston St.,,2026,False,Portal committed,2026-07-14T12:40:18+00:00
barttorvik-2026-2882,Aidan Rice,Western Washington,UC Riverside,,2026,False,Portal committed,2026-07-14T12:40:18+00:00
barttorvik-2026-3679,Aidan Williams,Tex. A&M Int'l,Southern Ark.,,2026,False,Portal committed,2026-07-14T12:40:18+00:00
barttorvik-2026-912,Aiden Disu,Holy Cross,Iona,,2026,False,Portal committed,2026-07-14T12:40:18+00:00
barttorvik-2026-2308,Aiden Miller,IU Indy,Houston Christian,,2026,False,Portal committed,2026-07-14T12:40:18+00:00
barttorvik-2026-3095,Aiden Sherrell,Alabama,Indiana,,2026,False,Portal committed,2026-07-14T12:40:18+00:00
barttorvik-2026-3399,Aiden Tobiason,Temple,Syracuse,,2026,False,Portal committed,2026-07-14T12:40:18+00:00
barttorvik-2026-3335,Ajay Tew,Louisiana Monroe,William Carey University,,2026,False,Portal committed,2026-07-14T12:40:18+00:00
barttorvik-2026-1137,Akai Fleming,Georgia Tech,Cincinnati,,2026,False,Portal committed,2026-07-14T12:40:18+00:00
barttorvik-2026-3505,Akbar Waheed III,Boston College,St. Bonaventure,,2026,False,Portal committed,2026-07-14T12:40:18+00:00
barttorvik-2026-2203,Akiva McBirney-Griffin,UC Irvine,Northern Illinois,,2026,False,Portal committed,2026-07-14T12:40:18+00:00
barttorvik-2026-94,Al Amadou,Saint Joseph's,Milwaukee,,2026,False,Portal committed,2026-07-14T12:40:18+00:00
barttorvik-2026-2546,Alec Oglesby,Middle Tennessee,Stetson,,2026,False,Portal committed,2026-07-14T12:40:18+00:00
barttorvik-2026-3587,Alec Wendt,South Dakota School of Mines,Pitt.-Johnstown,,2026,False,Portal committed,2026-07-14T12:40:18+00:00
barttorvik-2026-87,Aleks Alston,Maryland,UAB,,2026,False,Portal committed,2026-07-14T12:40:18+00:00
barttorvik-2026-898,Aleksa Dimitrijević,Creighton,Tulsa,,2026,False,Portal committed,2026-07-14T12:40:18+00:00
barttorvik-2026-2903,Aleksa Ristic,Indiana,Belmont,,2026,False,Portal committed,2026-07-14T12:40:18+00:00
barttorvik-2026-3491,Aleksa Vlajic,Buffalo,Indiana St.,,2026,False,Portal committed,2026-07-14T12:40:18+00:00
barttorvik-2026-303,Aleksas Bieliauskas,Wisconsin,South Carolina,,2026,False,Portal committed,2026-07-14T12:40:18+00:00
barttorvik-2026-1915,Aleksej Kostić,BYU,Northwestern,,2026,False,Portal committed,2026-07-14T12:40:18+00:00
barttorvik-2026-2701,Alessandro Perotti,Wofford,USC Upstate,,2026,False,Portal committed,2026-07-14T12:40:18+00:00
barttorvik-2026-161,Alex Atkinson,Claflin,Towson,,2026,False,Portal committed,2026-07-14T12:40:18+00:00
barttorvik-2026-365,Alex Bossinakis,UT Arlington,UT Tyler,,2026,False,Portal committed,2026-07-14T12:40:18+00:00
barttorvik-2026-466,Alex Bruskotter,Wright St.,Cleveland St.,,2026,False,Portal committed,2026-07-14T12:40:18+00:00
barttorvik-2026-968,Alex Dupre,Portland St.,Utah Tech,,2026,False,Portal committed,2026-07-14T12:40:18+00:00
barttorvik-2026-1590,Alex Huguet Carrasco,Louisiana Monroe,Loyola MD,,2026,False,Portal committed,2026-07-14T12:40:18+00:00
barttorvik-2026-2178,Alex Massung,Penn,Saint Anselm,,2026,False,Portal committed,2026-07-14T12:40:18+00:00
barttorvik-2026-3633,Alex Wilkins,Furman,Kentucky,,2026,False,Portal committed,2026-07-14T12:40:18+00:00
barttorvik-2026-1992,"Alexander Lesburt, Jr.",Brown,Merrimack,,2026,False,Portal committed,2026-07-14T12:40:18+00:00
barttorvik-2026-2128,Alier Maluk,Florida St.,McNeese St.,,2026,False,Portal committed,2026-07-14T12:40:18+00:00
barttorvik-2026-3743,All Wright,Xavier,Loyola Marymount,,2026,False,Portal committed,2026-07-14T12:40:18+00:00
barttorvik-2026-2293,Alon Michaeli,Colorado,Saint Louis,,2026,False,Portal committed,2026-07-14T12:40:18+00:00
barttorvik-2026-1145,Alvaro Folgueiras,Iowa,Louisville,,2026,False,Portal committed,2026-07-14T12:40:18+00:00
barttorvik-2026-1649,Alvin Jackson III,Utah,Weber St.,,2026,False,Portal committed,2026-07-14T12:40:18+00:00
barttorvik-2026-3409,Aly Tounkara,Arkansas St.,Boston College,,2026,False,Portal committed,2026-07-14T12:40:18+00:00
barttorvik-2026-401,Alyn Breed,N.C. State,UNLV,,2026,False,Portal committed,2026-07-14T12:40:18+00:00
barttorvik-2026-941,Amadou Doumbia,North Carolina A&T,Arkansas St.,,2026,False,Portal committed,2026-07-14T12:40:18+00:00
barttorvik-2026-102,Amar Amkou,Florida Atlantic,North Texas,,2026,False,Portal committed,2026-07-14T12:40:18+00:00
barttorvik-2026-74,Amare Allen,Maine,Stonehill,,2026,False,Portal committed,2026-07-14T12:40:18+00:00
barttorvik-2026-2466,Amare Neal,Georgia Southern,Non-DI,,2026,False,Portal committed,2026-07-14T12:40:18+00:00
barttorvik-2026-430,Amaree Brown,Southern Indiana,Alabama St.,,2026,False,Portal committed,2026-07-14T12:40:18+00:00
barttorvik-2026-1069,Amari Evans,Tennessee,Texas,,2026,False,Portal committed,2026-07-14T12:40:18+00:00
barttorvik-2026-2856,Amari Reed,UT Arlington,Stephen F. Austin,,2026,False,Portal committed,2026-07-14T12:40:18+00:00
barttorvik-2026-888,Amarion Dickerson,USC,Grand Canyon,,2026,False,Portal committed,2026-07-14T12:40:18+00:00
barttorvik-2026-2459,Amdy Ndiaye,Pittsburgh,Maryland Eastern Shore,,2026,False,Portal committed,2026-07-14T12:40:18+00:00
barttorvik-2026-66,Amier Ali,Mississippi St.,California,,2026,False,Portal committed,2026-07-14T12:40:18+00:00
barttorvik-2026-2025,Amir Lindsey,Albany,Fordham,,2026,False,Portal committed,2026-07-14T12:40:18+00:00
barttorvik-2026-2848,Amir Reaves,Georgia Southwestern,Lander,,2026,False,Portal committed,2026-07-14T12:40:18+00:00
barttorvik-2026-3652,Amir Williams,Hofstra,West Georgia,,2026,False,Portal committed,2026-07-14T12:40:18+00:00
barttorvik-2026-2933,Amire Robinson,Nevada,Oral Roberts,,2026,False,Portal committed,2026-07-14T12:40:18+00:00
barttorvik-2026-980,Amon Dörries,Bucknell,Richmond,,2026,False,Portal committed,2026-07-14T12:40:18+00:00
barttorvik-2026-2324,"Amondo Miller, Jr.",Lubbock Christian,Colorado St.,,2026,False,Portal committed,2026-07-14T12:40:18+00:00
barttorvik-2026-2651,Andre Pasha,New Haven,Bryant,,2026,False,Portal committed,2026-07-14T12:40:18+00:00
barttorvik-2026-3783,Andre Young,Clayton St.,Clark Atlanta,,2026,False,Portal committed,2026-07-14T12:40:18+00:00
barttorvik-2026-1551,Andreas Holst,Oklahoma,FIU,,2026,False,Portal committed,2026-07-14T12:40:18+00:00
barttorvik-2026-169,Andrej Ačimovič,Indiana,Missouri St.,,2026,False,Portal committed,2026-07-14T12:40:18+00:00
barttorvik-2026-3102,Andrej Shoshkikj,Stony Brook,South Florida,,2026,False,Portal committed,2026-07-14T12:40:18+00:00
barttorvik-2026-152,Andreo Ash,Canisius,Pace,,2026,False,Portal committed,2026-07-14T12:40:18+00:00
barttorvik-2026-186,Andrew Ball,Monmouth,Richmond,,2026,False,Portal committed,2026-07-14T12:40:18+00:00
barttorvik-2026-746,Andrew Crawford,Colorado,Northern Colorado,,2026,False,Portal committed,2026-07-14T12:40:18+00:00
barttorvik-2026-1872,Andrew King,Youngstown St.,Northwest Nazarene,,2026,False,Portal committed,2026-07-14T12:40:18+00:00
barttorvik-2026-2242,Andrew McKeever,Saint Mary's,Iowa,,2026,False,Portal committed,2026-07-14T12:40:18+00:00
barttorvik-2026-2264,Andrew Meadow,Boise St.,Oregon,,2026,False,Portal committed,2026-07-14T12:40:18+00:00
barttorvik-2026-2447,Andrew Nagy,Point Loma,North Dakota St.,,2026,False,Portal committed,2026-07-14T12:40:18+00:00
barttorvik-2026-2590,Andrew Osasuyi,St. Bonaventure,Georgia,,2026,False,Portal committed,2026-07-14T12:40:18+00:00
barttorvik-2026-2724,Andrew Phillips,Lafayette,George Washington,,2026,False,Portal committed,2026-07-14T12:40:18+00:00
barttorvik-2026-484,Andrija Bukumirović,Tennessee Martin,Boston College,,2026,False,Portal committed,2026-07-14T12:40:18+00:00
barttorvik-2026-1320,Andrija Grbovic,Arizona St.,Oklahoma St.,,2026,False,Portal committed,2026-07-14T12:40:18+00:00
barttorvik-2026-1697,Andrija Jelavic,Kentucky,Ohio St.,,2026,False,Portal committed,2026-07-14T12:40:18+00:00
barttorvik-2026-3496,Andrija Vukovic,Oklahoma St.,George Washington,,2026,False,Portal committed,2026-07-14T12:40:18+00:00
barttorvik-2026-3105,Andy Sigiscar,Tarleton St.,Loyola Marymount,,2026,False,Portal committed,2026-07-14T12:40:18+00:00
barttorvik-2026-2359,Angel Montas Jr.,UMass Lowell,Toledo,,2026,False,Portal committed,2026-07-14T12:40:18+00:00
barttorvik-2026-344,Anquan Boldin Jr.,Florida A&M,Stonehill,,2026,False,Portal committed,2026-07-14T12:40:18+00:00
barttorvik-2026-254,Ante Beljan,Illinois Chicago,UNC Greensboro,,2026,False,Portal committed,2026-07-14T12:40:18+00:00
barttorvik-2026-264,Anthony Benard,Canisius,Wayne St. (MI),,2026,False,Portal committed,2026-07-14T12:40:18+00:00
barttorvik-2026-1047,Anthony Enoh,Georgia St.,Kennesaw St.,,2026,False,Portal committed,2026-07-14T12:40:18+00:00
barttorvik-2026-1126,Anthony Finkley,Saint Joseph's,La Salle,,2026,False,Portal committed,2026-07-14T12:40:18+00:00
barttorvik-2026-1233,Anthony Gause,Charleston Southern,Prairie View A&M,,2026,False,Portal committed,2026-07-14T12:40:18+00:00
barttorvik-2026-1622,Anthony Igiede,West Florida,Southern Miss,,2026,False,Portal committed,2026-07-14T12:40:18+00:00
barttorvik-2026-1633,Anthony Isaac,Manhattan,Purdue Fort Wayne,,2026,False,Portal committed,2026-07-14T12:40:18+00:00
barttorvik-2026-2369,Anthony Moore,Weber St.,Cal Poly,,2026,False,Portal committed,2026-07-14T12:40:18+00:00
barttorvik-2026-2639,Anthony Parker,Franklin Pierce,Delaware St.,,2026,False,Portal committed,2026-07-14T12:40:18+00:00
barttorvik-2026-2925,Anthony Robinson,Xavier,Pepperdine,,2026,False,Portal committed,2026-07-14T12:40:18+00:00
barttorvik-2026-2928,Anthony Robinson II,Missouri,Florida St.,,2026,False,Portal committed,2026-07-14T12:40:18+00:00
barttorvik-2026-2986,Anthony Ruffolo,Cedarville,Charleston Southern,,2026,False,Portal committed,2026-07-14T12:40:18+00:00
barttorvik-2026-3069,Anthony Sellars,Arkansas Pine Bluff,Virginia St.,,2026,False,Portal committed,2026-07-14T12:40:18+00:00
barttorvik-2026-3153,Anthony Smith lll,North Dakota,Winthrop,,2026,False,Portal committed,2026-07-14T12:40:18+00:00
barttorvik-2026-3294,Anthony Swift,Nebraska Kearney,Chattanooga,,2026,False,Portal committed,2026-07-14T12:40:18+00:00
barttorvik-2026-146,Antoine Arnett,California (PA),IU Indy,,2026,False,Portal committed,2026-07-14T12:40:18+00:00
barttorvik-2026-2060,Antoine Lorick III,Tennessee St.,Buffalo,,2026,False,Portal committed,2026-07-14T12:40:18+00:00
barttorvik-2026-353,Anton Bonke,Charlotte,Michigan St.,,2026,False,Portal committed,2026-07-14T12:40:18+00:00
barttorvik-2026-3104,Antoni Siewruk,New Hampshire,Saint Anselm,,2026,False,Portal committed,2026-07-14T12:40:18+00:00
barttorvik-2026-626,Antonio Chol,New Mexico,UC Santa Barbara,,2026,False,Portal committed,2026-07-14T12:40:18+00:00
barttorvik-2026-931,Antonio Dorn,Virginia Tech,Wake Forest,,2026,False,Portal committed,2026-07-14T12:40:18+00:00
barttorvik-2026-2421,Antonio Munoz,Grambling St.,San Diego,,2026,False,Portal committed,2026-07-14T12:40:18+00:00
barttorvik-2026-2818,Antonio Pusateri,Lubbock Christian,Portland St.,,2026,False,Portal committed,2026-07-14T12:40:18+00:00
barttorvik-2026-3716,Antwan Wilson,Rider,West Chester,,2026,False,Portal committed,2026-07-14T12:40:18+00:00
barttorvik-2026-3195,Aram Soqui Urbano,Fresno St.,Merrimack,,2026,False,Portal committed,2026-07-14T12:40:18+00:00
barttorvik-2026-1200,Ari Fulton,NJIT,St. Bonaventure,,2026,False,Portal committed,2026-07-14T12:40:18+00:00
barttorvik-2026-1288,Ari Gooch,UAB,Southern Indiana,,2026,False,Portal committed,2026-07-14T12:40:18+00:00
barttorvik-2026-860,Aric Demings,West Florida,Eastern Kentucky,,2026,False,Portal committed,2026-07-14T12:40:18+00:00
barttorvik-2026-1592,Aries Hull,Roosevelt,Friends,,2026,False,Portal committed,2026-07-14T12:40:18+00:00
barttorvik-2026-69,Arius Alijosius,Lewis,Holy Cross,,2026,False,Portal committed,2026-07-14T12:40:18+00:00
barttorvik-2026-2299,Armani Mighty,Mercer,Pittsburgh,,2026,False,Portal committed,2026-07-14T12:40:18+00:00
barttorvik-2026-571,Armari Carraway,Charleston Southern,Chicago St.,,2026,False,Portal committed,2026-07-14T12:40:18+00:00
barttorvik-2026-3796,Armoni Zeigler,Ball St.,Boston College,,2026,False,Portal committed,2026-07-14T12:40:18+00:00
barttorvik-2026-148,Arop Arop,Memphis,Nicholls St.,,2026,False,Portal committed,2026-07-14T12:40:18+00:00
barttorvik-2026-2615,Arrinten Page,Northwestern,Providence,,2026,False,Portal committed,2026-07-14T12:40:18+00:00
barttorvik-2026-2388,Arterio Morris,Bethune Cookman,Tennessee St.,,2026,False,Portal committed,2026-07-14T12:40:18+00:00
barttorvik-2026-3349,Asa Thomas,Furman,Illinois Chicago,,2026,False,Portal committed,2026-07-14T12:40:18+00:00
barttorvik-2026-3125,"Ashley Sims, II",Bryant,Southeastern Louisiana,,2026,False,Portal committed,2026-07-14T12:40:18+00:00
barttorvik-2026-1405,Ashton Hardaway,Memphis,Coastal Carolina,,2026,False,Portal committed,2026-07-14T12:40:18+00:00
barttorvik-2026-1501,Ashton Hermann,Upper Iowa,Peru St.,,2026,False,Portal committed,2026-07-14T12:40:18+00:00
barttorvik-2026-2099,Ashton Magee,Southern,Mississippi St.,,2026,False,Portal committed,2026-07-14T12:40:18+00:00
barttorvik-2026-3113,Ashton Simmons,TCU,Stephen F. Austin,,2026,False,Portal committed,2026-07-14T12:40:18+00:00
barttorvik-2026-3152,Ashton Smith,South Dakota,UTSA,,2026,False,Portal committed,2026-07-14T12:40:18+00:00
barttorvik-2026-3510,Ashton Walker,La Salle,Monmouth,,2026,False,Portal committed,2026-07-14T12:40:18+00:00
barttorvik-2026-3701,Ashton Williamson,FIU,Purdue Fort Wayne,,2026,False,Portal committed,2026-07-14T12:40:18+00:00
barttorvik-2026-2131,Assane Mandian,UNC Greensboro,Charleston Southern,,2026,False,Portal committed,2026-07-14T12:40:18+00:00
barttorvik-2026-2198,Assane Mbaye,Seton Hall,Florida A&M,,2026,False,Portal committed,2026-07-14T12:40:18+00:00
barttorvik-2026-1890,Augustinas Kiudulas,Colorado St.,Western Michigan,,2026,False,Portal committed,2026-07-14T12:40:18+00:00
barttorvik-2026-1010,Augustine Ekwe,New Mexico St.,Weber St.,,2026,False,Portal committed,2026-07-14T12:40:18+00:00
barttorvik-2026-591,Augusto Cassia,Mississippi,UTEP,,2026,False,Portal committed,2026-07-14T12:40:18+00:00
barttorvik-2026-756,Austin Cross,Troy,UMBC,,2026,False,Portal committed,2026-07-14T12:40:18+00:00
barttorvik-2026-2185,Austin Maurer,Seattle,Stanford,,2026,False,Portal committed,2026-07-14T12:40:18+00:00
barttorvik-2026-2519,Austin Nunez,UTSA,LSU,,2026,False,Portal committed,2026-07-14T12:40:18+00:00
barttorvik-2026-1740,Avaughn Johnson,Mississippi Col.,West Alabama,,2026,False,Portal committed,2026-07-14T12:40:18+00:00
barttorvik-2026-427,Avery Brown,Columbia,St. John's,,2026,False,Portal committed,2026-07-14T12:40:18+00:00
barttorvik-2026-3348,Avery Thomas II,Louisiana Tech,Kennesaw St.,,2026,False,Portal committed,2026-07-14T12:40:18+00:00
barttorvik-2026-823,Ayden Davis,Wright St.,Ferris State,,2026,False,Portal committed,2026-07-14T12:40:18+00:00
barttorvik-2026-1062,Ayden Evans,Ohio,Maine,,2026,False,Portal committed,2026-07-14T12:40:18+00:00
barttorvik-2026-193,Ayomide Bamisile,Louisiana Monroe,Little Rock,,2026,False,Portal committed,2026-07-14T12:40:18+00:00
barttorvik-2026-2927,Azavier Robinson,Butler,UCLA,,2026,False,Portal committed,2026-07-14T12:40:18+00:00
barttorvik-2026-1894,B.B. Knight,Lamar,UT Rio Grande Valley,,2026,False,Portal committed,2026-07-14T12:40:18+00:00
barttorvik-2026-839,B.J. Davis-Ray,SMU,Northern Kentucky,,2026,False,Portal committed,2026-07-14T12:40:18+00:00
barttorvik-2026-2575,B.J. Omot,Minnesota,Cal St. Northridge,,2026,False,Portal committed,2026-07-14T12:40:18+00:00
barttorvik-2026-819,BJ Davis,San Diego St.,Creighton,,2026,False,Portal committed,2026-07-14T12:40:18+00:00
barttorvik-2026-3540,BJ Ward,Southeast Missouri St.,East Tennessee St.,,2026,False,Portal committed,2026-07-14T12:40:18+00:00
barttorvik-2026-2200,Babacar Mbengue,UMKC,Denver,,2026,False,Portal committed,2026-07-14T12:40:18+00:00
barttorvik-2026-970,Babatunde Durodola,Temple,Ball St.,,2026,False,Portal committed,2026-07-14T12:40:18+00:00
barttorvik-2026-2497,Baboucarr Njie,UTSA,Temple,,2026,False,Portal committed,2026-07-14T12:40:18+00:00
barttorvik-2026-789,Bangot Dak,Colorado,Vanderbilt,,2026,False,Portal committed,2026-07-14T12:40:18+00:00
barttorvik-2026-2552,Baraka Okojie,Mercer,George Mason,,2026,False,Portal committed,2026-07-14T12:40:18+00:00
barttorvik-2026-3162,Baron Smith Jr.,Oral Roberts,Wagner,,2026,False,Portal committed,2026-07-14T12:40:18+00:00
barttorvik-2026-2893,Bastien Rieber,Fresno St.,Niagara,,2026,False,Portal committed,2026-07-14T12:40:18+00:00
barttorvik-2026-1263,Bautista Giralt,Albany,Alaska Anchorage,,2026,False,Portal committed,2026-07-14T12:40:18+00:00
barttorvik-2026-1085,Baye Fall,Rutgers,Fresno St.,,2026,False,Portal committed,2026-07-14T12:40:18+00:00
barttorvik-2026-2464,Baye Ndongo,Georgia Tech,Pittsburgh,,2026,False,Portal committed,2026-07-14T12:40:18+00:00
barttorvik-2026-1011,Belal El Shakery,New Hampshire,Oakland,,2026,False,Portal committed,2026-07-14T12:40:18+00:00
barttorvik-2026-385,Ben Bradford,Charlotte,Charleston,,2026,False,Portal committed,2026-07-14T12:40:18+00:00
barttorvik-2026-853,Ben Defty,Boston University,Arizona St.,,2026,False,Portal committed,2026-07-14T12:40:18+00:00
barttorvik-2026-1912,Ben Kopetzki,Concordia St. Paul,Appalachian St.,,2026,False,Portal committed,2026-07-14T12:40:18+00:00
barttorvik-2026-2294,Ben Michaels,Vermont,Albany,,2026,False,Portal committed,2026-07-14T12:40:18+00:00
barttorvik-2026-2580,Ben Oosterbaan,St. Thomas,San Francisco,,2026,False,Portal committed,2026-07-14T12:40:18+00:00
barttorvik-2026-2905,Ben Ritger,Lee,North Alabama,,2026,False,Portal committed,2026-07-14T12:40:18+00:00
barttorvik-2026-2967,Ben Roseborough,San Jose St.,Towson,,2026,False,Portal committed,2026-07-14T12:40:18+00:00
barttorvik-2026-3441,Ben Tweedy,Colgate,Manhattan,,2026,False,Portal committed,2026-07-14T12:40:18+00:00
barttorvik-2026-3590,Ben Wesson,Vermont,Longwood,,2026,False,Portal committed,2026-07-14T12:40:18+00:00
barttorvik-2026-3498,Bencao Vungo,Jacksonville St.,Texas Southern,,2026,False,Portal committed,2026-07-14T12:40:18+00:00
barttorvik-2026-309,Benjamin Bill,Daemen,St. Bonaventure,,2026,False,Portal committed,2026-07-14T12:40:18+00:00
barttorvik-2026-231,Bennett Basich,Northern Michigan,Northern Illinois,,2026,False,Portal committed,2026-07-14T12:40:18+00:00
barttorvik-2026-518,Berke Buyuktuncel,Nebraska,Vanderbilt,,2026,False,Portal committed,2026-07-14T12:40:18+00:00
barttorvik-2026-232,Binael Basil,Wagner,Texas A&M Corpus Chris,,2026,False,Portal committed,2026-07-14T12:40:18+00:00
barttorvik-2026-367,Bishop Boswell,Tennessee,Maryland,,2026,False,Portal committed,2026-07-14T12:40:18+00:00
barttorvik-2026-3480,Blaise Vespe,Nova Southeastern,Saint Leo,,2026,False,Portal committed,2026-07-14T12:40:18+00:00
barttorvik-2026-205,Blake Barkley,East Tennessee St.,Grand Canyon,,2026,False,Portal committed,2026-07-14T12:40:18+00:00
barttorvik-2026-1420,Blake Harper,Creighton,VCU,,2026,False,Portal committed,2026-07-14T12:40:18+00:00
barttorvik-2026-3157,Blake Smith,Northwestern,Oral Roberts,,2026,False,Portal committed,2026-07-14T12:40:18+00:00
barttorvik-2026-748,"Bobby Crawford, Jr.",Lander,UT Rio Grande Valley,,2026,False,Portal committed,2026-07-14T12:40:18+00:00
barttorvik-2026-2362,Bobby Montgomery Jr.,UTEP,Binghamton,,2026,False,Portal committed,2026-07-14T12:40:18+00:00
barttorvik-2026-1813,Boden Kapke,Boston College,Nebraska,,2026,False,Portal committed,2026-07-14T12:40:18+00:00
barttorvik-2026-42,Bol Agu,Saint Peter's,Fairleigh Dickinson,,2026,False,Portal committed,2026-07-14T12:40:18+00:00
barttorvik-2026-866,Bol Dengdit,UC San Diego,Hawaii,,2026,False,Portal committed,2026-07-14T12:40:18+00:00
barttorvik-2026-923,Boubacar Djigo,Concord,Marshall,,2026,False,Portal committed,2026-07-14T12:40:18+00:00
barttorvik-2026-130,Braden Appelhans,Drake,Xavier,,2026,False,Portal committed,2026-07-14T12:40:18+00:00
barttorvik-2026-984,Braden East,Lamar,Houston,,2026,False,Portal committed,2026-07-14T12:40:18+00:00
barttorvik-2026-2734,Braden Pierce,Villanova,Charleston,,2026,False,Portal committed,2026-07-14T12:40:18+00:00
barttorvik-2026-1494,Bradey Henige,Cal Baptist,Fresno St.,,2026,False,Portal committed,2026-07-14T12:40:18+00:00
barttorvik-2026-1940,Bradley Land,Radford,Harding,,2026,False,Portal committed,2026-07-14T12:40:18+00:00
barttorvik-2026-965,Brady Dunlap,Saint Louis,Georgia,,2026,False,Portal committed,2026-07-14T12:40:18+00:00
barttorvik-2026-3170,Brady Smith,Weber St.,Westminster,,2026,False,Portal committed,2026-07-14T12:40:18+00:00
barttorvik-2026-3292,Brady Swartz,Western Michigan,Oakland,,2026,False,Portal committed,2026-07-14T12:40:18+00:00
barttorvik-2026-2078,Braedan Lue,Kennesaw St.,Tennessee,,2026,False,Portal committed,2026-07-14T12:40:18+00:00
barttorvik-2026-562,Braeden Carlsen,Mercer,Mars Hill,,2026,False,Portal committed,2026-07-14T12:40:18+00:00
barttorvik-2026-2084,Braeden MacVicar,Coastal Carolina,Samford,,2026,False,Portal committed,2026-07-14T12:40:18+00:00
barttorvik-2026-2377,Braeden Moore,Embry-Riddle (FL),UIndy,,2026,False,Portal committed,2026-07-14T12:40:18+00:00
barttorvik-2026-3161,Braeden Smith,Gonzaga,Notre Dame,,2026,False,Portal committed,2026-07-14T12:40:18+00:00
barttorvik-2026-3211,Braeden Speed,Loyola MD,Florida Atlantic,,2026,False,Portal committed,2026-07-14T12:40:18+00:00
barttorvik-2026-764,Brandin Cummings,Pittsburgh,Memphis,,2026,False,Portal committed,2026-07-14T12:40:18+00:00
barttorvik-2026-270,Brandon Benjamin,Fairfield,Boston College,,2026,False,Portal committed,2026-07-14T12:40:18+00:00
barttorvik-2026-1206,Brandon Fussell,Montevallo,Samford,,2026,False,Portal committed,2026-07-14T12:40:18+00:00
barttorvik-2026-1224,Brandon Gardner,Sacramento St.,Norfolk St.,,2026,False,Portal committed,2026-07-14T12:40:18+00:00
barttorvik-2026-1231,Brandon Garrison,Kentucky,Alabama,,2026,False,Portal committed,2026-07-14T12:40:18+00:00
barttorvik-2026-1582,Brandon Hrncir,Sioux Falls,Concordia St. Paul,,2026,False,Portal committed,2026-07-14T12:40:18+00:00
barttorvik-2026-1983,Brandon Lee,Illinois,James Madison,,2026,False,Portal committed,2026-07-14T12:40:18+00:00
barttorvik-2026-2221,Brandon McCreesh,Bucknell,Incarnate Word,,2026,False,Portal committed,2026-07-14T12:40:18+00:00
barttorvik-2026-2849,Brandon Rechsteiner,Colorado St.,Kansas St.,,2026,False,Portal committed,2026-07-14T12:40:18+00:00
barttorvik-2026-2991,Brandon Russell,Saint Francis,Millersville,,2026,False,Portal committed,2026-07-14T12:40:18+00:00
barttorvik-2026-3259,Brandon Stores Jr.,Georgia Tech,NJIT,,2026,False,Portal committed,2026-07-14T12:40:18+00:00
barttorvik-2026-519,Brant Byers,Miami OH,Penn St.,,2026,False,Portal committed,2026-07-14T12:40:18+00:00
barttorvik-2026-1345,Brayden Gross,Walsh,Northern Illinois,,2026,False,Portal committed,2026-07-14T12:40:18+00:00
barttorvik-2026-3779,Brayden Young,Loyola Chicago,Northeastern,,2026,False,Portal committed,2026-07-14T12:40:18+00:00
barttorvik-2026-1720,Brendan Johnson,Merrimack,Coppin St.,,2026,False,Portal committed,2026-07-14T12:40:18+00:00
barttorvik-2026-2564,Brendan Oliver,Canisius,NJIT,,2026,False,Portal committed,2026-07-14T12:40:18+00:00
barttorvik-2026-2896,Brendan Rigsbee,Wofford,Nova Southeastern,,2026,False,Portal committed,2026-07-14T12:40:18+00:00
barttorvik-2026-523,Brennen Byrd,Houston Christian,Cameron,,2026,False,Portal committed,2026-07-14T12:40:18+00:00
barttorvik-2026-328,Brent Bland,Saint Peter's,Miami FL,,2026,False,Portal committed,2026-07-14T12:40:18+00:00
barttorvik-2026-2401,Brent Moss,UTSA,Tulsa,,2026,False,Portal committed,2026-07-14T12:40:18+00:00
barttorvik-2026-850,Brett Decker Jr.,Liberty,Baylor,,2026,False,Portal committed,2026-07-14T12:40:18+00:00
barttorvik-2026-3749,Brett Wright,Trevecca Nazarene,Long Beach St.,,2026,False,Portal committed,2026-07-14T12:40:18+00:00
barttorvik-2026-105,Brian Amuneke,Wichita St.,Fresno St.,,2026,False,Portal committed,2026-07-14T12:40:18+00:00
barttorvik-2026-1335,Brian Griffith,Niagara,Clark Atlanta,,2026,False,Portal committed,2026-07-14T12:40:18+00:00
barttorvik-2026-2954,Brigham Rogers,Belmont,Murray St.,,2026,False,Portal committed,2026-07-14T12:40:18+00:00
barttorvik-2026-1101,Brock Felder,Seattle,Weber St.,,2026,False,Portal committed,2026-07-14T12:40:18+00:00
barttorvik-2026-2337,Brock Mishak,West Tex. A&M,UNC Greensboro,,2026,False,Portal committed,2026-07-14T12:40:18+00:00
barttorvik-2026-3481,Brock Vice,Murray St.,Kansas St.,,2026,False,Portal committed,2026-07-14T12:40:18+00:00
barttorvik-2026-2096,Brogan Madson,Sioux Falls,St. Thomas,,2026,False,Portal committed,2026-07-14T12:40:18+00:00
barttorvik-2026-1507,Brooklyn Hicks,Montana,Cal St. Northridge,,2026,False,Portal committed,2026-07-14T12:40:18+00:00
barttorvik-2026-83,Bruno Alocen,Indiana St.,Valparaiso,,2026,False,Portal committed,2026-07-14T12:40:18+00:00
barttorvik-2026-47,Bryan Akanmu,Wagner,Mercyhurst,,2026,False,Portal committed,2026-07-14T12:40:18+00:00
barttorvik-2026-2461,Bryan Ndjonga,Canisius,Stony Brook,,2026,False,Portal committed,2026-07-14T12:40:18+00:00
barttorvik-2026-180,Bryce Baker,Charleston,Rider,,2026,False,Portal committed,2026-07-14T12:40:18+00:00
barttorvik-2026-676,Bryce Cofield,Cal St. Fullerton,Cal St. Bakersfield,,2026,False,Portal committed,2026-07-14T12:40:18+00:00
barttorvik-2026-935,Bryce Dortch,Rutgers,Notre Dame,,2026,False,Portal committed,2026-07-14T12:40:18+00:00
barttorvik-2026-1481,Bryce Heard,Dayton,Wichita St.,,2026,False,Portal committed,2026-07-14T12:40:18+00:00
barttorvik-2026-2024,Bryce Lindsay,Villanova,Indiana,,2026,False,Portal committed,2026-07-14T12:40:18+00:00
barttorvik-2026-320,Brycen Blaine,Charleston Southern,East Carolina,,2026,False,Portal committed,2026-07-14T12:40:18+00:00
barttorvik-2026-532,Bryson Calamese,Alcorn St.,Lincoln PA,,2026,False,Portal committed,2026-07-14T12:40:18+00:00
barttorvik-2026-2076,Bryson Lucas,California (PA),Florida Gulf Coast,,2026,False,Portal committed,2026-07-14T12:40:18+00:00
barttorvik-2026-2236,Bryson McGlothin,Richmond,UT Arlington,,2026,False,Portal committed,2026-07-14T12:40:18+00:00
barttorvik-2026-3390,Bryson Tiller,Kansas,Missouri,,2026,False,Portal committed,2026-07-14T12:40:18+00:00
barttorvik-2026-3712,Bryson Wilson,Binghamton,Saint Peter's,,2026,False,Portal committed,2026-07-14T12:40:18+00:00
barttorvik-2026-271,Bubu Benjamin,George Washington,Old Dominion,,2026,False,Portal committed,2026-07-14T12:40:18+00:00
barttorvik-2026-90,Bubz Alvarez,South Dakota St.,Houston Christian,,2026,False,Portal committed,2026-07-14T12:40:18+00:00
barttorvik-2026-1382,Buddy Hammer Jr.,North Texas,Akron,,2026,False,Portal committed,2026-07-14T12:40:18+00:00
barttorvik-2026-2539,Bukky Oboye,Santa Clara,Auburn,,2026,False,Portal committed,2026-07-14T12:40:18+00:00
barttorvik-2026-2533,C.J. O'Hara,Green Bay,Wright St.,,2026,False,Portal committed,2026-07-14T12:40:18+00:00
barttorvik-2026-2602,C.J. Outlaw,Massachusetts,Florida Gulf Coast,,2026,False,Portal committed,2026-07-14T12:40:18+00:00
barttorvik-2026-3159,C.J. Smith,UTEP,Arkansas Pine Bluff,,2026,False,Portal committed,2026-07-14T12:40:18+00:00
barttorvik-2026-250,CJ Beaumont,Sam Houston St.,Kennesaw St.,,2026,False,Portal committed,2026-07-14T12:40:18+00:00
barttorvik-2026-434,CJ Brown,South Florida,High Point,,2026,False,Portal committed,2026-07-14T12:40:18+00:00
barttorvik-2026-1612,CJ Hyland,Western Carolina,Denver,,2026,False,Portal committed,2026-07-14T12:40:18+00:00
barttorvik-2026-274,Cade Bennerman,Northwestern,North Carolina,,2026,False,Portal committed,2026-07-14T12:40:18+00:00
barttorvik-2026-275,Cade Bennett,Saint Mary's,Northern Arizona,,2026,False,Portal committed,2026-07-14T12:40:18+00:00
barttorvik-2026-1836,Cade Kelderman,Iowa St.,South Dakota,,2026,False,Portal committed,2026-07-14T12:40:18+00:00
barttorvik-2026-2586,Cade Orness,Gonzaga,Mount St. Mary's,,2026,False,Portal committed,2026-07-14T12:40:18+00:00
barttorvik-2026-2725,Cade Phillips,Tennessee,Texas A&M,,2026,False,Portal committed,2026-07-14T12:40:18+00:00
barttorvik-2026-895,Caden Diggs,UMBC,Troy,,2026,False,Portal committed,2026-07-14T12:40:18+00:00
barttorvik-2026-1443,Caden Harris,Point Loma,North Alabama,,2026,False,Portal committed,2026-07-14T12:40:18+00:00
barttorvik-2026-1529,Caden Hinker,Augustana,Lamar,,2026,False,Portal committed,2026-07-14T12:40:18+00:00
barttorvik-2026-3632,Caden Wilkins,Green Bay,St. Thomas,,2026,False,Portal committed,2026-07-14T12:40:18+00:00
barttorvik-2026-754,Cahmai Crosby,North Texas,Nebraska Omaha,,2026,False,Portal committed,2026-07-14T12:40:18+00:00
barttorvik-2026-1893,Cal Klesmit,Northern Michigan,Northern Illinois,,2026,False,Portal committed,2026-07-14T12:40:18+00:00
barttorvik-2026-316,Caleb Blackwell,UTEP,Tarleton St.,,2026,False,Portal committed,2026-07-14T12:40:18+00:00
barttorvik-2026-1540,Caleb Hollenbeck,Marshall,Tennessee Tech,,2026,False,Portal committed,2026-07-14T12:40:18+00:00
barttorvik-2026-2201,Caleb McAbee,Anderson,Campbell,,2026,False,Portal committed,2026-07-14T12:40:18+00:00
barttorvik-2026-3019,Caleb Sanders,South Florida,Tennessee Tech,,2026,False,Portal committed,2026-07-14T12:40:18+00:00
barttorvik-2026-3167,Caleb Smith,Rider,Cal St. Northridge,,2026,False,Portal committed,2026-07-14T12:40:18+00:00
barttorvik-2026-3237,Caleb Steger,Boston College,Texas St.,,2026,False,Portal committed,2026-07-14T12:40:18+00:00
barttorvik-2026-3639,Caleb Williams,Lafayette,Jacksonville,,2026,False,Portal committed,2026-07-14T12:40:18+00:00
barttorvik-2026-2884,Callum Richard,Wofford,USC Aiken,,2026,False,Portal committed,2026-07-14T12:40:18+00:00
barttorvik-2026-3133,Calvin Sirmans III,Stetson,Alcorn St.,,2026,False,Portal committed,2026-07-14T12:40:18+00:00
barttorvik-2026-1059,Cam Estevez,Fairfield,Wagner,,2026,False,Portal committed,2026-07-14T12:40:18+00:00
barttorvik-2026-2070,Cam Lowe,Black Hills St.,Wofford,,2026,False,Portal committed,2026-07-14T12:40:18+00:00
barttorvik-2026-2303,Cam Miles,Florida St.,UNLV,,2026,False,Portal committed,2026-07-14T12:40:18+00:00
barttorvik-2026-3055,Cam Scott,South Carolina,Temple,,2026,False,Portal committed,2026-07-14T12:40:18+00:00
barttorvik-2026-597,Camden Cerese,Saint Leo,Southern Miss,,2026,False,Portal committed,2026-07-14T12:40:18+00:00
barttorvik-2026-736,Camden Cowgill,West Tex. A&M,St. Edward's,,2026,False,Portal committed,2026-07-14T12:40:18+00:00
barttorvik-2026-1486,Camden Heide,Texas,South Carolina,,2026,False,Portal committed,2026-07-14T12:40:18+00:00
barttorvik-2026-211,Cameron Barnes,Illinois St.,Cal St. Bakersfield,,2026,False,Portal committed,2026-07-14T12:40:18+00:00
barttorvik-2026-1310,Cameron Grant,Stanford,UNC Greensboro,,2026,False,Portal committed,2026-07-14T12:40:18+00:00
barttorvik-2026-1651,Cameron Jackson,UT Arlington,Radford,,2026,False,Portal committed,2026-07-14T12:40:18+00:00
barttorvik-2026-3527,Cameron Wallace,Little Rock,Southern Miss,,2026,False,Portal committed,2026-07-14T12:40:18+00:00
barttorvik-2026-3661,Cameron Williams,Portland,Kent St.,,2026,False,Portal committed,2026-07-14T12:40:18+00:00
barttorvik-2026-2612,Camryn Pacheco,Augusta,Francis Marion,,2026,False,Portal committed,2026-07-14T12:40:18+00:00
barttorvik-2026-1692,Canin Jefferson,North Alabama,Youngstown St.,,2026,False,Portal committed,2026-07-14T12:40:18+00:00
barttorvik-2026-36,Carmelo Adkins,USC Upstate,Rice,,2026,False,Portal committed,2026-07-14T12:40:18+00:00
barttorvik-2026-3052,Carson Schwieger,Queens,Tulane,,2026,False,Portal committed,2026-07-14T12:40:18+00:00
barttorvik-2026-3490,Carson Vis,Western Michigan,Northern Iowa,,2026,False,Portal committed,2026-07-14T12:40:18+00:00
barttorvik-2026-3760,Carson Yale,Minot St.,Washburn,,2026,False,Portal committed,2026-07-14T12:40:18+00:00
barttorvik-2026-615,Casmir Chavis,UT Arlington,North Texas,,2026,False,Portal committed,2026-07-14T12:40:18+00:00
barttorvik-2026-2871,Cavan Reilly,Delaware,James Madison,,2026,False,Portal committed,2026-07-14T12:40:18+00:00
barttorvik-2026-3469,Cayden Vasko,Wofford,UCF,,2026,False,Portal committed,2026-07-14T12:40:18+00:00
barttorvik-2026-2483,Cbo Newton,Abilene Christian,Tennessee Tech,,2026,False,Portal committed,2026-07-14T12:40:18+00:00
barttorvik-2026-1958,Cedric Lath,Houston,Nevada,,2026,False,Portal committed,2026-07-14T12:40:18+00:00
barttorvik-2026-3323,Cesar Tchilombo,Millersville,Lincoln Memorial,,2026,False,Portal committed,2026-07-14T12:40:18+00:00
barttorvik-2026-3415,Chadlyn Traylor,Charleston,Wright St.,,2026,False,Portal committed,2026-07-14T12:40:18+00:00
barttorvik-2026-1266,Chance Gladden,Boston University,San Diego St.,,2026,False,Portal committed,2026-07-14T12:40:18+00:00
barttorvik-2026-2817,Chance Puryear,SMU,Indiana St.,,2026,False,Portal committed,2026-07-14T12:40:18+00:00
barttorvik-2026-3422,Chance Trujillo,Utah Tech,Hawaii,,2026,False,Portal committed,2026-07-14T12:40:18+00:00
barttorvik-2026-3596,Chance Westry,UAB,Xavier,,2026,False,Portal committed,2026-07-14T12:40:18+00:00
barttorvik-2026-3705,Chansey Willis Jr.,Minnesota,Kent St.,,2026,False,Portal committed,2026-07-14T12:40:18+00:00
barttorvik-2026-557,Charles Caporaso,Jacksonville,Pittsburg State,,2026,False,Portal committed,2026-07-14T12:40:18+00:00
barttorvik-2026-727,Chase Cormier,Iona,The Citadel,,2026,False,Portal committed,2026-07-14T12:40:18+00:00
barttorvik-2026-1487,Chase Henderson,Montana,Cal Poly Humboldt,,2026,False,Portal committed,2026-07-14T12:40:18+00:00
barttorvik-2026-2193,Chase Mayo Harmon,Cal Baptist,Cal State San Marcos,,2026,False,Portal committed,2026-07-14T12:40:18+00:00
barttorvik-2026-3258,Chaydon Stone,Nicholls St.,Central Washington,,2026,False,Portal committed,2026-07-14T12:40:18+00:00
barttorvik-2026-3412,Chiante Tramble,Southern Miss,Northern Colorado,,2026,False,Portal committed,2026-07-14T12:40:18+00:00
barttorvik-2026-465,Chip Brunt,Northwestern St.,Jackson St.,,2026,False,Portal committed,2026-07-14T12:40:18+00:00
barttorvik-2026-2086,Chol Machot,Charleston,Georgetown,,2026,False,Portal committed,2026-07-14T12:40:18+00:00
barttorvik-2026-139,Chris Arias,Jacksonville,Wofford,,2026,False,Portal committed,2026-07-14T12:40:18+00:00
barttorvik-2026-826,Chris Davis Jr,Charleston,South Florida,,2026,False,Portal committed,2026-07-14T12:40:18+00:00
barttorvik-2026-926,Chris Dockery,UMKC,Nebraska Omaha,,2026,False,Portal committed,2026-07-14T12:40:18+00:00
barttorvik-2026-1117,Chris Fields Jr.,Campbell,Oakland,,2026,False,Portal committed,2026-07-14T12:40:18+00:00
barttorvik-2026-1730,Chris Johnson,UCF,Oregon St.,,2026,False,Portal committed,2026-07-14T12:40:18+00:00
barttorvik-2026-2041,Chris Lockett,Jacksonville,Jacksonville St.,,2026,False,Portal committed,2026-07-14T12:40:18+00:00
barttorvik-2026-2055,Chris Loofe,Middle Tennessee,Tulsa,,2026,False,Portal committed,2026-07-14T12:40:18+00:00
barttorvik-2026-2409,Chris Mubiru,Northwestern St.,Houston Christian,,2026,False,Portal committed,2026-07-14T12:40:18+00:00
barttorvik-2026-3509,Chris Walker,Illinois Chicago,Norfolk St.,,2026,False,Portal committed,2026-07-14T12:40:18+00:00
barttorvik-2026-1058,Christ Essandoko,South Carolina,Bowling Green,,2026,False,Portal committed,2026-07-14T12:40:18+00:00
barttorvik-2026-85,Christian Alston,Abilene Christian,Tennessee St.,,2026,False,Portal committed,2026-07-14T12:40:18+00:00
barttorvik-2026-245,Christian Beam,Georgia St.,Temple,,2026,False,Portal committed,2026-07-14T12:40:18+00:00
barttorvik-2026-330,Christian Bliss,Delaware,Stanford,,2026,False,Portal committed,2026-07-14T12:40:18+00:00
barttorvik-2026-438,Christian Brown,James Madison,Mississippi,,2026,False,Portal committed,2026-07-14T12:40:18+00:00
barttorvik-2026-1110,Christian Fermin,VCU,Tennessee,,2026,False,Portal committed,2026-07-14T12:40:18+00:00
barttorvik-2026-1355,Christian Gurdak,Virginia Tech,Rutgers,,2026,False,Portal committed,2026-07-14T12:40:18+00:00
barttorvik-2026-1383,Christian Hammond,Santa Clara,N.C. State,,2026,False,Portal committed,2026-07-14T12:40:18+00:00
barttorvik-2026-1417,Christian Harmon,Arkansas St.,Virginia,,2026,False,Portal committed,2026-07-14T12:40:18+00:00
barttorvik-2026-1596,Christian Humphrey-Rembert,Lafayette,Loyola Marymount,,2026,False,Portal committed,2026-07-14T12:40:18+00:00
barttorvik-2026-1695,Christian Jeffrey,Villanova,Loyola Chicago,,2026,False,Portal committed,2026-07-14T12:40:18+00:00
barttorvik-2026-1769,Christian Jones,George Washington,Murray St.,,2026,False,Portal committed,2026-07-14T12:40:18+00:00
barttorvik-2026-1776,Christian Jones,Siena,UMass Lowell,,2026,False,Portal committed,2026-07-14T12:40:18+00:00
barttorvik-2026-2271,Christian Meeks,Morgan St.,North Carolina Central,,2026,False,Portal committed,2026-07-14T12:40:18+00:00
barttorvik-2026-2368,Christian Moore,The Citadel,Butler,,2026,False,Portal committed,2026-07-14T12:40:18+00:00
barttorvik-2026-2496,Christian Nitu,Washington,McNeese St.,,2026,False,Portal committed,2026-07-14T12:40:18+00:00
barttorvik-2026-2863,Christian Reeves,Charleston,Kansas,,2026,False,Portal committed,2026-07-14T12:40:18+00:00
barttorvik-2026-3382,Christian Thompson,West Alabama,Missouri St.,,2026,False,Portal committed,2026-07-14T12:40:18+00:00
barttorvik-2026-738,Christopher Cox,UC San Diego,Westminster,,2026,False,Portal committed,2026-07-14T12:40:18+00:00
barttorvik-2026-2525,Christopher Nwuli,Rutgers,Seton Hall,,2026,False,Portal committed,2026-07-14T12:40:18+00:00
barttorvik-2026-175,Chuck Bailey III,Nevada,Delaware,,2026,False,Portal committed,2026-07-14T12:40:18+00:00
barttorvik-2026-2064,Chuck Love III,Loyola Chicago,Austin Peay,,2026,False,Portal committed,2026-07-14T12:40:18+00:00
barttorvik-2026-3,Churchill Abass,New Orleans,UCF,,2026,False,Portal committed,2026-07-14T12:40:18+00:00
barttorvik-2026-2270,Cian Medley,Kent St.,East Carolina,,2026,False,Portal committed,2026-07-14T12:40:18+00:00
barttorvik-2026-2174,Clarence Massamba,Tennessee,UC Davis,,2026,False,Portal committed,2026-07-14T12:40:18+00:00
barttorvik-2026-1707,Clayton Jewell,Colorado Mesa,Southeast Missouri St.,,2026,False,Portal committed,2026-07-14T12:40:18+00:00
barttorvik-2026-2407,Clayton Mpiana,Pacific,Montana,,2026,False,Portal committed,2026-07-14T12:40:18+00:00
barttorvik-2026-1006,Clinton Efinda,UNC Greensboro,Canisius,,2026,False,Portal committed,2026-07-14T12:40:18+00:00
barttorvik-2026-542,Cobi Campbell,Troy,Liberty,,2026,False,Portal committed,2026-07-14T12:40:18+00:00
barttorvik-2026-1285,Cohenj Gonzales,Colorado Mesa,Tennessee Tech,,2026,False,Portal committed,2026-07-14T12:40:18+00:00
barttorvik-2026-957,Colby Duggan,Charleston,Boston College,,2026,False,Portal committed,2026-07-14T12:40:18+00:00
barttorvik-2026-1228,Colby Garland,San Jose St.,Georgia Tech,,2026,False,Portal committed,2026-07-14T12:40:18+00:00
barttorvik-2026-598,Cole Certa,Notre Dame,Clemson,,2026,False,Portal committed,2026-07-14T12:40:18+00:00
barttorvik-2026-668,Cole Cloer,N.C. State,Alabama,,2026,False,Portal committed,2026-07-14T12:40:18+00:00
barttorvik-2026-1093,Cole Farrell,Long Beach St.,Niagara,,2026,False,Portal committed,2026-07-14T12:40:18+00:00
barttorvik-2026-2695,Cole Pepe,Grand Canyon,Concordia Irvine,,2026,False,Portal committed,2026-07-14T12:40:18+00:00
barttorvik-2026-1411,Colin Hardrick,Drury,Northern Illinois,,2026,False,Portal committed,2026-07-14T12:40:18+00:00
barttorvik-2026-1465,Colin Hawkins,Gardner Webb,Pittsburgh,,2026,False,Portal committed,2026-07-14T12:40:18+00:00
barttorvik-2026-2985,Colin Ruffin,Missouri Southern,Long Beach St.,,2026,False,Portal committed,2026-07-14T12:40:18+00:00
barttorvik-2026-3155,Colin Smith,UC Santa Barbara,Northwestern,,2026,False,Portal committed,2026-07-14T12:40:18+00:00
barttorvik-2026-3609,Colin White,Ohio St.,Akron,,2026,False,Portal committed,2026-07-14T12:40:18+00:00
barttorvik-2026-601,Collin Chandler,Kentucky,BYU,,2026,False,Portal committed,2026-07-14T12:40:18+00:00
barttorvik-2026-640,Collin Clark,Missouri St.,Pittsburg State,,2026,False,Portal committed,2026-07-14T12:40:18+00:00
barttorvik-2026-2414,Collin Mulholland,Chattanooga,Utah St.,,2026,False,Portal committed,2026-07-14T12:40:18+00:00
barttorvik-2026-1946,Colt Langdon,N.C. State,Marshall,,2026,False,Portal committed,2026-07-14T12:40:18+00:00
barttorvik-2026-1042,Comeh Emuobor,New Hampshire,N.C. State,,2026,False,Portal committed,2026-07-14T12:40:18+00:00
barttorvik-2026-1342,Conner Groce,Akron,Charleston,,2026,False,Portal committed,2026-07-14T12:40:18+00:00
barttorvik-2026-104,Connor Amundsen,Dartmouth,Pacific,,2026,False,Portal committed,2026-07-14T12:40:18+00:00
barttorvik-2026-1560,Connor Horan,Iona,Newberry,,2026,False,Portal committed,2026-07-14T12:40:18+00:00
barttorvik-2026-3433,Connor Turnbull,Evansville,Utah St.,,2026,False,Portal committed,2026-07-14T12:40:18+00:00
barttorvik-2026-2077,Conrad Luczynski,Lenoir-Rhyne,Central Michigan,,2026,False,Portal committed,2026-07-14T12:40:18+00:00
barttorvik-2026-378,Cooper Bowser,Furman,Arkansas,,2026,False,Portal committed,2026-07-14T12:40:18+00:00
barttorvik-2026-543,Cooper Campbell,Troy,Liberty,,2026,False,Portal committed,2026-07-14T12:40:18+00:00
barttorvik-2026-835,Cooper Davis,Ashland,Flagler,,2026,False,Portal committed,2026-07-14T12:40:18+00:00
barttorvik-2026-3051,Cooper Schwieger,Wake Forest,Florida St.,,2026,False,Portal committed,2026-07-14T12:40:18+00:00
barttorvik-2026-76,Corbin Allen,Kansas,Appalachian St.,,2026,False,Portal committed,2026-07-14T12:40:18+00:00
barttorvik-2026-2613,Corbin Pack,Wingate,Queens,,2026,False,Portal committed,2026-07-14T12:40:18+00:00
barttorvik-2026-3230,Cord Stansberry,Western Carolina,Missouri,,2026,False,Portal committed,2026-07-14T12:40:18+00:00
barttorvik-2026-595,Corey Caulker,East Carolina,FIU,,2026,False,Portal committed,2026-07-14T12:40:18+00:00
barttorvik-2026-620,Corey Chest,Mississippi,McNeese St.,,2026,False,Portal committed,2026-07-14T12:40:18+00:00
barttorvik-2026-1366,Corey Hadnot II,Purdue Fort Wayne,Houston,,2026,False,Portal committed,2026-07-14T12:40:18+00:00
barttorvik-2026-795,Corleone Dandridge,Denver,Northwest Mo. St.,,2026,False,Portal committed,2026-07-14T12:40:18+00:00
barttorvik-2026-3643,Corneilous Williams,North Alabama,Memphis,,2026,False,Portal committed,2026-07-14T12:40:18+00:00
barttorvik-2026-2926,Cornelius Robinson Jr.,Monmouth,Hampton,,2026,False,Portal committed,2026-07-14T12:40:18+00:00
barttorvik-2026-2066,Cory Lovell,Stonehill,Montana St. Billings,,2026,False,Portal committed,2026-07-14T12:40:18+00:00
barttorvik-2026-2413,Courtland Muldrew,Washington,Georgia Tech,,2026,False,Portal committed,2026-07-14T12:40:18+00:00
barttorvik-2026-827,Cruz Davis,Hofstra,Texas Tech,,2026,False,Portal committed,2026-07-14T12:40:18+00:00
barttorvik-2026-1264,Curtis Givens III,Memphis,Ohio St.,,2026,False,Portal committed,2026-07-14T12:40:18+00:00
barttorvik-2026-3255,Curtis Stinson Jr.,North Texas,Cleveland St.,,2026,False,Portal committed,2026-07-14T12:40:18+00:00
barttorvik-2026-3648,Curtis Williams Jr.,Tulane,High Point,,2026,False,Portal committed,2026-07-14T12:40:18+00:00
barttorvik-2026-2124,Cyr Malonga,New Mexico St.,Wichita St.,,2026,False,Portal committed,2026-07-14T12:40:18+00:00
barttorvik-2026-1451,D'Andre Harrison,UMKC,Loyola MD,,2026,False,Portal committed,2026-07-14T12:40:18+00:00
barttorvik-2026-798,D.J. Daniel,Frostburg St.,Gardner Webb,,2026,False,Portal committed,2026-07-14T12:40:18+00:00
barttorvik-2026-3504,D.J. Wagner,Arkansas,Maryland,,2026,False,Portal committed,2026-07-14T12:40:18+00:00
barttorvik-2026-954,DJ Dudley,Louisiana Tech,New Mexico St.,,2026,False,Portal committed,2026-07-14T12:40:18+00:00
barttorvik-2026-3358,DJ Thomas,West Virginia,TCU,,2026,False,Portal committed,2026-07-14T12:40:18+00:00
barttorvik-2026-960,DaRon Dunbar,Augusta,Francis Marion,,2026,False,Portal committed,2026-07-14T12:40:18+00:00
barttorvik-2026-1841,Daemar Kelly,Northern Illinois,Mercyhurst,,2026,False,Portal committed,2026-07-14T12:40:18+00:00
barttorvik-2026-787,Dai Dai Ames,California,Tennessee,,2026,False,Portal committed,2026-07-14T12:40:18+00:00
barttorvik-2026-3552,Dallas Washington,Long Beach St.,UC Riverside,,2026,False,Portal committed,2026-07-14T12:40:18+00:00
barttorvik-2026-897,Dallis Dillard,Indiana (PA),Temple,,2026,False,Portal committed,2026-07-14T12:40:18+00:00
barttorvik-2026-64,Dalman Alexander,California (PA),Morehead St.,,2026,False,Portal committed,2026-07-14T12:40:18+00:00
barttorvik-2026-3603,Damari Wheeler-Thomas,North Dakota St.,Boise St.,,2026,False,Portal committed,2026-07-14T12:40:18+00:00
barttorvik-2026-3767,Damarien Yates,Alabama St.,North Alabama,,2026,False,Portal committed,2026-07-14T12:40:18+00:00
barttorvik-2026-868,Damarion Dennis,Wyoming,Texas Tech,,2026,False,Portal committed,2026-07-14T12:40:18+00:00
barttorvik-2026-3003,Dame Salane,Arizona St.,Tulane,,2026,False,Portal committed,2026-07-14T12:40:18+00:00
barttorvik-2026-1870,Damien King,Tennessee Martin,Le Moyne,,2026,False,Portal committed,2026-07-14T12:40:18+00:00
barttorvik-2026-741,"Damion Cox, Jr.",Alabama St.,Indian Hills Community College,,2026,False,Portal committed,2026-07-14T12:40:18+00:00
barttorvik-2026-3636,Damon Wilkinson,South Dakota St.,Nebraska,,2026,False,Portal committed,2026-07-14T12:40:18+00:00
barttorvik-2026-1873,Damone King,Rhode Island,Eastern Kentucky,,2026,False,Portal committed,2026-07-14T12:40:18+00:00
barttorvik-2026-2412,Dan Mukuna,Fort Hays St.,Texas A&M Corpus Chris,,2026,False,Portal committed,2026-07-14T12:40:18+00:00
barttorvik-2026-628,Dane Christensen,UT Rio Grande Valley,Tennessee Tech,,2026,False,Portal committed,2026-07-14T12:40:18+00:00
barttorvik-2026-2779,Dani Pounds,Tennessee Tech,Louisiana,,2026,False,Portal committed,2026-07-14T12:40:18+00:00
barttorvik-2026-1185,Daniel Freitag,Buffalo,Oregon St.,,2026,False,Portal committed,2026-07-14T12:40:18+00:00
barttorvik-2026-1721,Daniel Johnson,Hampton,James Madison,,2026,False,Portal committed,2026-07-14T12:40:18+00:00
barttorvik-2026-3400,Daniel Tobiloba,UC Riverside,Jacksonville St.,,2026,False,Portal committed,2026-07-14T12:40:18+00:00
barttorvik-2026-3486,Daniel Vieira-Tuck,Memphis,Tennessee St.,,2026,False,Portal committed,2026-07-14T12:40:18+00:00
barttorvik-2026-1271,Daniil Glazkov,Loyola Chicago,Vermont,,2026,False,Portal committed,2026-07-14T12:40:18+00:00
barttorvik-2026-1824,Dante Kearse,The Citadel,Queens,,2026,False,Portal committed,2026-07-14T12:40:18+00:00
barttorvik-2026-487,Danzelle Bullock-Coles,Queens,Fairleigh Dickinson,,2026,False,Portal committed,2026-07-14T12:40:18+00:00
barttorvik-2026-817,Daquan Davis,Providence,LIU,,2026,False,Portal committed,2026-07-14T12:40:18+00:00
barttorvik-2026-911,Darik Dissette,Minot St.,Minn. Duluth,,2026,False,Portal committed,2026-07-14T12:40:18+00:00
barttorvik-2026-3184,"Darin Smith, Jr.",Central Connecticut,Rutgers,,2026,False,Portal committed,2026-07-14T12:40:18+00:00
barttorvik-2026-28,Darius Adams,Maryland,N.C. State,,2026,False,Portal committed,2026-07-14T12:40:18+00:00
barttorvik-2026-3553,Darius Washington III,Kennesaw St.,Coastal Carolina,,2026,False,Portal committed,2026-07-14T12:40:18+00:00
barttorvik-2026-3147,Darnez Slater,Colorado St.,Montana St.,,2026,False,Portal committed,2026-07-14T12:40:18+00:00
barttorvik-2026-1297,Darrae Goodwin,San Diego,Incarnate Word,,2026,False,Portal committed,2026-07-14T12:40:18+00:00
barttorvik-2026-3772,Darrel Yepdo,UMass Lowell,Vermont,,2026,False,Portal committed,2026-07-14T12:40:18+00:00
barttorvik-2026-1430,Darren Harris,Duke,Indiana,,2026,False,Portal committed,2026-07-14T12:40:18+00:00
barttorvik-2026-3288,Darrion Sutton,Missouri St.,Southeast Missouri St.,,2026,False,Portal committed,2026-07-14T12:40:18+00:00
barttorvik-2026-3111,Darryl Simmons II,St. Bonaventure,Villanova,,2026,False,Portal committed,2026-07-14T12:40:18+00:00
barttorvik-2026-1461,Dasear Haskins,Saint Joseph's,Mississippi,,2026,False,Portal committed,2026-07-14T12:40:18+00:00
barttorvik-2026-373,Dasonte Bowen,St. Bonaventure,Penn St.,,2026,False,Portal committed,2026-07-14T12:40:18+00:00
barttorvik-2026-1363,Davante Hackett,Stonehill,Tennessee Tech,,2026,False,Portal committed,2026-07-14T12:40:18+00:00
barttorvik-2026-2874,Davi Remagen,Georgia Tech,Tennessee Martin,,2026,False,Portal committed,2026-07-14T12:40:18+00:00
barttorvik-2026-3649,Davian Williams,Alcorn St.,Prairie View A&M,,2026,False,Portal committed,2026-07-14T12:40:18+00:00
barttorvik-2026-593,David Castillo,Kansas St.,Santa Clara,,2026,False,Portal committed,2026-07-14T12:40:18+00:00
barttorvik-2026-940,David Douglas Jr.,Fresno St.,Northern Illinois,,2026,False,Portal committed,2026-07-14T12:40:18+00:00
barttorvik-2026-1149,David Fonville,High Point,Anderson,,2026,False,Portal committed,2026-07-14T12:40:18+00:00
barttorvik-2026-1196,David Fuchs,San Francisco,Clemson,,2026,False,Portal committed,2026-07-14T12:40:18+00:00
barttorvik-2026-1282,David Gomez,Charlotte,Colorado,,2026,False,Portal committed,2026-07-14T12:40:18+00:00
barttorvik-2026-1396,David Hansen,Weber St.,Simon Fraser,,2026,False,Portal committed,2026-07-14T12:40:18+00:00
barttorvik-2026-1642,David Iweze,Utah St.,Cincinnati,,2026,False,Portal committed,2026-07-14T12:40:18+00:00
barttorvik-2026-2813,David Punch,TCU,Texas,,2026,False,Portal committed,2026-07-14T12:40:18+00:00
barttorvik-2026-3115,David Simon,Vermont,West Georgia,,2026,False,Portal committed,2026-07-14T12:40:18+00:00
barttorvik-2026-3332,David Terrell Jr.,North Texas,SMU,,2026,False,Portal committed,2026-07-14T12:40:18+00:00
barttorvik-2026-3345,David Thomas,Richmond,Georgia St.,,2026,False,Portal committed,2026-07-14T12:40:18+00:00
barttorvik-2026-3426,David Tubek,UTEP,USC Upstate,,2026,False,Portal committed,2026-07-14T12:40:18+00:00
barttorvik-2026-1393,Davion Hannah,Alabama,South Carolina,,2026,False,Portal committed,2026-07-14T12:40:18+00:00
barttorvik-2026-1512,Davion Hill,Ball St.,San Diego,,2026,False,Portal committed,2026-07-14T12:40:18+00:00
barttorvik-2026-521,Davis Bynum,Rider,Prairie View A&M,,2026,False,Portal committed,2026-07-14T12:40:18+00:00
barttorvik-2026-2062,Davius Loury,Cal St. Northridge,Chicago St.,,2026,False,Portal committed,2026-07-14T12:40:18+00:00
barttorvik-2026-3185,Davon Smith-Johnson,Roosevelt,Peru St.,,2026,False,Portal committed,2026-07-14T12:40:18+00:00
barttorvik-2026-221,Dawson Barr,Embry-Riddle (FL),Mercer,,2026,False,Portal committed,2026-07-14T12:40:18+00:00
barttorvik-2026-2479,Dayan Nessah,Cleveland St.,Loyola Chicago,,2026,False,Portal committed,2026-07-14T12:40:18+00:00
barttorvik-2026-111,Dayjaun Anderson,UAB,Louisiana Monroe,,2026,False,Portal committed,2026-07-14T12:40:18+00:00
barttorvik-2026-889,Daylon Dickerson,UMBC,West Florida,,2026,False,Portal committed,2026-07-14T12:40:18+00:00
barttorvik-2026-1321,De'Ante Green,South Florida,Tennessee Tech,,2026,False,Portal committed,2026-07-14T12:40:18+00:00
barttorvik-2026-2363,De'Shayne Montgomery,Dayton,Louisville,,2026,False,Portal committed,2026-07-14T12:40:18+00:00
barttorvik-2026-3644,DeAndre Williams,Holy Cross,Maine,,2026,False,Portal committed,2026-07-14T12:40:18+00:00
barttorvik-2026-1715,DeMarco Johnson,Elon,Marshall,,2026,False,Portal committed,2026-07-14T12:40:18+00:00
barttorvik-2026-1290,DeSean Goode,Robert Morris,Miami FL,,2026,False,Portal committed,2026-07-14T12:40:18+00:00
barttorvik-2026-1305,DeShawn Gory,Fresno St.,Oregon St.,,2026,False,Portal committed,2026-07-14T12:40:18+00:00
barttorvik-2026-1449,DeShawn Harris-Smith,Georgetown,Delaware,,2026,False,Portal committed,2026-07-14T12:40:18+00:00
barttorvik-2026-1762,Deandre Jones,Kent St.,Cleveland St.,,2026,False,Portal committed,2026-07-14T12:40:18+00:00
barttorvik-2026-972,Declan Duru Jr.,Texas,UC Santa Barbara,,2026,False,Portal committed,2026-07-14T12:40:18+00:00
barttorvik-2026-3343,Dedan Thomas Jr.,LSU,Houston,,2026,False,Portal committed,2026-07-14T12:40:18+00:00
barttorvik-2026-3377,Deke Thompson,Texas St.,Nebraska Omaha,,2026,False,Portal committed,2026-07-14T12:40:18+00:00
barttorvik-2026-1766,Del Jones,Radford,Seton Hall,,2026,False,Portal committed,2026-07-14T12:40:18+00:00
barttorvik-2026-3545,Dellquan Warren,Mississippi St.,McNeese St.,,2026,False,Portal committed,2026-07-14T12:40:18+00:00
barttorvik-2026-1261,Delrecco Gillespie,Kent St.,Houston,,2026,False,Portal committed,2026-07-14T12:40:18+00:00
barttorvik-2026-3641,Demari Williams,Houston Christian,UTSA,,2026,False,Portal committed,2026-07-14T12:40:18+00:00
barttorvik-2026-492,Demarion Burch,Bradley,Illinois St.,,2026,False,Portal committed,2026-07-14T12:40:18+00:00
barttorvik-2026-3725,Demarris Winters,UT Rio Grande Valley,Canisius,,2026,False,Portal committed,2026-07-14T12:40:18+00:00
barttorvik-2026-1225,Demitri Gardner,Fordham,East Carolina,,2026,False,Portal committed,2026-07-14T12:40:18+00:00
barttorvik-2026-894,Deng Diew,Westminster,Post,,2026,False,Portal committed,2026-07-14T12:40:18+00:00
barttorvik-2026-1216,Deng Garang,Le Moyne,Illinois St.,,2026,False,Portal committed,2026-07-14T12:40:18+00:00
barttorvik-2026-171,Denis Badalau,Rutgers,Towson,,2026,False,Portal committed,2026-07-14T12:40:18+00:00
barttorvik-2026-1066,Dennis Evans,Grand Canyon,Oregon St.,,2026,False,Portal committed,2026-07-14T12:40:18+00:00
barttorvik-2026-1753,Dennis Johnson III,Western Washington,Portland St.,,2026,False,Portal committed,2026-07-14T12:40:18+00:00
barttorvik-2026-2642,"Dennis Parker, Jr.",Radford,Kansas,,2026,False,Portal committed,2026-07-14T12:40:18+00:00
barttorvik-2026-122,Denver Anglin,Iona,Merrimack,,2026,False,Portal committed,2026-07-14T12:40:18+00:00
barttorvik-2026-9,Denzel Aberdeen,Kentucky,Florida,,2026,False,Portal committed,2026-07-14T12:40:18+00:00
barttorvik-2026-2026,Deondrea Lindsey,Iona,Tennessee St.,,2026,False,Portal committed,2026-07-14T12:40:18+00:00
barttorvik-2026-915,Derek Dixon,North Carolina,Arizona,,2026,False,Portal committed,2026-07-14T12:40:18+00:00
barttorvik-2026-1293,Derek Goodman,Ohio Dominican,Mercer,,2026,False,Portal committed,2026-07-14T12:40:18+00:00
barttorvik-2026-3494,Derek Vorst,Indiana St.,Cleveland St.,,2026,False,Portal committed,2026-07-14T12:40:18+00:00
barttorvik-2026-2786,Derik Pranger,Colorado Colorado Springs,Adams St.,,2026,False,Portal committed,2026-07-14T12:40:18+00:00
barttorvik-2026-3034,Derin Saran,UC Irvine,Richmond,,2026,False,Portal committed,2026-07-14T12:40:18+00:00
barttorvik-2026-1653,Deshaun Jackson Jr.,Mercyhurst,South Carolina St.,,2026,False,Portal committed,2026-07-14T12:40:18+00:00
barttorvik-2026-1691,Deshawn Jean-Charles,Chicago St.,LIU,,2026,False,Portal committed,2026-07-14T12:40:18+00:00
barttorvik-2026-1758,Deuce Jones II,Saint Joseph's,UAB,,2026,False,Portal committed,2026-07-14T12:40:18+00:00
barttorvik-2026-2623,Devere Palmer,Florida A&M,Lenoir-Rhyne,,2026,False,Portal committed,2026-07-14T12:40:18+00:00
barttorvik-2026-356,Devin Booker,George Mason,La Salle,,2026,False,Portal committed,2026-07-14T12:40:18+00:00
barttorvik-2026-435,Devin Brown,Davidson,Notre Dame,,2026,False,Portal committed,2026-07-14T12:40:18+00:00
barttorvik-2026-448,Devin Brown,Coastal Carolina,Alabama A&M,,2026,False,Portal committed,2026-07-14T12:40:18+00:00
barttorvik-2026-900,Devin Dinkins,Manhattan,Delaware,,2026,False,Portal committed,2026-07-14T12:40:18+00:00
barttorvik-2026-2977,Devin Royal,Ohio St.,Villanova,,2026,False,Portal committed,2026-07-14T12:40:18+00:00
barttorvik-2026-3465,Devin Vanterpool,Florida Atlantic,Providence,,2026,False,Portal committed,2026-07-14T12:40:18+00:00
barttorvik-2026-3654,Devin Williams,Florida Atlantic,Seton Hall,,2026,False,Portal committed,2026-07-14T12:40:18+00:00
barttorvik-2026-143,Devon Arlington,Yale,Stonehill,,2026,False,Portal committed,2026-07-14T12:40:18+00:00
barttorvik-2026-1899,Devon Kobi Pearson,Texas A&M Corpus Chris,Stephen F. Austin,,2026,False,Portal committed,2026-07-14T12:40:18+00:00
barttorvik-2026-2117,Devon Malcolm,Cal Baptist,UC Riverside,,2026,False,Portal committed,2026-07-14T12:40:18+00:00
barttorvik-2026-2249,Devon McKinnon,Montevallo,Auburn Montgomery,,2026,False,Portal committed,2026-07-14T12:40:18+00:00
barttorvik-2026-2809,Devon Pryor,Oregon,UT Rio Grande Valley,,2026,False,Portal committed,2026-07-14T12:40:18+00:00
barttorvik-2026-3311,Deywilk Tavarez,Loyola Chicago,Hofstra,,2026,False,Portal committed,2026-07-14T12:40:18+00:00
barttorvik-2026-3611,Dez White,Oregon St.,Temple,,2026,False,Portal committed,2026-07-14T12:40:18+00:00
barttorvik-2026-2023,Dezdrick Lindsay,Oregon,Kansas St.,,2026,False,Portal committed,2026-07-14T12:40:18+00:00
barttorvik-2026-2167,Diego Martinez,San Francisco St.,Stanislaus St.,,2026,False,Portal committed,2026-07-14T12:40:18+00:00
barttorvik-2026-3416,Diego Trejo-Delgado,Saint Martin's,Idaho,,2026,False,Portal committed,2026-07-14T12:40:18+00:00
barttorvik-2026-3079,Dillan Shaw,Saint Mary's,Arizona St.,,2026,False,Portal committed,2026-07-14T12:40:18+00:00
barttorvik-2026-657,Dillon Claussen,Washburn,Liberty,,2026,False,Portal committed,2026-07-14T12:40:18+00:00
barttorvik-2026-1916,Dimitrije Kovačević,Wake Forest,Mercer,,2026,False,Portal committed,2026-07-14T12:40:18+00:00
barttorvik-2026-3341,Dionjahe Thomas,Jackson St.,Northwestern St.,,2026,False,Portal committed,2026-07-14T12:40:18+00:00
barttorvik-2026-1718,Dior Johnson,Tarleton St.,UCF,,2026,False,Portal committed,2026-07-14T12:40:18+00:00
barttorvik-2026-1849,Dior Kennedy,New Haven,Saint Michael's,,2026,False,Portal committed,2026-07-14T12:40:18+00:00
barttorvik-2026-3450,Divine Ugochukwu,Michigan St.,LSU,,2026,False,Portal committed,2026-07-14T12:40:18+00:00
barttorvik-2026-38,Dom Aekins,Duquesne,Youngstown St.,,2026,False,Portal committed,2026-07-14T12:40:18+00:00
barttorvik-2026-658,Dom Clay,North Dakota St.,Lindenwood,,2026,False,Portal committed,2026-07-14T12:40:18+00:00
barttorvik-2026-1819,Domas Kauzonas,UNC Greensboro,Longwood,,2026,False,Portal committed,2026-07-14T12:40:18+00:00
barttorvik-2026-983,Dominic Eason,USC Beaufort,Lamar,,2026,False,Portal committed,2026-07-14T12:40:18+00:00
barttorvik-2026-1291,Dominic Gooden,MSU Moorhead,Arkansas–Fort Smith,,2026,False,Portal committed,2026-07-14T12:40:18+00:00
barttorvik-2026-3248,Dominick Stewart,Penn St.,Richmond,,2026,False,Portal committed,2026-07-14T12:40:18+00:00
barttorvik-2026-901,Dominique Diomande,BYU,Pittsburgh,,2026,False,Portal committed,2026-07-14T12:40:18+00:00
barttorvik-2026-1390,Donald Hand Jr.,Boston College,Loyola Chicago,,2026,False,Portal committed,2026-07-14T12:40:18+00:00
barttorvik-2026-1182,Donnie Freeman,Syracuse,St. John's,,2026,False,Portal committed,2026-07-14T12:40:18+00:00
barttorvik-2026-1136,Donovan Flamer,Elizabeth City St.,Saint Joseph's,,2026,False,Portal committed,2026-07-14T12:40:18+00:00
barttorvik-2026-1600,Donovan Hunter,Bellarmine,Southern Indiana,,2026,False,Portal committed,2026-07-14T12:40:18+00:00
barttorvik-2026-2846,Donovan Raymond,Old Dominion,Western Carolina,,2026,False,Portal committed,2026-07-14T12:40:18+00:00
barttorvik-2026-2911,Donovan Rivers,Jacksonville,Loyola Marymount,,2026,False,Portal committed,2026-07-14T12:40:18+00:00
barttorvik-2026-3640,Dontrez Williams,Lindenwood,UNLV,,2026,False,Portal committed,2026-07-14T12:40:18+00:00
barttorvik-2026-1125,Dorian Finister,Louisiana,Charlotte,,2026,False,Portal committed,2026-07-14T12:40:18+00:00
barttorvik-2026-1343,Dorian Grosber,High Point,Northeastern,,2026,False,Portal committed,2026-07-14T12:40:18+00:00
barttorvik-2026-1773,Dorian Jones,Rutgers,Kent St.,,2026,False,Portal committed,2026-07-14T12:40:18+00:00
barttorvik-2026-476,Dorin Buca,Kansas St.,Rutgers,,2026,False,Portal committed,2026-07-14T12:40:18+00:00
barttorvik-2026-1948,Douglas Langford,San Jose St.,Columbia,,2026,False,Portal committed,2026-07-14T12:40:18+00:00
barttorvik-2026-511,Dovydas Butka,Campbell,Boise St.,,2026,False,Portal committed,2026-07-14T12:40:18+00:00
barttorvik-2026-671,Doyel Cockrill III,Chicago St.,Nicholls St.,,2026,False,Portal committed,2026-07-14T12:40:18+00:00
barttorvik-2026-1248,Dra Gibbs-Lawhorn,UNLV,Texas Tech,,2026,False,Portal committed,2026-07-14T12:40:18+00:00
barttorvik-2026-2080,Dragos Lungu,Tennessee Martin,Fresno St.,,2026,False,Portal committed,2026-07-14T12:40:18+00:00
barttorvik-2026-1869,Dre Kindell,Wichita St.,Drake,,2026,False,Portal committed,2026-07-14T12:40:18+00:00
barttorvik-2026-288,Drew Bessette,Vermont,Saint Michael's,,2026,False,Portal committed,2026-07-14T12:40:18+00:00
barttorvik-2026-1116,Drew Fielder,Boise St.,Alabama,,2026,False,Portal committed,2026-07-14T12:40:18+00:00
barttorvik-2026-1202,Drew Fuquay,Marshall,Western Kentucky,,2026,False,Portal committed,2026-07-14T12:40:18+00:00
barttorvik-2026-1885,Drew Kingery,Truman St.,Missouri Western,,2026,False,Portal committed,2026-07-14T12:40:18+00:00
barttorvik-2026-2243,Drew McKenna,Old Dominion,New Hampshire,,2026,False,Portal committed,2026-07-14T12:40:18+00:00
barttorvik-2026-3043,Drew Scharnowski,Belmont,Duke,,2026,False,Portal committed,2026-07-14T12:40:18+00:00
barttorvik-2026-3236,Drew Steffe,Southern Illinois,Buffalo,,2026,False,Portal committed,2026-07-14T12:40:18+00:00
barttorvik-2026-583,Drey Carter,Fairmont St.,North Alabama,,2026,False,Portal committed,2026-07-14T12:40:18+00:00
barttorvik-2026-2650,Duce Paschal,Weber St.,Indiana St.,,2026,False,Portal committed,2026-07-14T12:40:18+00:00
barttorvik-2026-3264,Dusty Stromer,Grand Canyon,San Diego,,2026,False,Portal committed,2026-07-14T12:40:18+00:00
barttorvik-2026-141,Dwayne Aristode,Arizona,Oregon,,2026,False,Portal committed,2026-07-14T12:40:18+00:00
barttorvik-2026-2733,Dwayne Pierce,North Carolina A&T,Grambling St.,,2026,False,Portal committed,2026-07-14T12:40:18+00:00
barttorvik-2026-115,Dylan Anderson,Murray St.,Northern Arizona,,2026,False,Portal committed,2026-07-14T12:40:18+00:00
barttorvik-2026-806,Dylan Darling,St. John's,Grand Canyon,,2026,False,Portal committed,2026-07-14T12:40:18+00:00
barttorvik-2026-884,Dylan Diaz,Louisiana Monroe,Fairmont St.,,2026,False,Portal committed,2026-07-14T12:40:18+00:00
barttorvik-2026-953,Dylan Ducommun,Northern Illinois,Buffalo,,2026,False,Portal committed,2026-07-14T12:40:18+00:00
barttorvik-2026-1096,Dylan Faulkner,Samford,Clemson,,2026,False,Portal committed,2026-07-14T12:40:18+00:00
barttorvik-2026-1273,Dylan Godfrey,UC Riverside,Binghamton,,2026,False,Portal committed,2026-07-14T12:40:18+00:00
barttorvik-2026-1311,Dylan Grant,Rutgers,Charlotte,,2026,False,Portal committed,2026-07-14T12:40:18+00:00
barttorvik-2026-1677,Dylan James,Georgia,George Washington,,2026,False,Portal committed,2026-07-14T12:40:18+00:00
barttorvik-2026-3022,Dylan Sanders,CSU Pueblo,Southern Utah,,2026,False,Portal committed,2026-07-14T12:40:18+00:00
barttorvik-2026-3037,Dylan Saunders,New Hampshire,UVA Wise,,2026,False,Portal committed,2026-07-14T12:40:18+00:00
barttorvik-2026-3544,Dylan Warlick,Saint Louis,Weber St.,,2026,False,Portal committed,2026-07-14T12:40:18+00:00
barttorvik-2026-3674,Dylan Williams,Penn,Northwestern,,2026,False,Portal committed,2026-07-14T12:40:18+00:00
barttorvik-2026-3699,Dylan Williamson,Towson,Rhode Island,,2026,False,Portal committed,2026-07-14T12:40:18+00:00
barttorvik-2026-3376,Dyllan Thompson,Georgia Tech,Weber St.,,2026,False,Portal committed,2026-07-14T12:40:18+00:00
barttorvik-2026-3179,E.J. Smith,Lincoln Memorial,Presbyterian,,2026,False,Portal committed,2026-07-14T12:40:18+00:00
barttorvik-2026-2994,EJ Ryans,Western Michigan,South Dakota St.,,2026,False,Portal committed,2026-07-14T12:40:18+00:00
barttorvik-2026-3218,EJ Spillman,UC Riverside,College of the Sequoias,,2026,False,Portal committed,2026-07-14T12:40:18+00:00
barttorvik-2026-3511,EJ Walker,South Carolina,Western Kentucky,,2026,False,Portal committed,2026-07-14T12:40:18+00:00
barttorvik-2026-1603,Easton Hupp,Charleston Southern,Stephen F. Austin,,2026,False,Portal committed,2026-07-14T12:40:18+00:00
barttorvik-2026-2847,Easton Reagan,Northwest Nazarene,UC Riverside,,2026,False,Portal committed,2026-07-14T12:40:18+00:00
barttorvik-2026-1802,Ebrahim Kaba,Purdue Fort Wayne,Southern Indiana,,2026,False,Portal committed,2026-07-14T12:40:18+00:00
barttorvik-2026-2616,Eddie Page,Clayton St.,Prairie View A&M,,2026,False,Portal committed,2026-07-14T12:40:18+00:00
barttorvik-2026-2757,Eddie Placer,Wagner,North Florida,,2026,False,Portal committed,2026-07-14T12:40:18+00:00
barttorvik-2026-2890,Eddie Ricks III,James Madison,Loyola Chicago,,2026,False,Portal committed,2026-07-14T12:40:18+00:00
barttorvik-2026-418,Eddrin Bronson,Furman,The Citadel,,2026,False,Portal committed,2026-07-14T12:40:18+00:00
barttorvik-2026-2589,Edir Ortiz,Seton Hill,Purdue Fort Wayne,,2026,False,Portal committed,2026-07-14T12:40:18+00:00
barttorvik-2026-1891,Eduardo Klafke,Mississippi,Butler,,2026,False,Portal committed,2026-07-14T12:40:18+00:00
barttorvik-2026-2579,Edward Onyia,Saint Anselm,Marist,,2026,False,Portal committed,2026-07-14T12:40:18+00:00
barttorvik-2026-796,Edwin Daniel,La Salle,Stephen F. Austin,,2026,False,Portal committed,2026-07-14T12:40:18+00:00
barttorvik-2026-3269,Edwin Suarez Jr.,Weber St.,East Texas A&M,,2026,False,Portal committed,2026-07-14T12:40:18+00:00
barttorvik-2026-3759,Eemeli Yalaho,Washington St.,N.C. State,,2026,False,Portal committed,2026-07-14T12:40:18+00:00
barttorvik-2026-3472,Efe Vatan,Oregon,Stony Brook,,2026,False,Portal committed,2026-07-14T12:40:18+00:00
barttorvik-2026-2563,Efeosa Oliogu-Elabor,Butler,George Mason,,2026,False,Portal committed,2026-07-14T12:40:18+00:00
barttorvik-2026-861,Ege Demir,Oregon,Duquesne,,2026,False,Portal committed,2026-07-14T12:40:18+00:00
barttorvik-2026-1032,Eian Elmer,Miami OH,Wisconsin,,2026,False,Portal committed,2026-07-14T12:40:18+00:00
barttorvik-2026-2365,Eino Montin,Stonehill,Montana St. Billings,,2026,False,Portal committed,2026-07-14T12:40:18+00:00
barttorvik-2026-1027,Eli Ellis,South Carolina,Charleston,,2026,False,Portal committed,2026-07-14T12:40:18+00:00
barttorvik-2026-1326,Eli Greenberg,Le Moyne,Stonehill,,2026,False,Portal committed,2026-07-14T12:40:18+00:00
barttorvik-2026-2879,Eli Rice,Penn St.,Middle Tennessee,,2026,False,Portal committed,2026-07-14T12:40:18+00:00
barttorvik-2026-3628,Eli Wilborn,James Madison,Merrimack,,2026,False,Portal committed,2026-07-14T12:40:18+00:00
barttorvik-2026-2838,Elias Rapieque,Kansas St.,Loyola Chicago,,2026,False,Portal committed,2026-07-14T12:40:18+00:00
barttorvik-2026-424,Elijah Brooks,Houston Christian,Florida Gulf Coast,,2026,False,Portal committed,2026-07-14T12:40:18+00:00
barttorvik-2026-446,Elijah Brown,Wagner,Navarro College,,2026,False,Portal committed,2026-07-14T12:40:18+00:00
barttorvik-2026-744,Elijah Crawford,Illinois Chicago,Villanova,,2026,False,Portal committed,2026-07-14T12:40:18+00:00
barttorvik-2026-974,Elijah Duval,Southern Utah,UAB,,2026,False,Portal committed,2026-07-14T12:40:18+00:00
barttorvik-2026-1024,Elijah Elliott,Ohio,North Florida,,2026,False,Portal committed,2026-07-14T12:40:18+00:00
barttorvik-2026-1139,Elijah Flowers,Old Dominion,Holy Cross,,2026,False,Portal committed,2026-07-14T12:40:18+00:00
barttorvik-2026-1504,Elijah Hernandez,Holy Family,Arkansas Pine Bluff,,2026,False,Portal committed,2026-07-14T12:40:18+00:00
barttorvik-2026-1767,Elijah Jones,UTEP,George Mason,,2026,False,Portal committed,2026-07-14T12:40:18+00:00
barttorvik-2026-2367,Elijah Moore,Utah,McNeese St.,,2026,False,Portal committed,2026-07-14T12:40:18+00:00
barttorvik-2026-2706,Elijah Perryman,Utah St.,Cincinnati,,2026,False,Portal committed,2026-07-14T12:40:18+00:00
barttorvik-2026-3265,Elijah Strong,South Carolina,Saint Louis,,2026,False,Portal committed,2026-07-14T12:40:18+00:00
barttorvik-2026-3548,Elisha Warren,D'Youville,South Dakota,,2026,False,Portal committed,2026-07-14T12:40:18+00:00
barttorvik-2026-3429,Elliot Tulip,West Alabama,Southern Miss,,2026,False,Portal committed,2026-07-14T12:40:18+00:00
barttorvik-2026-1652,Elmarko Jackson,Kansas,Georgetown,,2026,False,Portal committed,2026-07-14T12:40:18+00:00
barttorvik-2026-977,Elmir Dzafic,Arkansas,Connecticut,,2026,False,Portal committed,2026-07-14T12:40:18+00:00
barttorvik-2026-281,Elson Berhanu,Goldey-Beacom,Maryland Eastern Shore,,2026,False,Portal committed,2026-07-14T12:40:18+00:00
barttorvik-2026-3160,Eltramon Smith Jr.,Stephen F. Austin,Georgia Southern,,2026,False,Portal committed,2026-07-14T12:40:18+00:00
barttorvik-2026-1184,Elyjah Freeman,Auburn,Texas,,2026,False,Portal committed,2026-07-14T12:40:18+00:00
barttorvik-2026-2820,Elías Pálsson,Augusta,Detroit Mercy,,2026,False,Portal committed,2026-07-14T12:40:18+00:00
barttorvik-2026-2885,Emanuel Richards,Longwood,Eastern Michigan,,2026,False,Portal committed,2026-07-14T12:40:18+00:00
barttorvik-2026-3146,Emil Skytta,North Dakota St.,Portland St.,,2026,False,Portal committed,2026-07-14T12:40:18+00:00
barttorvik-2026-513,Emilis Butkus,Mercyhurst,Campbell,,2026,False,Portal committed,2026-07-14T12:40:18+00:00
barttorvik-2026-1632,Emmanuel Innocenti,Gonzaga,Arizona St.,,2026,False,Portal committed,2026-07-14T12:40:18+00:00
barttorvik-2026-2140,Emmanuel Manyuon,Pacific,Marshall,,2026,False,Portal committed,2026-07-14T12:40:18+00:00
barttorvik-2026-23,Emmett Adair,Loyola MD,George Mason,,2026,False,Portal committed,2026-07-14T12:40:18+00:00
barttorvik-2026-1055,Emondrek Erkins-Ford,Jacksonville St.,Western Kentucky,,2026,False,Portal committed,2026-07-14T12:40:18+00:00
barttorvik-2026-3223,Enel St. Bernard,Indiana St.,Sam Houston St.,,2026,False,Portal committed,2026-07-14T12:40:18+00:00
barttorvik-2026-360,Enrico Borio,Jacksonville,Nova Southeastern,,2026,False,Portal committed,2026-07-14T12:40:18+00:00
barttorvik-2026-2769,Erez Poran,Northern Arizona,Clayton St.,,2026,False,Portal committed,2026-07-14T12:40:18+00:00
barttorvik-2026-22,Eric Acker,La Salle,Northern Kentucky,,2026,False,Portal committed,2026-07-14T12:40:18+00:00
barttorvik-2026-607,Eric Chatfield Jr,Georgia Tech,Bryant,,2026,False,Portal committed,2026-07-14T12:40:18+00:00
barttorvik-2026-887,Eric Dibami,FIU,UC Santa Barbara,,2026,False,Portal committed,2026-07-14T12:40:18+00:00
barttorvik-2026-2103,Eric Mahaffey,Akron,Cincinnati,,2026,False,Portal committed,2026-07-14T12:40:18+00:00
barttorvik-2026-2645,Eric Parnell,Fairleigh Dickinson,Georgia St.,,2026,False,Portal committed,2026-07-14T12:40:18+00:00
barttorvik-2026-2867,Eric Reibe,Connecticut,USC,,2026,False,Portal committed,2026-07-14T12:40:18+00:00
barttorvik-2026-2567,Erik Oliver-Bush,Manhattan,New Hampshire,,2026,False,Portal committed,2026-07-14T12:40:18+00:00
barttorvik-2026-3088,Ernest Shelton,Merrimack,Boston College,,2026,False,Portal committed,2026-07-14T12:40:18+00:00
barttorvik-2026-2749,Esyah Pippa-White,Milwaukee,Houston Christian,,2026,False,Portal committed,2026-07-14T12:40:18+00:00
barttorvik-2026-314,Ethan Blackmon,Northeastern St.,Louisiana Tech,,2026,False,Portal committed,2026-07-14T12:40:18+00:00
barttorvik-2026-723,Ethan Copeland,Stetson,Virginia Tech,,2026,False,Portal committed,2026-07-14T12:40:18+00:00
barttorvik-2026-753,Ethan Croley,Nevada,Jacksonville St.,,2026,False,Portal committed,2026-07-14T12:40:18+00:00
barttorvik-2026-961,Ethan Duncan,Lipscomb,Cal Baptist,,2026,False,Portal committed,2026-07-14T12:40:18+00:00
barttorvik-2026-1907,Ethan Koltz,Southwest Minnesota St.,Minnesota Crookston,,2026,False,Portal committed,2026-07-14T12:40:18+00:00
barttorvik-2026-2290,Ethan Meuser,Stonehill,Pepperdine,,2026,False,Portal committed,2026-07-14T12:40:18+00:00
barttorvik-2026-2917,Ethan Roberts,Penn,Notre Dame,,2026,False,Portal committed,2026-07-14T12:40:18+00:00
barttorvik-2026-3000,Ethan Sage,Pittsburg State,Belmont,,2026,False,Portal committed,2026-07-14T12:40:18+00:00
barttorvik-2026-91,Eugene Alvin,Morgan St.,Delaware,,2026,False,Portal committed,2026-07-14T12:40:18+00:00
barttorvik-2026-2900,Eunique Rink,Hampton,La Salle,,2026,False,Portal committed,2026-07-14T12:40:18+00:00
barttorvik-2026-110,Evan Anderson,South Dakota,Augustana,,2026,False,Portal committed,2026-07-14T12:40:18+00:00
barttorvik-2026-341,Evan Boisdur,Grand Canyon,Abilene Christian,,2026,False,Portal committed,2026-07-14T12:40:18+00:00
barttorvik-2026-608,Evan Chatman,UAB,Baylor,,2026,False,Portal committed,2026-07-14T12:40:18+00:00
barttorvik-2026-1479,Evan Haywood,Butler,Pepperdine,,2026,False,Portal committed,2026-07-14T12:40:18+00:00
barttorvik-2026-1662,Evan Jackson,Pittsburg State,Non-DI,,2026,False,Portal committed,2026-07-14T12:40:18+00:00
barttorvik-2026-1864,Evan Kilminster,USC Beaufort,Hawaii Pacific,,2026,False,Portal committed,2026-07-14T12:40:18+00:00
barttorvik-2026-2599,Evan Otten,Idaho St.,Arizona,,2026,False,Portal committed,2026-07-14T12:40:18+00:00
barttorvik-2026-2831,Evan Ramsey,UVA Wise,Wofford,,2026,False,Portal committed,2026-07-14T12:40:18+00:00
barttorvik-2026-3235,Ewan Steele,Idaho,Stonehill,,2026,False,Portal committed,2026-07-14T12:40:18+00:00
barttorvik-2026-3711,Exavier Wilson,Kansas St.,Akron,,2026,False,Portal committed,2026-07-14T12:40:18+00:00
barttorvik-2026-1415,Eyal Harel,Pacific,Idaho St.,,2026,False,Portal committed,2026-07-14T12:40:18+00:00
barttorvik-2026-3508,Eze Wali,The Citadel,West Florida,,2026,False,Portal committed,2026-07-14T12:40:18+00:00
barttorvik-2026-2595,Fazl Oshodi,Southern,Marshall,,2026,False,Portal committed,2026-07-14T12:40:18+00:00
barttorvik-2026-2654,Felipe Patino,Southern Miss,Stonehill,,2026,False,Portal committed,2026-07-14T12:40:18+00:00
barttorvik-2026-1914,Felix Kossaras,Colorado,George Washington,,2026,False,Portal committed,2026-07-14T12:40:18+00:00
barttorvik-2026-1797,Filip Jovic,Auburn,UCLA,,2026,False,Portal committed,2026-07-14T12:40:18+00:00
barttorvik-2026-312,Finley Bizjack,Butler,West Virginia,,2026,False,Portal committed,2026-07-14T12:40:18+00:00
barttorvik-2026-507,Flash Burton,Rider,UMBC,,2026,False,Portal committed,2026-07-14T12:40:18+00:00
barttorvik-2026-302,Flory Bidunga,Kansas,Louisville,,2026,False,Portal committed,2026-07-14T12:40:18+00:00
barttorvik-2026-3684,Fontaine Williams,West Tex. A&M,Southeast Missouri St.,,2026,False,Portal committed,2026-07-14T12:40:18+00:00
barttorvik-2026-1144,Francis Folefac,Siena,Syracuse,,2026,False,Portal committed,2026-07-14T12:40:18+00:00
barttorvik-2026-1040,Franck Emmou,Texas St.,Tarleton St.,,2026,False,Portal committed,2026-07-14T12:40:18+00:00
barttorvik-2026-1857,Franck Kepnang,Washington,Kentucky,,2026,False,Portal committed,2026-07-14T12:40:18+00:00
barttorvik-2026-3093,Frankquon Sherman,Kennesaw St.,High Point,,2026,False,Portal committed,2026-07-14T12:40:18+00:00
barttorvik-2026-2974,Fraser Roxburgh,Manhattan,Washington St.,,2026,False,Portal committed,2026-07-14T12:40:18+00:00
barttorvik-2026-896,Freddie Dilione V,Penn St.,Georgia,,2026,False,Portal committed,2026-07-14T12:40:18+00:00
barttorvik-2026-3605,"Frederico Whitaker, Jr.",East Tennessee St.,Barton Community College,,2026,False,Portal committed,2026-07-14T12:40:18+00:00
barttorvik-2026-3300,Fredy-Salam Sylla,Arkansas St.,Southern Indiana,,2026,False,Portal committed,2026-07-14T12:40:18+00:00
barttorvik-2026-771,Gabe Cupps,Ohio St.,Illinois Chicago,,2026,False,Portal committed,2026-07-14T12:40:18+00:00
barttorvik-2026-976,Gabe Dynes,USC,Louisville,,2026,False,Portal committed,2026-07-14T12:40:18+00:00
barttorvik-2026-1502,Gabe Hernandez,The Citadel,Florida Southern,,2026,False,Portal committed,2026-07-14T12:40:18+00:00
barttorvik-2026-2562,Gabe Oldham,Denver,Drake,,2026,False,Portal committed,2026-07-14T12:40:18+00:00
barttorvik-2026-3546,Gabe Warren,Holy Cross,New Mexico St.,,2026,False,Portal committed,2026-07-14T12:40:18+00:00
barttorvik-2026-1959,Gage Lattimore,North Carolina Central,James Madison,,2026,False,Portal committed,2026-07-14T12:40:18+00:00
barttorvik-2026-1087,Garrett Falls,Metro State,UT Tyler,,2026,False,Portal committed,2026-07-14T12:40:18+00:00
barttorvik-2026-1722,Garrett Johnson,George Washington,South Florida,,2026,False,Portal committed,2026-07-14T12:40:18+00:00
barttorvik-2026-2517,Garrett Nuckolls,Portland,UT Tyler,,2026,False,Portal committed,2026-07-14T12:40:18+00:00
barttorvik-2026-3286,Garrett Sundra,Notre Dame,James Madison,,2026,False,Portal committed,2026-07-14T12:40:18+00:00
barttorvik-2026-949,Garwey Dual,McNeese St.,Syracuse,,2026,False,Portal committed,2026-07-14T12:40:18+00:00
barttorvik-2026-1901,Gasper Kocevar,Fresno St.,Howard,,2026,False,Portal committed,2026-07-14T12:40:18+00:00
barttorvik-2026-731,Gavin Cote,Clarion,Barry,,2026,False,Portal committed,2026-07-14T12:40:18+00:00
barttorvik-2026-937,Gavin Doty,Siena,Syracuse,,2026,False,Portal committed,2026-07-14T12:40:18+00:00
barttorvik-2026-1510,Gavin Hightower,South Florida,Providence,,2026,False,Portal committed,2026-07-14T12:40:18+00:00
barttorvik-2026-2149,Gavin Marrs,Oregon St.,Saint Joseph's,,2026,False,Portal committed,2026-07-14T12:40:18+00:00
barttorvik-2026-2902,Gavin Ripp,San Diego,Pacific,,2026,False,Portal committed,2026-07-14T12:40:18+00:00
barttorvik-2026-3299,Gavin Sykes,Long Beach St.,TCU,,2026,False,Portal committed,2026-07-14T12:40:18+00:00
barttorvik-2026-2510,Gehrig Normand,Santa Clara,SMU,,2026,False,Portal committed,2026-07-14T12:40:18+00:00
barttorvik-2026-1867,George Kimble III,Vanderbilt,Auburn,,2026,False,Portal committed,2026-07-14T12:40:18+00:00
barttorvik-2026-2453,George Natsvlishvili,North Dakota,Winthrop,,2026,False,Portal committed,2026-07-14T12:40:18+00:00
barttorvik-2026-2017,Gestin Liberis,Saint Francis,SIU Edwardsville,,2026,False,Portal committed,2026-07-14T12:40:18+00:00
barttorvik-2026-670,Gianni Cobb,Northern Illinois,SIU Edwardsville,,2026,False,Portal committed,2026-07-14T12:40:18+00:00
barttorvik-2026-3420,Ginuwine Tropnas,Lincoln PA,Gardner Webb,,2026,False,Portal committed,2026-07-14T12:40:18+00:00
barttorvik-2026-3026,Gio Sanford,Bryant,Southeastern Louisiana,,2026,False,Portal committed,2026-07-14T12:40:18+00:00
barttorvik-2026-2521,Godslove Nwabude,Eastern Michigan,Kent St.,,2026,False,Portal committed,2026-07-14T12:40:18+00:00
barttorvik-2026-1284,Grant Gondrezick II,Long Beach St.,Jacksonville St.,,2026,False,Portal committed,2026-07-14T12:40:18+00:00
barttorvik-2026-2833,Grant Randall,Quinnipiac,Dayton,,2026,False,Portal committed,2026-07-14T12:40:18+00:00
barttorvik-2026-3208,Gregory Spate,Chicago St.,Benedictine Mesa,,2026,False,Portal committed,2026-07-14T12:40:18+00:00
barttorvik-2026-2803,Greyson Pritzl,Lander,Indiana St.,,2026,False,Portal committed,2026-07-14T12:40:18+00:00
barttorvik-2026-3448,Greyson Uelmen,North Dakota,Northern Iowa,,2026,False,Portal committed,2026-07-14T12:40:18+00:00
barttorvik-2026-400,Grgur Brcic,Bucknell,Long Beach St.,,2026,False,Portal committed,2026-07-14T12:40:18+00:00
barttorvik-2026-1061,Gus Etchison,Idaho St.,IU Indy,,2026,False,Portal committed,2026-07-14T12:40:18+00:00
barttorvik-2026-3726,Gustav Winther,Northern Illinois,Evansville,,2026,False,Portal committed,2026-07-14T12:40:18+00:00
barttorvik-2026-978,Halvine Dzellat,Cincinnati,Seattle,,2026,False,Portal committed,2026-07-14T12:40:18+00:00
barttorvik-2026-2861,Harrison Reede,Incarnate Word,Buffalo,,2026,False,Portal committed,2026-07-14T12:40:18+00:00
barttorvik-2026-3554,Hassan Washington,Northern Illinois,Grambling St.,,2026,False,Portal committed,2026-07-14T12:40:18+00:00
barttorvik-2026-1709,Hayden Johns,Saint Anselm,Vermont,,2026,False,Portal committed,2026-07-14T12:40:18+00:00
barttorvik-2026-1960,Henry Lau,Pittsburgh,Long Beach St.,,2026,False,Portal committed,2026-07-14T12:40:18+00:00
barttorvik-2026-3135,Henry Sisemore,East Tennessee St.,UT Tyler,,2026,False,Portal committed,2026-07-14T12:40:18+00:00
barttorvik-2026-483,Heri Bukinga,Drake,Nebraska Omaha,,2026,False,Portal committed,2026-07-14T12:40:18+00:00
barttorvik-2026-1903,Hermann Koffi,Stonehill,Appalachian St.,,2026,False,Portal committed,2026-07-14T12:40:18+00:00
barttorvik-2026-2738,Holden Pierre-Louis,Cleveland St.,Quinnipiac,,2026,False,Portal committed,2026-07-14T12:40:18+00:00
barttorvik-2026-3112,Horace Simmons,Drexel,Rider,,2026,False,Portal committed,2026-07-14T12:40:18+00:00
barttorvik-2026-793,Houran Dan,Seattle,Hawaii,,2026,False,Portal committed,2026-07-14T12:40:18+00:00
barttorvik-2026-2188,Hudson Mayes,UC San Diego,New Mexico,,2026,False,Portal committed,2026-07-14T12:40:18+00:00
barttorvik-2026-3541,Hudson Ward,Western Michigan,Idaho,,2026,False,Portal committed,2026-07-14T12:40:18+00:00
barttorvik-2026-24,Hunter Adam,Davidson,Portland,,2026,False,Portal committed,2026-07-14T12:40:18+00:00
barttorvik-2026-578,Hunter Carter,Hawaii,Nicholls St.,,2026,False,Portal committed,2026-07-14T12:40:18+00:00
barttorvik-2026-1407,Hunter Harding,Indiana St.,Elon,,2026,False,Portal committed,2026-07-14T12:40:18+00:00
barttorvik-2026-2057,Hunter Lorenson,Minnesota Crookston,Rockhurst,,2026,False,Portal committed,2026-07-14T12:40:18+00:00
barttorvik-2026-3044,Hunter Schenck,Utah Tech,Salt Lake Community College,,2026,False,Portal committed,2026-07-14T12:40:18+00:00
barttorvik-2026-1031,Hussein Elmaraghy,Ferris State,Black Hills St.,,2026,False,Portal committed,2026-07-14T12:40:18+00:00
barttorvik-2026-1082,IJ Ezuma,Southern Miss,Bethune Cookman,,2026,False,Portal committed,2026-07-14T12:40:18+00:00
barttorvik-2026-3149,Ian Smikle,Tulsa,Northern Iowa,,2026,False,Portal committed,2026-07-14T12:40:18+00:00
barttorvik-2026-3197,Ibrahim Souare,Syracuse,Pittsburgh,,2026,False,Portal committed,2026-07-14T12:40:18+00:00
barttorvik-2026-3413,Ibrahima Traore,Utah,Morgan St.,,2026,False,Portal committed,2026-07-14T12:40:18+00:00
barttorvik-2026-1097,Ifaola Fawaz,Colorado,Florida Atlantic,,2026,False,Portal committed,2026-07-14T12:40:18+00:00
barttorvik-2026-3595,Ife West-Ingram,Albany,Jefferson,,2026,False,Portal committed,2026-07-14T12:40:18+00:00
barttorvik-2026-2707,Ifiok Peter,Western Illinois,Catawba,,2026,False,Portal committed,2026-07-14T12:40:18+00:00
barttorvik-2026-2307,Ilija Milijasevic,DePaul,Wright St.,,2026,False,Portal committed,2026-07-14T12:40:18+00:00
barttorvik-2026-3807,Imanuel Zorgvol,Youngstown St.,Hofstra,,2026,False,Portal committed,2026-07-14T12:40:18+00:00
barttorvik-2026-3279,Imran Suljanović,St. John's,New Mexico,,2026,False,Portal committed,2026-07-14T12:40:18+00:00
barttorvik-2026-352,Isaac Bonilla,Maine,American Int'l,,2026,False,Portal committed,2026-07-14T12:40:18+00:00
barttorvik-2026-464,Isaac Bruns,South Dakota,USC,,2026,False,Portal committed,2026-07-14T12:40:18+00:00
barttorvik-2026-596,Isaac Celiscar,Yale,Baylor,,2026,False,Portal committed,2026-07-14T12:40:18+00:00
barttorvik-2026-1127,Isaac Finlinson,Hawaii,Western Michigan,,2026,False,Portal committed,2026-07-14T12:40:18+00:00
barttorvik-2026-1229,Isaac Garrett,Oakland,High Point,,2026,False,Portal committed,2026-07-14T12:40:18+00:00
barttorvik-2026-1421,Isaac Harrell,Elon,Tarleton St.,,2026,False,Portal committed,2026-07-14T12:40:18+00:00
barttorvik-2026-2526,Isaac Nyakundi,Le Moyne,Augustana,,2026,False,Portal committed,2026-07-14T12:40:18+00:00
barttorvik-2026-14,Isaiah Abraham,Georgetown,Kansas St.,,2026,False,Portal committed,2026-07-14T12:40:18+00:00
barttorvik-2026-63,Isaiah Alexander,Minot St.,West Florida,,2026,False,Portal committed,2026-07-14T12:40:18+00:00
barttorvik-2026-204,Isaiah Barganier,Texas St.,Alabama St.,,2026,False,Portal committed,2026-07-14T12:40:18+00:00
barttorvik-2026-480,Isaiah Buckley,Shaw,North Carolina Central,,2026,False,Portal committed,2026-07-14T12:40:18+00:00
barttorvik-2026-684,Isaiah Coleman,Oklahoma St.,UTSA,,2026,False,Portal committed,2026-07-14T12:40:18+00:00
barttorvik-2026-1033,Isaiah Elohim,Florida Atlantic,Virginia Tech,,2026,False,Portal committed,2026-07-14T12:40:18+00:00
barttorvik-2026-1157,Isaiah Foster,Prairie View A&M,Wayland Baptist University,,2026,False,Portal committed,2026-07-14T12:40:18+00:00
barttorvik-2026-1716,Isaiah Johnson,Colorado,Texas,,2026,False,Portal committed,2026-07-14T12:40:18+00:00
barttorvik-2026-1755,Isaiah Johnson-Arigu,St. Thomas,Northern Iowa,,2026,False,Portal committed,2026-07-14T12:40:18+00:00
barttorvik-2026-2121,Isaiah Malone,Florida Gulf Coast,UCF,,2026,False,Portal committed,2026-07-14T12:40:18+00:00
barttorvik-2026-2137,Isaiah Manning,Sam Houston St.,Western Carolina,,2026,False,Portal committed,2026-07-14T12:40:18+00:00
barttorvik-2026-2199,Isaiah Mbeng,East Carolina,Elon,,2026,False,Portal committed,2026-07-14T12:40:18+00:00
barttorvik-2026-2268,Isaiah Medina,DePaul,Missouri St.,,2026,False,Portal committed,2026-07-14T12:40:18+00:00
barttorvik-2026-2334,Isaiah Miranda,LIU,Grambling St.,,2026,False,Portal committed,2026-07-14T12:40:18+00:00
barttorvik-2026-3080,Isaiah Shaw,Northern Arizona,Connecticut,,2026,False,Portal committed,2026-07-14T12:40:18+00:00
barttorvik-2026-3142,Isaiah Skinn,George Mason,Colgate,,2026,False,Portal committed,2026-07-14T12:40:18+00:00
barttorvik-2026-3245,Isaiah Stewart,Northern Illinois,Tennessee St.,,2026,False,Portal committed,2026-07-14T12:40:18+00:00
barttorvik-2026-3280,Isaiah Sullivan,Bridgeport,Delaware St.,,2026,False,Portal committed,2026-07-14T12:40:18+00:00
barttorvik-2026-3287,Isaiah Sutherland,East Tennessee St.,Green Bay,,2026,False,Portal committed,2026-07-14T12:40:18+00:00
barttorvik-2026-3297,Isaiah Sy,Oregon St.,San Diego St.,,2026,False,Portal committed,2026-07-14T12:40:18+00:00
barttorvik-2026-3483,Isaiah Vick,Wingate,Northwestern St.,,2026,False,Portal committed,2026-07-14T12:40:18+00:00
barttorvik-2026-3571,Isaiah Watts,Maryland,UTSA,,2026,False,Portal committed,2026-07-14T12:40:18+00:00
barttorvik-2026-1459,Isiah Harwell,Houston,Gonzaga,,2026,False,Portal committed,2026-07-14T12:40:18+00:00
barttorvik-2026-878,Ismaila Diagne,Gonzaga,San Francisco,,2026,False,Portal committed,2026-07-14T12:40:18+00:00
barttorvik-2026-2181,Ivan Matlekovic,North Carolina,Pacific,,2026,False,Portal committed,2026-07-14T12:40:18+00:00
barttorvik-2026-2652,Izaiah Pasha,Virginia Tech,Duquesne,,2026,False,Portal committed,2026-07-14T12:40:18+00:00
barttorvik-2026-1037,Izuchukwu Emelife,Lamar,Louisiana Tech,,2026,False,Portal committed,2026-07-14T12:40:18+00:00
barttorvik-2026-2897,J.C. Riley Jr.,Northwestern St.,Norfolk St.,,2026,False,Portal committed,2026-07-14T12:40:18+00:00
barttorvik-2026-1114,J.J. Ferrin,Wayne State (NE),Augustana,,2026,False,Portal committed,2026-07-14T12:40:18+00:00
barttorvik-2026-1169,J.J. Frakes,Oregon,Buffalo,,2026,False,Portal committed,2026-07-14T12:40:18+00:00
barttorvik-2026-1060,J.P. Estrella,Tennessee,Michigan,,2026,False,Portal committed,2026-07-14T12:40:18+00:00
barttorvik-2026-1670,J.R. Jacobs,Georgia Southwestern,Fairleigh Dickinson,,2026,False,Portal committed,2026-07-14T12:40:18+00:00
barttorvik-2026-1175,JB Frankel,Northeastern,Boston College,,2026,False,Portal committed,2026-07-14T12:40:18+00:00
barttorvik-2026-1842,JJ Kelly,Ohio,UTSA,,2026,False,Portal committed,2026-07-14T12:40:18+00:00
barttorvik-2026-2130,JJ Mandaquit,Washington,Arizona,,2026,False,Portal committed,2026-07-14T12:40:18+00:00
barttorvik-2026-2175,JJ Massaquoi,UMass Lowell,Southeastern Louisiana,,2026,False,Portal committed,2026-07-14T12:40:18+00:00
barttorvik-2026-2945,JT Rock,New Mexico,Kansas St.,,2026,False,Portal committed,2026-07-14T12:40:18+00:00
barttorvik-2026-2931,Ja'Corey Robinson,Austin Peay,Radford,,2026,False,Portal committed,2026-07-14T12:40:18+00:00
barttorvik-2026-2490,JaJuan Nicholls,Tennessee Tech,Southern Utah,,2026,False,Portal committed,2026-07-14T12:40:18+00:00
barttorvik-2026-797,JaVar Daniel,West Georgia,Tarleton St.,,2026,False,Portal committed,2026-07-14T12:40:18+00:00
barttorvik-2026-1134,Jabri Fitzpatrick,New Haven,Eastern Michigan,,2026,False,Portal committed,2026-07-14T12:40:18+00:00
barttorvik-2026-2133,Jac Mani,Fresno St.,Tarleton St.,,2026,False,Portal committed,2026-07-14T12:40:18+00:00
barttorvik-2026-411,Jacari Brim,Appalachian St.,N.C. State,,2026,False,Portal committed,2026-07-14T12:40:18+00:00
barttorvik-2026-2774,Jace Posey,TCU,UT Rio Grande Valley,,2026,False,Portal committed,2026-07-14T12:40:18+00:00
barttorvik-2026-3620,Jace Whiting,Weber St.,UTEP,,2026,False,Portal committed,2026-07-14T12:40:18+00:00
barttorvik-2026-808,Jack Daugherty,Illinois St.,Northern Illinois,,2026,False,Portal committed,2026-07-14T12:40:18+00:00
barttorvik-2026-990,Jack Edelen,Western Kentucky,Non-DI,,2026,False,Portal committed,2026-07-14T12:40:18+00:00
barttorvik-2026-1309,Jack Graham,New Hampshire,Marist,,2026,False,Portal committed,2026-07-14T12:40:18+00:00
barttorvik-2026-1816,Jack Karasinski,Bellarmine,Northwestern,,2026,False,Portal committed,2026-07-14T12:40:18+00:00
barttorvik-2026-2206,Jack McCaffery,Butler,Richmond,,2026,False,Portal committed,2026-07-14T12:40:18+00:00
barttorvik-2026-2266,Jack Medalie,Saint Anselm,Stonehill,,2026,False,Portal committed,2026-07-14T12:40:18+00:00
barttorvik-2026-2674,Jack Payne,Idaho,Long Beach St.,,2026,False,Portal committed,2026-07-14T12:40:18+00:00
barttorvik-2026-2850,Jack Reddick,Florida Gulf Coast,Central Missouri,,2026,False,Portal committed,2026-07-14T12:40:18+00:00
barttorvik-2026-2941,Jack Robison,Wisconsin,North Dakota St.,,2026,False,Portal committed,2026-07-14T12:40:18+00:00
barttorvik-2026-747,Jackson Crawford,Emory & Henry,Charleston Southern,,2026,False,Portal committed,2026-07-14T12:40:18+00:00
barttorvik-2026-1119,Jackson Fields,West Virginia,Georgia Tech,,2026,False,Portal committed,2026-07-14T12:40:18+00:00
barttorvik-2026-1203,Jackson Furman,Army,Southeastern Louisiana,,2026,False,Portal committed,2026-07-14T12:40:18+00:00
barttorvik-2026-1534,Jackson Holcombe,Utah Valley,Utah,,2026,False,Portal committed,2026-07-14T12:40:18+00:00
barttorvik-2026-1835,Jackson Keith,Butler,Davidson,,2026,False,Portal committed,2026-07-14T12:40:18+00:00
barttorvik-2026-2261,Jackson McVey,Georgia,Georgia Tech,,2026,False,Portal committed,2026-07-14T12:40:18+00:00
barttorvik-2026-2839,Jackson Rasmussen,Idaho,Oregon St.,,2026,False,Portal committed,2026-07-14T12:40:18+00:00
barttorvik-2026-3087,Jackson Shelstad,Oregon,Louisville,,2026,False,Portal committed,2026-07-14T12:40:18+00:00
barttorvik-2026-3143,Jackson Skipper,Vermont,Gardner Webb,,2026,False,Portal committed,2026-07-14T12:40:18+00:00
barttorvik-2026-3340,Jackson Thoele,Sul Ross St.,St. Edward's,,2026,False,Portal committed,2026-07-14T12:40:18+00:00
barttorvik-2026-199,Jacob Bannarbie,UNLV,Providence,,2026,False,Portal committed,2026-07-14T12:40:18+00:00
barttorvik-2026-394,Jacob Brandly,Queens,Molloy,,2026,False,Portal committed,2026-07-14T12:40:18+00:00
barttorvik-2026-801,Jacob Daniels,Lander,Wofford,,2026,False,Portal committed,2026-07-14T12:40:18+00:00
barttorvik-2026-803,Jacob Dar,Seton Hall,Rice,,2026,False,Portal committed,2026-07-14T12:40:18+00:00
barttorvik-2026-1204,Jacob Furphy,Connecticut,Boston College,,2026,False,Portal committed,2026-07-14T12:40:18+00:00
barttorvik-2026-1533,Jacob Hogarth,Gardner Webb,James Madison,,2026,False,Portal committed,2026-07-14T12:40:18+00:00
barttorvik-2026-2157,Jacob Martin,Alabama,SIU Edwardsville,,2026,False,Portal committed,2026-07-14T12:40:18+00:00
barttorvik-2026-2232,Jacob McFarland,Houston,Pacific,,2026,False,Portal committed,2026-07-14T12:40:18+00:00
barttorvik-2026-2291,Jacob Meyer,UAB,Georgia St.,,2026,False,Portal committed,2026-07-14T12:40:18+00:00
barttorvik-2026-2656,Jacob Patrick,Utah,SMU,,2026,False,Portal committed,2026-07-14T12:40:18+00:00
barttorvik-2026-3336,Jacob Theodosiou,Loyola MD,Duke,,2026,False,Portal committed,2026-07-14T12:40:18+00:00
barttorvik-2026-3513,Jacob Walker,Sam Houston St.,Oklahoma St.,,2026,False,Portal committed,2026-07-14T12:40:18+00:00
barttorvik-2026-3623,Jacobe Whitted,Tennessee Tech,North Alabama,,2026,False,Portal committed,2026-07-14T12:40:18+00:00
barttorvik-2026-1517,Jacoby Hill,Jacksonville St.,Kennesaw St.,,2026,False,Portal committed,2026-07-14T12:40:18+00:00
barttorvik-2026-1608,Jacoi Hutchinson,Longwood,Troy,,2026,False,Portal committed,2026-07-14T12:40:18+00:00
barttorvik-2026-1180,Jacolb Fredson-Cole,McNeese St.,Georgia St.,,2026,False,Portal committed,2026-07-14T12:40:18+00:00
barttorvik-2026-811,Jaden Daughtry,Richmond,Stony Brook,,2026,False,Portal committed,2026-07-14T12:40:18+00:00
barttorvik-2026-1371,Jaden Haire,Texas A&M Corpus Chris,Cal State Los Angeles,,2026,False,Portal committed,2026-07-14T12:40:18+00:00
barttorvik-2026-1647,Jaden Jackson,South Dakota St.,Georgia St.,,2026,False,Portal committed,2026-07-14T12:40:18+00:00
barttorvik-2026-1845,Jaden Kempson,Albany,Florida A&M,,2026,False,Portal committed,2026-07-14T12:40:18+00:00
barttorvik-2026-2180,Jaden Matingou,Point Loma,Hawaii,,2026,False,Portal committed,2026-07-14T12:40:18+00:00
barttorvik-2026-2321,Jaden Miller,East Central,Eastern Illinois,,2026,False,Portal committed,2026-07-14T12:40:18+00:00
barttorvik-2026-2481,Jaden Newell,Georgia,Jacksonville,,2026,False,Portal committed,2026-07-14T12:40:18+00:00
barttorvik-2026-3050,Jaden Schutt,Virginia Tech,Kansas St.,,2026,False,Portal committed,2026-07-14T12:40:18+00:00
barttorvik-2026-3165,Jaden Smith,Saint Joseph's,Ball St.,,2026,False,Portal committed,2026-07-14T12:40:18+00:00
barttorvik-2026-3329,Jaden Tengan,Cal State Monterey Bay,Long Beach St.,,2026,False,Portal committed,2026-07-14T12:40:18+00:00
barttorvik-2026-3724,Jaden Winston,Manhattan,Pacific,,2026,False,Portal committed,2026-07-14T12:40:18+00:00
barttorvik-2026-3803,Jaden Zimmerman,Quinnipiac,Grand Canyon,,2026,False,Portal committed,2026-07-14T12:40:18+00:00
barttorvik-2026-1756,Jadis Jones,Lindenwood,USC,,2026,False,Portal committed,2026-07-14T12:40:18+00:00
barttorvik-2026-2435,Jaeden Mustaf,Georgia Tech,Indiana,,2026,False,Portal committed,2026-07-14T12:40:18+00:00
barttorvik-2026-2918,Jaeden Roberts,Hofstra,Western Carolina,,2026,False,Portal committed,2026-07-14T12:40:18+00:00
barttorvik-2026-432,Jaedyn Brown,Idaho St.,Saint Martin's,,2026,False,Portal committed,2026-07-14T12:40:18+00:00
barttorvik-2026-2161,Jael Martin,Loyola Marymount,Cal St. Northridge,,2026,False,Portal committed,2026-07-14T12:40:18+00:00
barttorvik-2026-2477,Jaelen Nelson,Edward Waters,Denver,,2026,False,Portal committed,2026-07-14T12:40:18+00:00
barttorvik-2026-1981,Jaelyn Lee,Texas St.,Prairie View A&M,,2026,False,Portal committed,2026-07-14T12:40:18+00:00
barttorvik-2026-88,Jaevian Alston,Mount Olive,Coastal Carolina,,2026,False,Portal committed,2026-07-14T12:40:18+00:00
barttorvik-2026-2163,Jafeth Martinez,USC Upstate,UT Rio Grande Valley,,2026,False,Portal committed,2026-07-14T12:40:18+00:00
barttorvik-2026-2676,Jah'Kim Payne,Tennessee Tech,Clark Atlanta,,2026,False,Portal committed,2026-07-14T12:40:18+00:00
barttorvik-2026-1874,Jah'Likai King,UMBC,Little Rock,,2026,False,Portal committed,2026-07-14T12:40:18+00:00
barttorvik-2026-2048,Jahari Long,George Mason,Wichita St.,,2026,False,Portal committed,2026-07-14T12:40:18+00:00
barttorvik-2026-3700,Jahari Williamson,Kent St.,Pepperdine,,2026,False,Portal committed,2026-07-14T12:40:18+00:00
barttorvik-2026-1354,Jahki Gupton,Saint Peter's,Norfolk St.,,2026,False,Portal committed,2026-07-14T12:40:18+00:00
barttorvik-2026-1578,Jahki Howard,Utah,LIU,,2026,False,Portal committed,2026-07-14T12:40:18+00:00
barttorvik-2026-1104,Jahseem Felton,Seton Hall,Alcorn St.,,2026,False,Portal committed,2026-07-14T12:40:18+00:00
barttorvik-2026-124,Jai Anthoni Bearden,Ball St.,Casper College,,2026,False,Portal committed,2026-07-14T12:40:18+00:00
barttorvik-2026-2484,Jakai Newton,Georgia St.,UMass Lowell,,2026,False,Portal committed,2026-07-14T12:40:18+00:00
barttorvik-2026-3018,Jakai Sanders,Le Moyne,Monmouth,,2026,False,Portal committed,2026-07-14T12:40:18+00:00
barttorvik-2026-1115,Jake Fiegen,Cornell,Villanova,,2026,False,Portal committed,2026-07-14T12:40:18+00:00
barttorvik-2026-1397,Jake Hansen,Oklahoma,Milwaukee,,2026,False,Portal committed,2026-07-14T12:40:18+00:00
barttorvik-2026-3506,Jake Wahlin,Clemson,BYU,,2026,False,Portal committed,2026-07-14T12:40:18+00:00
barttorvik-2026-3634,Jake Wilkins,Georgia,California,,2026,False,Portal committed,2026-07-14T12:40:18+00:00
barttorvik-2026-2782,Jakel Powell,UNC Asheville,Lander,,2026,False,Portal committed,2026-07-14T12:40:18+00:00
barttorvik-2026-2470,Jakub Necas,Duquesne,South Carolina,,2026,False,Portal committed,2026-07-14T12:40:18+00:00
barttorvik-2026-2069,Jaland Lowe,Kentucky,Georgetown,,2026,False,Portal committed,2026-07-14T12:40:18+00:00
barttorvik-2026-457,Jalen Brown,Cal St. Dominguez Hills,Montana,,2026,False,Portal committed,2026-07-14T12:40:18+00:00
barttorvik-2026-739,Jalen Cox,Colgate,USC,,2026,False,Portal committed,2026-07-14T12:40:18+00:00
barttorvik-2026-1337,Jalen Griffith,Western Michigan,Eastern Washington,,2026,False,Portal committed,2026-07-14T12:40:18+00:00
barttorvik-2026-1403,Jalen Haralson,Notre Dame,Tennessee,,2026,False,Portal committed,2026-07-14T12:40:18+00:00
barttorvik-2026-1476,Jalen Haynes,Cincinnati,Dayton,,2026,False,Portal committed,2026-07-14T12:40:18+00:00
barttorvik-2026-1979,Jalen Lee,Southern Utah,Clark Atlanta,,2026,False,Portal committed,2026-07-14T12:40:18+00:00
barttorvik-2026-2753,Jalen Pitre,Tennessee St.,Buffalo,,2026,False,Portal committed,2026-07-14T12:40:18+00:00
barttorvik-2026-2853,Jalen Reece,LSU,Texas A&M,,2026,False,Portal committed,2026-07-14T12:40:18+00:00
barttorvik-2026-2855,Jalen Reed,LSU,Michigan,,2026,False,Portal committed,2026-07-14T12:40:18+00:00
barttorvik-2026-3086,Jalen Shelley,Loyola Marymount,Texas A&M,,2026,False,Portal committed,2026-07-14T12:40:18+00:00
barttorvik-2026-963,Jalik Dunkley,Nicholls St.,Robert Morris,,2026,False,Portal committed,2026-07-14T12:40:18+00:00
barttorvik-2026-292,Jalil Bethea,Alabama,Pittsburgh,,2026,False,Portal committed,2026-07-14T12:40:18+00:00
barttorvik-2026-1211,Jalyke Gaines-Wyatt,Hampton,Southern Miss,,2026,False,Portal committed,2026-07-14T12:40:18+00:00
barttorvik-2026-1102,Jamai Felt,Temple,Little Rock,,2026,False,Portal committed,2026-07-14T12:40:18+00:00
barttorvik-2026-2305,Jamal Miles,South Carolina St.,Salisbury University,,2026,False,Portal committed,2026-07-14T12:40:18+00:00
barttorvik-2026-2228,Jamari McDowell,Kansas,Wake Forest,,2026,False,Portal committed,2026-07-14T12:40:18+00:00
barttorvik-2026-2726,Jamari Phillips,Oregon,Washington St.,,2026,False,Portal committed,2026-07-14T12:40:18+00:00
barttorvik-2026-645,Jamaria Clark,UMKC,Nebraska Kearney,,2026,False,Portal committed,2026-07-14T12:40:18+00:00
barttorvik-2026-838,Jamarion Davis-Fleming,Mississippi St.,Alabama,,2026,False,Portal committed,2026-07-14T12:40:18+00:00
barttorvik-2026-2387,Jameel Morris,Alcorn St.,Bethune Cookman,,2026,False,Portal committed,2026-07-14T12:40:18+00:00
barttorvik-2026-2892,Jameel Rideout,North Georgia,Lander,,2026,False,Portal committed,2026-07-14T12:40:18+00:00
barttorvik-2026-3589,Jameel Wesley II,Henderson St.,UT Tyler,,2026,False,Portal committed,2026-07-14T12:40:18+00:00
barttorvik-2026-440,James Brown,North Carolina,Howard,,2026,False,Portal committed,2026-07-14T12:40:18+00:00
barttorvik-2026-1063,James Evans Jr.,Cal St. Northridge,UC Riverside,,2026,False,Portal committed,2026-07-14T12:40:18+00:00
barttorvik-2026-2394,James Morrow,South Carolina St.,Jacksonville,,2026,False,Portal committed,2026-07-14T12:40:18+00:00
barttorvik-2026-2501,James Nnaji,Baylor,George Mason,,2026,False,Portal committed,2026-07-14T12:40:18+00:00
barttorvik-2026-3059,James Scott,Mississippi,Georgia,,2026,False,Portal committed,2026-07-14T12:40:18+00:00
barttorvik-2026-3216,James Spencer III,Sioux Falls,Purdue Northwest,,2026,False,Portal committed,2026-07-14T12:40:18+00:00
barttorvik-2026-1806,"Jamie Kaiser, Jr.",Butler,Richmond,,2026,False,Portal committed,2026-07-14T12:40:18+00:00
barttorvik-2026-2723,Jamie Phillips Jr.,Stetson,Jacksonville,,2026,False,Portal committed,2026-07-14T12:40:18+00:00
barttorvik-2026-1764,Jamier Jones,Providence,Missouri,,2026,False,Portal committed,2026-07-14T12:40:18+00:00
barttorvik-2026-2309,Jamil Miller,Kennesaw St.,Eastern Washington,,2026,False,Portal committed,2026-07-14T12:40:18+00:00
barttorvik-2026-3485,Jan Vide,Loyola Marymount,Virginia,,2026,False,Portal committed,2026-07-14T12:40:18+00:00
barttorvik-2026-2842,Janusz Ratowski,Stetson,UTEP,,2026,False,Portal committed,2026-07-14T12:40:18+00:00
barttorvik-2026-2404,Japhet Moupadele,San Jose St.,Youngstown St.,,2026,False,Portal committed,2026-07-14T12:40:18+00:00
barttorvik-2026-1729,Jaquan Johnson,Bradley,Iowa St.,,2026,False,Portal committed,2026-07-14T12:40:18+00:00
barttorvik-2026-2835,Jaquay Randolph,Southern Wesleyan,Portland St.,,2026,False,Portal committed,2026-07-14T12:40:18+00:00
barttorvik-2026-287,Jared Berry,Embry-Riddle (FL),Nova Southeastern,,2026,False,Portal committed,2026-07-14T12:40:18+00:00
barttorvik-2026-1187,Jared Frey,UMass Lowell,Hawaii Pacific,,2026,False,Portal committed,2026-07-14T12:40:18+00:00
barttorvik-2026-1426,Jared Harris,Wyoming,Prairie View A&M,,2026,False,Portal committed,2026-07-14T12:40:18+00:00
barttorvik-2026-2397,Jaren Morton,Franklin Pierce,Southern Wesleyan,,2026,False,Portal committed,2026-07-14T12:40:18+00:00
barttorvik-2026-1034,Jarne Elouna Eyenga,Charlotte,Rice,,2026,False,Portal committed,2026-07-14T12:40:18+00:00
barttorvik-2026-2304,Jasai Miles,Indiana,Loyola Marymount,,2026,False,Portal committed,2026-07-14T12:40:18+00:00
barttorvik-2026-654,Jason Clarke Jr.,Appalachian St.,IU Indy,,2026,False,Portal committed,2026-07-14T12:40:18+00:00
barttorvik-2026-947,Jason Drake,Indiana,Temple,,2026,False,Portal committed,2026-07-14T12:40:18+00:00
barttorvik-2026-1148,Jason Fontenet II,UC Santa Barbara,Rhode Island,,2026,False,Portal committed,2026-07-14T12:40:18+00:00
barttorvik-2026-1868,Jason Kimbrough Jr.,Bowling Green,Texas Southern,,2026,False,Portal committed,2026-07-14T12:40:18+00:00
barttorvik-2026-2910,Jason Rivera-Torres,Monmouth,High Point,,2026,False,Portal committed,2026-07-14T12:40:18+00:00
barttorvik-2026-3048,Jason Schofield,Marist,Loyola Chicago,,2026,False,Portal committed,2026-07-14T12:40:18+00:00
barttorvik-2026-1723,Jasper Johnson,Kentucky,Oregon,,2026,False,Portal committed,2026-07-14T12:40:18+00:00
barttorvik-2026-477,Javan Buchanan,Boise St.,West Virginia,,2026,False,Portal committed,2026-07-14T12:40:18+00:00
barttorvik-2026-998,Javante Edwards,Canisius,Alabama A&M,,2026,False,Portal committed,2026-07-14T12:40:18+00:00
barttorvik-2026-677,Javen Colbert,Troy,Odessa College,,2026,False,Portal committed,2026-07-14T12:40:18+00:00
barttorvik-2026-1359,Javion Guy-King,Central Arkansas,Ball St.,,2026,False,Portal committed,2026-07-14T12:40:18+00:00
barttorvik-2026-10,Jax Abernathy,Trevecca Nazarene,Alabama Huntsville,,2026,False,Portal committed,2026-07-14T12:40:18+00:00
barttorvik-2026-994,Jaxon Edwards,IU Indy,Green Bay,,2026,False,Portal committed,2026-07-14T12:40:18+00:00
barttorvik-2026-2574,Jaxon Olvera,Louisiana,Portland,,2026,False,Portal committed,2026-07-14T12:40:18+00:00
barttorvik-2026-2633,Jaxon Pardon,Bowling Green,Indiana Institute of Technology,,2026,False,Portal committed,2026-07-14T12:40:18+00:00
barttorvik-2026-2808,Jaxon Prunty,Charleston,Western Carolina,,2026,False,Portal committed,2026-07-14T12:40:18+00:00
barttorvik-2026-3175,Jaxon Smith,Fort Lewis,Black Hills St.,,2026,False,Portal committed,2026-07-14T12:40:18+00:00
barttorvik-2026-256,Jaxson Bell,Army,Furman,,2026,False,Portal committed,2026-07-14T12:40:18+00:00
barttorvik-2026-1150,Jaxson Ford,Sam Houston St.,East Texas A&M,,2026,False,Portal committed,2026-07-14T12:40:18+00:00
barttorvik-2026-2946,Jay Rodgers,Central Connecticut,Penn St.,,2026,False,Portal committed,2026-07-14T12:40:18+00:00
barttorvik-2026-2964,Jay Rose,Pitt.-Johnstown,Slippery Rock,,2026,False,Portal committed,2026-07-14T12:40:18+00:00
barttorvik-2026-3517,Jayan Walker,Indiana St.,Alcorn St.,,2026,False,Portal committed,2026-07-14T12:40:18+00:00
barttorvik-2026-714,Jayden Cooper,South Alabama,East Tennessee St.,,2026,False,Portal committed,2026-07-14T12:40:18+00:00
barttorvik-2026-788,Jayden Daisy,California (PA),Mount Olive,,2026,False,Portal committed,2026-07-14T12:40:18+00:00
barttorvik-2026-1154,Jayden Forsythe,West Virginia,William & Mary,,2026,False,Portal committed,2026-07-14T12:40:18+00:00
barttorvik-2026-1155,Jayden Fort,Georgetown,Charlotte,,2026,False,Portal committed,2026-07-14T12:40:18+00:00
barttorvik-2026-1425,Jayden Harris,Eastern Kentucky,UMass Lowell,,2026,False,Portal committed,2026-07-14T12:40:18+00:00
barttorvik-2026-1462,Jayden Hastings,Boston College,Cincinnati,,2026,False,Portal committed,2026-07-14T12:40:18+00:00
barttorvik-2026-1713,Jayden Johnson,South Carolina St.,Bowling Green,,2026,False,Portal committed,2026-07-14T12:40:18+00:00
barttorvik-2026-2868,Jayden Reid,Northwestern,Memphis,,2026,False,Portal committed,2026-07-14T12:40:18+00:00
barttorvik-2026-3324,Jayden Teat,Sacramento St.,Le Moyne,,2026,False,Portal committed,2026-07-14T12:40:18+00:00
barttorvik-2026-3444,Jayden Tyler,Wofford,Youngstown St.,,2026,False,Portal committed,2026-07-14T12:40:18+00:00
barttorvik-2026-3567,Jayden Watson,Valparaiso,Northwood,,2026,False,Portal committed,2026-07-14T12:40:18+00:00
barttorvik-2026-3659,Jayden Williams,Incarnate Word,Jackson St.,,2026,False,Portal committed,2026-07-14T12:40:18+00:00
barttorvik-2026-678,Jaydon Cole,Mercer,Coastal Georgia,,2026,False,Portal committed,2026-07-14T12:40:18+00:00
barttorvik-2026-2451,Jaye Nash,Jacksonville St.,Connecticut,,2026,False,Portal committed,2026-07-14T12:40:18+00:00
barttorvik-2026-560,Jaylen Carey,Tennessee,Missouri,,2026,False,Portal committed,2026-07-14T12:40:18+00:00
barttorvik-2026-755,Jaylen Cross,Wake Forest,Coastal Carolina,,2026,False,Portal committed,2026-07-14T12:40:18+00:00
barttorvik-2026-772,Jaylen Curry,Oklahoma St.,Virginia Tech,,2026,False,Portal committed,2026-07-14T12:40:18+00:00
barttorvik-2026-1422,Jaylen Harrell,Providence,Washington St.,,2026,False,Portal committed,2026-07-14T12:40:18+00:00
barttorvik-2026-1775,Jaylen Jones,Jacksonville,Bethune Cookman,,2026,False,Portal committed,2026-07-14T12:40:18+00:00
barttorvik-2026-2685,Jaylen Pazon,VMI,Chicago St.,,2026,False,Portal committed,2026-07-14T12:40:18+00:00
barttorvik-2026-2718,Jaylen Petty,Texas Tech,UCLA,,2026,False,Portal committed,2026-07-14T12:40:18+00:00
barttorvik-2026-2935,Jaylen Robinson,Richmond,Sacred Heart,,2026,False,Portal committed,2026-07-14T12:40:18+00:00
barttorvik-2026-3163,Jaylen Smith,East Tennessee St.,UMKC,,2026,False,Portal committed,2026-07-14T12:40:18+00:00
barttorvik-2026-3378,Jaylen Thompson,Stanford,Pacific,,2026,False,Portal committed,2026-07-14T12:40:18+00:00
barttorvik-2026-3550,Jaylen Washington,UT Rio Grande Valley,Western Michigan,,2026,False,Portal committed,2026-07-14T12:40:18+00:00
barttorvik-2026-3599,Jaylen Wharton,Northern Illinois,Prairie View A&M,,2026,False,Portal committed,2026-07-14T12:40:18+00:00
barttorvik-2026-1565,Jaylin Horsey,Goldey-Beacom,Pace,,2026,False,Portal committed,2026-07-14T12:40:18+00:00
barttorvik-2026-2675,Jaylin Payne,Longwood,FIU,,2026,False,Portal committed,2026-07-14T12:40:18+00:00
barttorvik-2026-3250,Jaylin Stewart,Connecticut,SMU,,2026,False,Portal committed,2026-07-14T12:40:18+00:00
barttorvik-2026-847,Jaylon Dean-Vines,Vanderbilt,McNeese St.,,2026,False,Portal committed,2026-07-14T12:40:18+00:00
barttorvik-2026-1911,Jayme Kontuniemi,N.C. State,Troy,,2026,False,Portal committed,2026-07-14T12:40:18+00:00
barttorvik-2026-2717,Jayson Petty,UMKC,Central Michigan,,2026,False,Portal committed,2026-07-14T12:40:18+00:00
barttorvik-2026-1419,Jaziah Harper,Maryland,North Dakota St.,,2026,False,Portal committed,2026-07-14T12:40:18+00:00
barttorvik-2026-1489,Jazz Henderson,Texas Tech,Ball St.,,2026,False,Portal committed,2026-07-14T12:40:18+00:00
barttorvik-2026-2030,Ja’Corey Lipkins,Purdue Fort Wayne,UNC Asheville,,2026,False,Portal committed,2026-07-14T12:40:18+00:00
barttorvik-2026-3791,Jean Yvens Lafleur,Tennessee St.,Louisiana Monroe,,2026,False,Portal committed,2026-07-14T12:40:18+00:00
barttorvik-2026-2522,Jeff Nwankwo,Oklahoma,Youngstown St.,,2026,False,Portal committed,2026-07-14T12:40:18+00:00
barttorvik-2026-2250,Jefferson McLamb,Mount Olive,Charleston Southern,,2026,False,Portal committed,2026-07-14T12:40:18+00:00
barttorvik-2026-1379,Jelani Hamilton,Georgia St.,Florida Atlantic,,2026,False,Portal committed,2026-07-14T12:40:18+00:00
barttorvik-2026-119,Jeremiah Anderson,Felician,Merrimack,,2026,False,Portal committed,2026-07-14T12:40:18+00:00
barttorvik-2026-618,Jeremiah Cherry,Sacramento St.,San Diego St.,,2026,False,Portal committed,2026-07-14T12:40:18+00:00
barttorvik-2026-933,Jeremiah Dorsey,Jefferson,Idaho St.,,2026,False,Portal committed,2026-07-14T12:40:18+00:00
barttorvik-2026-1302,Jeremiah Gorham,Chestnut Hill,Adelphi,,2026,False,Portal committed,2026-07-14T12:40:18+00:00
barttorvik-2026-1712,Jeremiah Johnson,Campbell,Tulsa,,2026,False,Portal committed,2026-07-14T12:40:18+00:00
barttorvik-2026-1783,Jeremiah Jones,Washburn,Lamar,,2026,False,Portal committed,2026-07-14T12:40:18+00:00
barttorvik-2026-2035,Jeremiah Littlejohn,Robert Morris,Indiana (PA),,2026,False,Portal committed,2026-07-14T12:40:18+00:00
barttorvik-2026-3635,Jeremiah Wilkinson,Georgia,Arkansas,,2026,False,Portal committed,2026-07-14T12:40:18+00:00
barttorvik-2026-663,Jeremy Clayville,NJIT,Le Moyne,,2026,False,Portal committed,2026-07-14T12:40:18+00:00
barttorvik-2026-1035,Jeremy Elyzee,Southeastern Louisiana,UAB,,2026,False,Portal committed,2026-07-14T12:40:18+00:00
barttorvik-2026-1162,Jeremy Foumena,UCF,UNLV,,2026,False,Portal committed,2026-07-14T12:40:18+00:00
barttorvik-2026-2058,Jeremy Lorenz,DePaul,St. Thomas,,2026,False,Portal committed,2026-07-14T12:40:18+00:00
barttorvik-2026-3366,Jeremy Thomas II,Clarion,Nova Southeastern,,2026,False,Portal committed,2026-07-14T12:40:18+00:00
barttorvik-2026-682,Jermaine Coleman,St. Thomas,Youngstown St.,,2026,False,Portal committed,2026-07-14T12:40:18+00:00
barttorvik-2026-3556,Jermaine Washington,San Jose St.,New Mexico St.,,2026,False,Portal committed,2026-07-14T12:40:18+00:00
barttorvik-2026-2396,Jerone Morton,Washington St.,Kentucky,,2026,False,Portal committed,2026-07-14T12:40:18+00:00
barttorvik-2026-3227,Jerquarius Stanback,Alabama St.,Boise St.,,2026,False,Portal committed,2026-07-14T12:40:18+00:00
barttorvik-2026-864,Jerry Deng,N.C. State,Memphis,,2026,False,Portal committed,2026-07-14T12:40:18+00:00
barttorvik-2026-985,Jerry Easter II,USC,Oregon,,2026,False,Portal committed,2026-07-14T12:40:18+00:00
barttorvik-2026-2263,Jesse Mcintosh,South Dakota,William & Mary,,2026,False,Portal committed,2026-07-14T12:40:18+00:00
barttorvik-2026-2361,Jett Montgomery,Southern Miss,Trevecca Nazarene,,2026,False,Portal committed,2026-07-14T12:40:18+00:00
barttorvik-2026-1520,Jevon Hill,Central Missouri,San Diego,,2026,False,Portal committed,2026-07-14T12:40:18+00:00
barttorvik-2026-1678,Jimma James,Queens,Southern,,2026,False,Portal committed,2026-07-14T12:40:18+00:00
barttorvik-2026-3650,Jimmie Williams,Duquesne,Ohio St.,,2026,False,Portal committed,2026-07-14T12:40:18+00:00
barttorvik-2026-1681,Jizzle James,Cincinnati,Charlotte,,2026,False,Portal committed,2026-07-14T12:40:18+00:00
barttorvik-2026-3461,Jo Van Buggenhout,Indiana St.,Sacred Heart,,2026,False,Portal committed,2026-07-14T12:40:18+00:00
barttorvik-2026-3528,JoJo Wallace,Southern New Hampshire,Sacred Heart,,2026,False,Portal committed,2026-07-14T12:40:18+00:00
barttorvik-2026-604,Joah Chappelle,Georgia St.,Indiana St.,,2026,False,Portal committed,2026-07-14T12:40:18+00:00
barttorvik-2026-807,Joao Das Chagas,UAB,Sacramento St.,,2026,False,Portal committed,2026-07-14T12:40:18+00:00
barttorvik-2026-1604,Joe Hurlburt,Davidson,The Citadel,,2026,False,Portal committed,2026-07-14T12:40:18+00:00
barttorvik-2026-1166,Joel Foxwell,Portland,Arizona St.,,2026,False,Portal committed,2026-07-14T12:40:18+00:00
barttorvik-2026-600,Joey Chammaa,Arkansas St.,San Jose St.,,2026,False,Portal committed,2026-07-14T12:40:18+00:00
barttorvik-2026-2418,Johan Munch,Oregon St.,SMU,,2026,False,Portal committed,2026-07-14T12:40:18+00:00
barttorvik-2026-166,John Awoke,Wagner,Morgan St.,,2026,False,Portal committed,2026-07-14T12:40:18+00:00
barttorvik-2026-317,John Blackwell,Wisconsin,Duke,,2026,False,Portal committed,2026-07-14T12:40:18+00:00
barttorvik-2026-425,John Broom,South Alabama,Vermont,,2026,False,Portal committed,2026-07-14T12:40:18+00:00
barttorvik-2026-1932,"John Laboy, II",Miami FL,Fordham,,2026,False,Portal committed,2026-07-14T12:40:18+00:00
barttorvik-2026-573,Jon Carroll,Morehead St.,Drake,,2026,False,Portal committed,2026-07-14T12:40:18+00:00
barttorvik-2026-2134,Jon Mani,Colorado,UNC Greensboro,,2026,False,Portal committed,2026-07-14T12:40:18+00:00
barttorvik-2026-2276,Jon Mekonnen,Colorado St.,South Dakota St.,,2026,False,Portal committed,2026-07-14T12:40:18+00:00
barttorvik-2026-1201,Jonah Funk,South Dakota,Upper Iowa,,2026,False,Portal committed,2026-07-14T12:40:18+00:00
barttorvik-2026-3134,Jonas Sirtautas,Loyola MD,Georgia St.,,2026,False,Portal committed,2026-07-14T12:40:18+00:00
barttorvik-2026-1340,Jonathan Griman,Cal Baptist,Arizona St.,,2026,False,Portal committed,2026-07-14T12:40:18+00:00
barttorvik-2026-2783,Jonathan Powell,North Carolina,Pittsburgh,,2026,False,Portal committed,2026-07-14T12:40:18+00:00
barttorvik-2026-321,Jordan Blair,CSU Pueblo,Missouri St.,,2026,False,Portal committed,2026-07-14T12:40:18+00:00
barttorvik-2026-410,Jordan Briggs,Wayne St. (MI),Detroit Mercy,,2026,False,Portal committed,2026-07-14T12:40:18+00:00
barttorvik-2026-437,Jordan Brown,UNC Greensboro,Southern Utah,,2026,False,Portal committed,2026-07-14T12:40:18+00:00
barttorvik-2026-495,Jordan Burks,UCF,Oklahoma St.,,2026,False,Portal committed,2026-07-14T12:40:18+00:00
barttorvik-2026-514,Jordan Butler,South Carolina,Furman,,2026,False,Portal committed,2026-07-14T12:40:18+00:00
barttorvik-2026-650,Jordan Clark,Central Washington,Montana,,2026,False,Portal committed,2026-07-14T12:40:18+00:00
barttorvik-2026-659,Jordan Clayton,Northwestern,Massachusetts,,2026,False,Portal committed,2026-07-14T12:40:18+00:00
barttorvik-2026-660,Jordan Clayton,California (PA),Chowan,,2026,False,Portal committed,2026-07-14T12:40:18+00:00
barttorvik-2026-743,Jordan Crawford,South Dakota,Missouri,,2026,False,Portal committed,2026-07-14T12:40:18+00:00
barttorvik-2026-1022,Jordan Ellerbee,Florida Gulf Coast,Butler,,2026,False,Portal committed,2026-07-14T12:40:18+00:00
barttorvik-2026-1191,Jordan Frison,Chattanooga,Wichita St.,,2026,False,Portal committed,2026-07-14T12:40:18+00:00
barttorvik-2026-2071,Jordan Lowery,UT Arlington,Cleveland St.,,2026,False,Portal committed,2026-07-14T12:40:18+00:00
barttorvik-2026-2150,Jordan Marsh,USC,Temple,,2026,False,Portal committed,2026-07-14T12:40:18+00:00
barttorvik-2026-2347,Jordan Mizell,Tarleton St.,Texas A&M Corpus Chris,,2026,False,Portal committed,2026-07-14T12:40:18+00:00
barttorvik-2026-2819,Jordan Pyke,Incarnate Word,Arkansas St.,,2026,False,Portal committed,2026-07-14T12:40:18+00:00
barttorvik-2026-2955,Jordan Rogers,NJIT,Denver,,2026,False,Portal committed,2026-07-14T12:40:18+00:00
barttorvik-2026-2968,Jordan Ross,Georgia,California,,2026,False,Portal committed,2026-07-14T12:40:18+00:00
barttorvik-2026-3253,Jordan Stiemke,Loyola MD,Jacksonville St.,,2026,False,Portal committed,2026-07-14T12:40:18+00:00
barttorvik-2026-3662,Jordan Williams,Rice,Maryland,,2026,False,Portal committed,2026-07-14T12:40:18+00:00
barttorvik-2026-958,Jordann Dumont,VCU,Tulane,,2026,False,Portal committed,2026-07-14T12:40:18+00:00
barttorvik-2026-423,Jorden Brooks,Central Michigan,Ferris State,,2026,False,Portal committed,2026-07-14T12:40:18+00:00
barttorvik-2026-2949,Jordi Rodriguez,Cincinnati,Charlotte,,2026,False,Portal committed,2026-07-14T12:40:18+00:00
barttorvik-2026-207,Jordy Barnes,Utah St.,Utah Valley,,2026,False,Portal committed,2026-07-14T12:40:18+00:00
barttorvik-2026-478,Jordyn Buchanan,California (PA),East Carolina,,2026,False,Portal committed,2026-07-14T12:40:18+00:00
barttorvik-2026-1826,Jordyn Kee,Miami FL,Radford,,2026,False,Portal committed,2026-07-14T12:40:18+00:00
barttorvik-2026-2916,Jose Roberto Tanchyn,UMBC,San Diego,,2026,False,Portal committed,2026-07-14T12:40:18+00:00
barttorvik-2026-78,Joseph Allen III,Bowie St.,Fayetteville St.,,2026,False,Portal committed,2026-07-14T12:40:18+00:00
barttorvik-2026-3054,Joseph Scott,Abilene Christian,Alabama St.,,2026,False,Portal committed,2026-07-14T12:40:18+00:00
barttorvik-2026-185,Josh Baldwin,Cornell,William & Mary,,2026,False,Portal committed,2026-07-14T12:40:18+00:00
barttorvik-2026-917,Josh Dixon,Milwaukee,Georgia Southern,,2026,False,Portal committed,2026-07-14T12:40:18+00:00
barttorvik-2026-1424,Josh Harris,Indiana,Florida Atlantic,,2026,False,Portal committed,2026-07-14T12:40:18+00:00
barttorvik-2026-1543,Josh Holloway,Texas A&M,Memphis,,2026,False,Portal committed,2026-07-14T12:40:18+00:00
barttorvik-2026-1545,Josh Holman,Mississippi Col.,West Va. Wesleyan,,2026,False,Portal committed,2026-07-14T12:40:18+00:00
barttorvik-2026-1618,Josh Ibukunoluwa,High Point,Bradley,,2026,False,Portal committed,2026-07-14T12:40:18+00:00
barttorvik-2026-2732,Josh Pickett,Presbyterian,LIU,,2026,False,Portal committed,2026-07-14T12:40:18+00:00
barttorvik-2026-3151,Josh Smith,West Georgia,Duquesne,,2026,False,Portal committed,2026-07-14T12:40:18+00:00
barttorvik-2026-3411,Josh Townley-Thomas,Creighton,South Dakota,,2026,False,Portal committed,2026-07-14T12:40:18+00:00
barttorvik-2026-792,Joshua Dalton,Loyola Marymount,Elon,,2026,False,Portal committed,2026-07-14T12:40:18+00:00
barttorvik-2026-1019,Joshua Eli,Army,Western Illinois,,2026,False,Portal committed,2026-07-14T12:40:18+00:00
barttorvik-2026-1587,Joshua Hughes,Evansville,USC,,2026,False,Portal committed,2026-07-14T12:40:18+00:00
barttorvik-2026-2006,Joshua Lewis,Louisiana,South Florida,,2026,False,Portal committed,2026-07-14T12:40:18+00:00
barttorvik-2026-3753,Joshua Wyche,Lafayette,VCU,,2026,False,Portal committed,2026-07-14T12:40:18+00:00
barttorvik-2026-1433,Josiah Harris,Cleveland St.,Louisiana,,2026,False,Portal committed,2026-07-14T12:40:18+00:00
barttorvik-2026-1973,Josiah LeGree,Morehead St.,UTSA,,2026,False,Portal committed,2026-07-14T12:40:18+00:00
barttorvik-2026-2637,Josiah Parker,Florida Atlantic,Georgetown,,2026,False,Portal committed,2026-07-14T12:40:18+00:00
barttorvik-2026-2997,Josiah Sabino,Niagara,Manhattan,,2026,False,Portal committed,2026-07-14T12:40:18+00:00
barttorvik-2026-3023,Josiah Sanders,Cal St. Dominguez Hills,Montana,,2026,False,Portal committed,2026-07-14T12:40:18+00:00
barttorvik-2026-3030,Joson Sanon,St. John's,West Virginia,,2026,False,Portal committed,2026-07-14T12:40:18+00:00
barttorvik-2026-1349,Josué Grullon,La Salle,Grambling St.,,2026,False,Portal committed,2026-07-14T12:40:18+00:00
barttorvik-2026-2523,Jothan Nweke,Wayne St. (MI),Old Dominion,,2026,False,Portal committed,2026-07-14T12:40:18+00:00
barttorvik-2026-2904,Jovan Ristić,Saint Anselm,UMBC,,2026,False,Portal committed,2026-07-14T12:40:18+00:00
barttorvik-2026-742,"Juan Cranford, Jr.",Eastern Kentucky,Bowling Green,,2026,False,Portal committed,2026-07-14T12:40:18+00:00
barttorvik-2026-1423,Juke Harris,Wake Forest,Tennessee,,2026,False,Portal committed,2026-07-14T12:40:18+00:00
barttorvik-2026-653,Julian Clarke,UNC Asheville,Barry,,2026,False,Portal committed,2026-07-14T12:40:18+00:00
barttorvik-2026-1281,Julien Gomez,UT Rio Grande Valley,Western Michigan,,2026,False,Portal committed,2026-07-14T12:40:18+00:00
barttorvik-2026-639,Julius Clark,Gardner Webb,North Alabama,,2026,False,Portal committed,2026-07-14T12:40:18+00:00
barttorvik-2026-1372,Julius Halaifonua,Georgetown,Oklahoma St.,,2026,False,Portal committed,2026-07-14T12:40:18+00:00
barttorvik-2026-3107,Junior Sileu,Western Michigan,Nicholls St.,,2026,False,Portal committed,2026-07-14T12:40:18+00:00
barttorvik-2026-3537,Junjie Wang,San Francisco,Massachusetts,,2026,False,Portal committed,2026-07-14T12:40:18+00:00
barttorvik-2026-918,Jurian Dixon,UC Irvine,Virginia,,2026,False,Portal committed,2026-07-14T12:40:18+00:00
barttorvik-2026-345,Justin Bolis,Nebraska,Nebraska Omaha,,2026,False,Portal committed,2026-07-14T12:40:18+00:00
barttorvik-2026-1544,Justin Holloway,UAB,Auburn Montgomery,,2026,False,Portal committed,2026-07-14T12:40:18+00:00
barttorvik-2026-1575,Justin Houser,Penn St.,Florida Gulf Coast,,2026,False,Portal committed,2026-07-14T12:40:18+00:00
barttorvik-2026-1735,Justin Johnson,Western Carolina,LIU,,2026,False,Portal committed,2026-07-14T12:40:18+00:00
barttorvik-2026-2204,Justin McBride,James Madison,Kentucky,,2026,False,Portal committed,2026-07-14T12:40:18+00:00
barttorvik-2026-2281,Justin Menard,Marist,Colorado St.,,2026,False,Portal committed,2026-07-14T12:40:18+00:00
barttorvik-2026-2355,Justin Monden,Maryland Eastern Shore,Indiana,,2026,False,Portal committed,2026-07-14T12:40:18+00:00
barttorvik-2026-2370,Justin Moore,Loyola Chicago,Hofstra,,2026,False,Portal committed,2026-07-14T12:40:18+00:00
barttorvik-2026-2472,Justin Neely,UNC Greensboro,Colorado,,2026,False,Portal committed,2026-07-14T12:40:18+00:00
barttorvik-2026-2680,Justin Payne,Young Harris,Morehead St.,,2026,False,Portal committed,2026-07-14T12:40:18+00:00
barttorvik-2026-2750,Justin Pippen,California,Ohio St.,,2026,False,Portal committed,2026-07-14T12:40:18+00:00
barttorvik-2026-2843,Justin Ray,Monmouth,Wake Forest,,2026,False,Portal committed,2026-07-14T12:40:18+00:00
barttorvik-2026-2851,Justin Redmond,Northwestern St.,West Georgia,,2026,False,Portal committed,2026-07-14T12:40:18+00:00
barttorvik-2026-1111,Justyn Fernandez,Delaware,UAB,,2026,False,Portal committed,2026-07-14T12:40:18+00:00
barttorvik-2026-2636,K'Jei Parker,Massachusetts,Ball St.,,2026,False,Portal committed,2026-07-14T12:40:18+00:00
barttorvik-2026-2703,K.J. Perry,BYU,Fresno St.,,2026,False,Portal committed,2026-07-14T12:40:18+00:00
barttorvik-2026-3719,K.J. Windham,Northwestern,James Madison,,2026,False,Portal committed,2026-07-14T12:40:18+00:00
barttorvik-2026-2937,K.K. Robinson,Little Rock,New Mexico St.,,2026,False,Portal committed,2026-07-14T12:40:18+00:00
barttorvik-2026-3452,KC Ugwuakazi,Merrimack,Robert Morris,,2026,False,Portal committed,2026-07-14T12:40:18+00:00
barttorvik-2026-1999,KJ Lewis,Georgetown,USC,,2026,False,Portal committed,2026-07-14T12:40:18+00:00
barttorvik-2026-2158,KJ Martin Jr.,Tulsa,San Jose St.,,2026,False,Portal committed,2026-07-14T12:40:18+00:00
barttorvik-2026-3330,KJ Tenner,Murray St.,UTSA,,2026,False,Portal committed,2026-07-14T12:40:18+00:00
barttorvik-2026-3346,KJ Thomas,UTEP,South Dakota,,2026,False,Portal committed,2026-07-14T12:40:18+00:00
barttorvik-2026-3786,KJ Younger,UNC Greensboro,Texas St.,,2026,False,Portal committed,2026-07-14T12:40:18+00:00
barttorvik-2026-2531,Kachi Nzeh,Little Rock,Delaware,,2026,False,Portal committed,2026-07-14T12:40:18+00:00
barttorvik-2026-713,Kaden Cooper,Louisiana Tech,East Carolina,,2026,False,Portal committed,2026-07-14T12:40:18+00:00
barttorvik-2026-1398,Kaden Hansen,Saint Martin's,Seattle,,2026,False,Portal committed,2026-07-14T12:40:18+00:00
barttorvik-2026-2101,Kaden Magwood,Auburn,Murray St.,,2026,False,Portal committed,2026-07-14T12:40:18+00:00
barttorvik-2026-2332,Kaden Minter,Concordia Irvine,Point Loma,,2026,False,Portal committed,2026-07-14T12:40:18+00:00
barttorvik-2026-3266,Kaden Stuckey,VMI,Le Moyne,,2026,False,Portal committed,2026-07-14T12:40:18+00:00
barttorvik-2026-296,Kadyn Betts,Montana,Nebraska,,2026,False,Portal committed,2026-07-14T12:40:18+00:00
barttorvik-2026-3350,Kaelin Thomas,Le Moyne,Webber International University,,2026,False,Portal committed,2026-07-14T12:40:18+00:00
barttorvik-2026-3129,Kahlil Singleton,Canisius,New Orleans,,2026,False,Portal committed,2026-07-14T12:40:18+00:00
barttorvik-2026-1546,Kahmare Holmes,Wofford,DePaul,,2026,False,Portal committed,2026-07-14T12:40:18+00:00
barttorvik-2026-3123,Kai Simpson,Thomas More,Northwestern St.,,2026,False,Portal committed,2026-07-14T12:40:18+00:00
barttorvik-2026-3789,Kai Yu,Bradley,Valparaiso,,2026,False,Portal committed,2026-07-14T12:40:18+00:00
barttorvik-2026-284,Kaia Berridge,Evansville,Cal State Monterey Bay,,2026,False,Portal committed,2026-07-14T12:40:18+00:00
barttorvik-2026-3610,Kaiden White,Marshall,Northwest Florida State College,,2026,False,Portal committed,2026-07-14T12:40:18+00:00
barttorvik-2026-2845,Kaidon Rayfield,UTSA,Northern Colorado,,2026,False,Portal committed,2026-07-14T12:40:18+00:00
barttorvik-2026-1922,Kajus Kublickas,Pacific,South Dakota,,2026,False,Portal committed,2026-07-14T12:40:18+00:00
barttorvik-2026-3158,Kaleb Smith,Grand Canyon,Long Beach St.,,2026,False,Portal committed,2026-07-14T12:40:18+00:00
barttorvik-2026-3214,Kaleb Spencer,William & Mary,Incarnate Word,,2026,False,Portal committed,2026-07-14T12:40:18+00:00
barttorvik-2026-128,Kalu Anya,Saint Louis,Virginia,,2026,False,Portal committed,2026-07-14T12:40:18+00:00
barttorvik-2026-503,Kam Burton,Stephen F. Austin,La Salle,,2026,False,Portal committed,2026-07-14T12:40:18+00:00
barttorvik-2026-644,Kam Clark,Queens,Houston Christian,,2026,False,Portal committed,2026-07-14T12:40:18+00:00
barttorvik-2026-2160,Kam Martin,Samford,Denver,,2026,False,Portal committed,2026-07-14T12:40:18+00:00
barttorvik-2026-2921,Kam Roberts,UVA Wise,Lincoln Memorial,,2026,False,Portal committed,2026-07-14T12:40:18+00:00
barttorvik-2026-1763,Kamari Jones,Cleveland St.,LIU,,2026,False,Portal committed,2026-07-14T12:40:18+00:00
barttorvik-2026-1146,Kameron Foman,Benedictine Mesa,Chicago St.,,2026,False,Portal committed,2026-07-14T12:40:18+00:00
barttorvik-2026-3312,Kameron Taylor,UNC Asheville,Florida St.,,2026,False,Portal committed,2026-07-14T12:40:18+00:00
barttorvik-2026-1536,Kanaan Holder,Arkansas–Fort Smith,Chaminade,,2026,False,Portal committed,2026-07-14T12:40:18+00:00
barttorvik-2026-3322,Kany Tchanda,Boston College,Longwood,,2026,False,Portal committed,2026-07-14T12:40:18+00:00
barttorvik-2026-3347,Kareem Thomas,Dartmouth,Seton Hall,,2026,False,Portal committed,2026-07-14T12:40:18+00:00
barttorvik-2026-2979,Karim Rtail,Arkansas,Campbell,,2026,False,Portal committed,2026-07-14T12:40:18+00:00
barttorvik-2026-1330,Karmani Gregory,USC Upstate,Indiana St.,,2026,False,Portal committed,2026-07-14T12:40:18+00:00
barttorvik-2026-393,Karmello Branch,UMKC,Bethune Cookman,,2026,False,Portal committed,2026-07-14T12:40:18+00:00
barttorvik-2026-1897,Karter Knox,Arkansas,Louisville,,2026,False,Portal committed,2026-07-14T12:40:18+00:00
barttorvik-2026-3755,Kase Wynott,Washington St.,Idaho,,2026,False,Portal committed,2026-07-14T12:40:18+00:00
barttorvik-2026-3566,Kaseem Watson,UTEP,East Carolina,,2026,False,Portal committed,2026-07-14T12:40:18+00:00
barttorvik-2026-2761,Kash Polk,Arizona St.,Jacksonville St.,,2026,False,Portal committed,2026-07-14T12:40:18+00:00
barttorvik-2026-2454,Kashie Natt,Sam Houston St.,Oklahoma St.,,2026,False,Portal committed,2026-07-14T12:40:18+00:00
barttorvik-2026-384,Kavon Bradford,Northern Arizona,Western Oregon,,2026,False,Portal committed,2026-07-14T12:40:18+00:00
barttorvik-2026-936,Kayde Dotson,Loyola Chicago,UC San Diego,,2026,False,Portal committed,2026-07-14T12:40:18+00:00
barttorvik-2026-996,Kayden Edwards,TCU,Creighton,,2026,False,Portal committed,2026-07-14T12:40:18+00:00
barttorvik-2026-1128,Kayden Fish,Ball St.,Belmont,,2026,False,Portal committed,2026-07-14T12:40:18+00:00
barttorvik-2026-2329,Kayden Mingo,Penn St.,Baylor,,2026,False,Portal committed,2026-07-14T12:40:18+00:00
barttorvik-2026-2452,Kayden Nation,Central Michigan,Houston Christian,,2026,False,Portal committed,2026-07-14T12:40:18+00:00
barttorvik-2026-2173,Kaylon Mason,Cal State San Bernardino,Coker,,2026,False,Portal committed,2026-07-14T12:40:18+00:00
barttorvik-2026-3574,Kean Webb,Portland St.,Albany,,2026,False,Portal committed,2026-07-14T12:40:18+00:00
barttorvik-2026-840,Keanu Dawes,Utah,Kansas,,2026,False,Portal committed,2026-07-14T12:40:18+00:00
barttorvik-2026-779,Kedrick Curtis,Seton Hill,Sacred Heart,,2026,False,Portal committed,2026-07-14T12:40:18+00:00
barttorvik-2026-3234,Keelan Steele,Maine,Mercer,,2026,False,Portal committed,2026-07-14T12:40:18+00:00
barttorvik-2026-299,Keenan Bey,UMass Lowell,Independence Community College,,2026,False,Portal committed,2026-07-14T12:40:18+00:00
barttorvik-2026-2729,Kelcy Phipps,Portland St.,UNC Asheville,,2026,False,Portal committed,2026-07-14T12:40:18+00:00
barttorvik-2026-1385,Kellen Hampton,Pacific,Hawaii,,2026,False,Portal committed,2026-07-14T12:40:18+00:00
barttorvik-2026-2934,Kellen Robinson,Little Rock,Lindenwood,,2026,False,Portal committed,2026-07-14T12:40:18+00:00
barttorvik-2026-1400,Keller Hanson,Northern Michigan,Northern Illinois,,2026,False,Portal committed,2026-07-14T12:40:18+00:00
barttorvik-2026-103,Kelvin Amoako,UIndy,Youngstown St.,,2026,False,Portal committed,2026-07-14T12:40:18+00:00
barttorvik-2026-2542,Kelvin Odih,St. John's,Fordham,,2026,False,Portal committed,2026-07-14T12:40:18+00:00
barttorvik-2026-3522,Ken Walker,Davenport,Saint Peter's,,2026,False,Portal committed,2026-07-14T12:40:18+00:00
barttorvik-2026-547,Kendall Campbell,Wingate,East Tennessee St.,,2026,False,Portal committed,2026-07-14T12:40:18+00:00
barttorvik-2026-3020,Kendyl Sanders,Utah,Mississippi St.,,2026,False,Portal committed,2026-07-14T12:40:18+00:00
barttorvik-2026-825,Kennard Davis Jr.,BYU,Missouri,,2026,False,Portal committed,2026-07-14T12:40:18+00:00
barttorvik-2026-489,Kernan Bundy,UMKC,Rockhurst,,2026,False,Portal committed,2026-07-14T12:40:18+00:00
barttorvik-2026-1130,Keshawn Fisher,Detroit Mercy,Winthrop,,2026,False,Portal committed,2026-07-14T12:40:18+00:00
barttorvik-2026-1848,Kevair Kennedy,Merrimack,Wake Forest,,2026,False,Portal committed,2026-07-14T12:40:18+00:00
barttorvik-2026-53,Kevin Alabi,Alabama St.,Angelina College,,2026,False,Portal committed,2026-07-14T12:40:18+00:00
barttorvik-2026-126,Kevin Anthony,Lindenwood,MSU Moorhead,,2026,False,Portal committed,2026-07-14T12:40:18+00:00
barttorvik-2026-1823,Kevin Kearney,Saint Joseph's,Manhattan,,2026,False,Portal committed,2026-07-14T12:40:18+00:00
barttorvik-2026-2666,Kevin Patton Jr.,New Mexico,Bethune Cookman,,2026,False,Portal committed,2026-07-14T12:40:18+00:00
barttorvik-2026-3813,Kevin de Kovachich,North Alabama,Middle Tennessee,,2026,False,Portal committed,2026-07-14T12:40:18+00:00
barttorvik-2026-3224,Kevo St.Hilaire,Cleveland St.,Purdue Northwest,,2026,False,Portal committed,2026-07-14T12:40:18+00:00
barttorvik-2026-3464,Kevon Vanderhorst,Drexel,Iona,,2026,False,Portal committed,2026-07-14T12:40:18+00:00
barttorvik-2026-1853,Keyon Kensie Jr.,Portland St.,Nevada,,2026,False,Portal committed,2026-07-14T12:40:18+00:00
barttorvik-2026-2341,Keyshawn Mitchell,VCU,Iona,,2026,False,Portal committed,2026-07-14T12:40:18+00:00
barttorvik-2026-3391,Keyshuan Tillery,Cincinnati,Charlotte,,2026,False,Portal committed,2026-07-14T12:40:18+00:00
barttorvik-2026-1009,Keziah Ekissi,Oregon St.,Cal St. Northridge,,2026,False,Portal committed,2026-07-14T12:40:18+00:00
barttorvik-2026-172,Khalil Badru,Iona,Vermont,,2026,False,Portal committed,2026-07-14T12:40:18+00:00
barttorvik-2026-1091,Khalil Farmer,UMass Lowell,Rider,,2026,False,Portal committed,2026-07-14T12:40:18+00:00
barttorvik-2026-2047,Khalil London,Tennessee St.,Louisiana Monroe,,2026,False,Portal committed,2026-07-14T12:40:18+00:00
barttorvik-2026-3655,Khalil Williams,Bryant,Le Moyne,,2026,False,Portal committed,2026-07-14T12:40:18+00:00
barttorvik-2026-2116,Khaman Maker,DePaul,Marshall,,2026,False,Portal committed,2026-07-14T12:40:18+00:00
barttorvik-2026-712,Khamani Cooper,Nebraska Omaha,Southern Ark.,,2026,False,Portal committed,2026-07-14T12:40:18+00:00
barttorvik-2026-2961,Khani Rooths,Louisville,Oklahoma,,2026,False,Portal committed,2026-07-14T12:40:18+00:00
barttorvik-2026-966,Khayri Dunn,Georgia Southern,UNC Asheville,,2026,False,Portal committed,2026-07-14T12:40:18+00:00
barttorvik-2026-3388,Khoi Thurmon,Oakland,Old Dominion,,2026,False,Portal committed,2026-07-14T12:40:18+00:00
barttorvik-2026-2924,KiJan Robinson,New Hampshire,Binghamton,,2026,False,Portal committed,2026-07-14T12:40:18+00:00
barttorvik-2026-2416,Kieran Mullen,Pittsburgh,Florida Atlantic,,2026,False,Portal committed,2026-07-14T12:40:18+00:00
barttorvik-2026-417,Kilian Brockhoff,William & Mary,Eastern Michigan,,2026,False,Portal committed,2026-07-14T12:40:18+00:00
barttorvik-2026-3631,King-Njhsanni Wilhite,Lamar,Central Washington,,2026,False,Portal committed,2026-07-14T12:40:18+00:00
barttorvik-2026-1230,Kiwane Garris Jr,Cal St. Fullerton,Robert Morris,,2026,False,Portal committed,2026-07-14T12:40:18+00:00
barttorvik-2026-388,"Kjay Bradley, Jr.",San Diego,Cal St. Bakersfield,,2026,False,Portal committed,2026-07-14T12:40:18+00:00
barttorvik-2026-3645,Kobi Williams,Missouri St.,Tulsa,,2026,False,Portal committed,2026-07-14T12:40:18+00:00
barttorvik-2026-1401,Kole Hanson,Minn. Duluth,Holy Cross,,2026,False,Portal committed,2026-07-14T12:40:18+00:00
barttorvik-2026-2807,Kolier Pruett,UVA Wise,Radford,,2026,False,Portal committed,2026-07-14T12:40:18+00:00
barttorvik-2026-2340,Kolton Mitchell,Idaho,Ohio,,2026,False,Portal committed,2026-07-14T12:40:18+00:00
barttorvik-2026-732,Koree Cotton,UT Rio Grande Valley,DePaul,,2026,False,Portal committed,2026-07-14T12:40:18+00:00
barttorvik-2026-1728,Koren Johnson,Mississippi,Portland St.,,2026,False,Portal committed,2026-07-14T12:40:18+00:00
barttorvik-2026-828,Koron Davis,Alabama A&M,Bethune Cookman,,2026,False,Portal committed,2026-07-14T12:40:18+00:00
barttorvik-2026-2327,Kory Mincy,George Mason,South Carolina,,2026,False,Portal committed,2026-07-14T12:40:18+00:00
barttorvik-2026-1254,Kraig Gilbert,Concord,Pittsburgh,,2026,False,Portal committed,2026-07-14T12:40:18+00:00
barttorvik-2026-2638,Kris Parker,UCF,Kennesaw St.,,2026,False,Portal committed,2026-07-14T12:40:18+00:00
barttorvik-2026-1855,Kristupas Kepezinskas,Rider,Barry,,2026,False,Portal committed,2026-07-14T12:40:18+00:00
barttorvik-2026-1996,Krystian Lewis,Louisiana Monroe,Tulane,,2026,False,Portal committed,2026-07-14T12:40:18+00:00
barttorvik-2026-159,Kuol Atak,Oklahoma,Virginia Tech,,2026,False,Portal committed,2026-07-14T12:40:18+00:00
barttorvik-2026-1064,Kwame Evans Jr.,Oregon,Villanova,,2026,False,Portal committed,2026-07-14T12:40:18+00:00
barttorvik-2026-1068,Kyan Evans,North Carolina,Minnesota,,2026,False,Portal committed,2026-07-14T12:40:18+00:00
barttorvik-2026-1581,Kylan Howze,Louisiana Tech,Old Dominion,,2026,False,Portal committed,2026-07-14T12:40:18+00:00
barttorvik-2026-763,Kyle Cuffe Jr.,Mercer,St. John's,,2026,False,Portal committed,2026-07-14T12:40:18+00:00
barttorvik-2026-1065,Kyle Evans,UC Irvine,N.C. State,,2026,False,Portal committed,2026-07-14T12:40:18+00:00
barttorvik-2026-1339,Kyle Grill,Fort Hays St.,Bradley,,2026,False,Portal committed,2026-07-14T12:40:18+00:00
barttorvik-2026-1971,Kyle Layton,Eastern Illinois,Grambling St.,,2026,False,Portal committed,2026-07-14T12:40:18+00:00
barttorvik-2026-2154,Kyle Marshall,Air Force,Bucknell,,2026,False,Portal committed,2026-07-14T12:40:18+00:00
barttorvik-2026-2386,Kyle Morgan,UT Tyler,Winthrop,,2026,False,Portal committed,2026-07-14T12:40:18+00:00
barttorvik-2026-784,Kyler D'Augustino,IU Indy,Ohio,,2026,False,Portal committed,2026-07-14T12:40:18+00:00
barttorvik-2026-3392,Kyran Tilley,Central Missouri,Louisiana Tech,,2026,False,Portal committed,2026-07-14T12:40:18+00:00
barttorvik-2026-1471,LA Hayes,UTEP,Southern Indiana,,2026,False,Portal committed,2026-07-14T12:40:18+00:00
barttorvik-2026-2788,LA Pratt,Northeastern,Northwestern,,2026,False,Portal committed,2026-07-14T12:40:18+00:00
barttorvik-2026-859,Ladji Dembele,UNLV,Washington St.,,2026,False,Portal committed,2026-07-14T12:40:18+00:00
barttorvik-2026-566,Lance Carr,UAB,Louisiana Monroe,,2026,False,Portal committed,2026-07-14T12:40:18+00:00
barttorvik-2026-2748,Lance Piper,Delaware,Northern Arizona,,2026,False,Portal committed,2026-07-14T12:40:18+00:00
barttorvik-2026-1791,Landen Joseph,Marshall,Dayton,,2026,False,Portal committed,2026-07-14T12:40:18+00:00
barttorvik-2026-1877,Landon King,UNC Greensboro,Georgia Southwestern,,2026,False,Portal committed,2026-07-14T12:40:18+00:00
barttorvik-2026-3642,Landon Williams,Niagara,Dartmouth,,2026,False,Portal committed,2026-07-14T12:40:18+00:00
barttorvik-2026-176,Langston Bailey,Bryant,Benedictine Mesa,,2026,False,Portal committed,2026-07-14T12:40:18+00:00
barttorvik-2026-1588,Larry Hughes II,Cal St. Northridge,Sacramento St.,,2026,False,Portal committed,2026-07-14T12:40:18+00:00
barttorvik-2026-2655,Lateef Patrick Jr,Stephen F. Austin,Fordham,,2026,False,Portal committed,2026-07-14T12:40:18+00:00
barttorvik-2026-908,Latif Diouf,Chattanooga,Kent St.,,2026,False,Portal committed,2026-07-14T12:40:18+00:00
barttorvik-2026-2239,Laymen McGrady,Oral Roberts,Wagner,,2026,False,Portal committed,2026-07-14T12:40:18+00:00
barttorvik-2026-3313,Layne Taylor,Murray St.,Arkansas St.,,2026,False,Portal committed,2026-07-14T12:40:18+00:00
barttorvik-2026-2326,Lazar Milosevic,Duquesne,Longwood,,2026,False,Portal committed,2026-07-14T12:40:18+00:00
barttorvik-2026-1577,Lazerek Houston,Central Missouri,Washington St.,,2026,False,Portal committed,2026-07-14T12:40:18+00:00
barttorvik-2026-3570,LeJuan Watts,Texas Tech,Washington,,2026,False,Portal committed,2026-07-14T12:40:18+00:00
barttorvik-2026-3150,Legend Smiley,San Francisco,Oregon St.,,2026,False,Portal committed,2026-07-14T12:40:18+00:00
barttorvik-2026-2349,Leif Moeller,Evansville,UTEP,,2026,False,Portal committed,2026-07-14T12:40:18+00:00
barttorvik-2026-348,Leon Bond III,Northern Iowa,Iowa St.,,2026,False,Portal committed,2026-07-14T12:40:18+00:00
barttorvik-2026-1562,Leon Horner,Texas Tech,Jacksonville St.,,2026,False,Portal committed,2026-07-14T12:40:18+00:00
barttorvik-2026-3462,Leonardo Van Elswyk,Colorado,Stony Brook,,2026,False,Portal committed,2026-07-14T12:40:18+00:00
barttorvik-2026-1993,Leopold Levillain,Long Beach St.,New Mexico St.,,2026,False,Portal committed,2026-07-14T12:40:18+00:00
barttorvik-2026-337,Leroy Blyden Jr.,Toledo,Kansas,,2026,False,Portal committed,2026-07-14T12:40:18+00:00
barttorvik-2026-950,Lewis Duarte,New Mexico St.,Rutgers,,2026,False,Portal committed,2026-07-14T12:40:18+00:00
barttorvik-2026-3514,Lewis Walker,North Carolina A&T,UCF,,2026,False,Portal committed,2026-07-14T12:40:18+00:00
barttorvik-2026-544,Liam Campbell,Saint Mary's,High Point,,2026,False,Portal committed,2026-07-14T12:40:18+00:00
barttorvik-2026-2170,Lilian Marville,UNC Greensboro,George Mason,,2026,False,Portal committed,2026-07-14T12:40:18+00:00
barttorvik-2026-555,Lincoln Cantrall,Colorado Christian,Jamestown,,2026,False,Portal committed,2026-07-14T12:40:18+00:00
barttorvik-2026-1550,Linus Holmstrom,VMI,Youngstown St.,,2026,False,Portal committed,2026-07-14T12:40:18+00:00
barttorvik-2026-1953,Lionel Larvadain,Chicago St.,Southern,,2026,False,Portal committed,2026-07-14T12:40:18+00:00
barttorvik-2026-1989,Liutauras Lelevicius,TCU,Clemson,,2026,False,Portal committed,2026-07-14T12:40:18+00:00
barttorvik-2026-60,Logan Alexander,North Texas,South Plains College,,2026,False,Portal committed,2026-07-14T12:40:18+00:00
barttorvik-2026-559,Logan Carey,Maine,Saint Joseph's,,2026,False,Portal committed,2026-07-14T12:40:18+00:00
barttorvik-2026-962,Logan Duncomb,Winthrop,Notre Dame,,2026,False,Portal committed,2026-07-14T12:40:18+00:00
barttorvik-2026-3271,Logan Suber,Lipscomb,Southeastern Louisiana,,2026,False,Portal committed,2026-07-14T12:40:18+00:00
barttorvik-2026-3737,Logan Woods,Wright St.,Niagara,,2026,False,Portal committed,2026-07-14T12:40:18+00:00
barttorvik-2026-2790,London Praytor,Toledo,Montana St.,,2026,False,Portal committed,2026-07-14T12:40:18+00:00
barttorvik-2026-3070,Louie Semona,Western Kentucky,Illinois St.,,2026,False,Portal committed,2026-07-14T12:40:18+00:00
barttorvik-2026-349,Louis Bond,Idaho St.,Northeastern,,2026,False,Portal committed,2026-07-14T12:40:18+00:00
barttorvik-2026-1609,Louis Hutchinson,Alabama A&M,West Georgia,,2026,False,Portal committed,2026-07-14T12:40:18+00:00
barttorvik-2026-3196,Luca Soroa Schaller,Northeastern,Bucknell,,2026,False,Portal committed,2026-07-14T12:40:18+00:00
barttorvik-2026-2287,Lucas Mercandino,Lubbock Christian,Washburn,,2026,False,Portal committed,2026-07-14T12:40:18+00:00
barttorvik-2026-3063,Lucas Scroggins,Saint Peter's,Illinois Chicago,,2026,False,Portal committed,2026-07-14T12:40:18+00:00
barttorvik-2026-3068,Lucas Sekasi,Gannon,Quinnipiac,,2026,False,Portal committed,2026-07-14T12:40:18+00:00
barttorvik-2026-1251,Lucius Gibson-Savadel,Sacred Heart,Maryland Eastern Shore,,2026,False,Portal committed,2026-07-14T12:40:18+00:00
barttorvik-2026-453,Lucus Brown,D'Youville,Cornell College,,2026,False,Portal committed,2026-07-14T12:40:18+00:00
barttorvik-2026-340,Luka Bogavac,North Carolina,Oklahoma St.,,2026,False,Portal committed,2026-07-14T12:40:18+00:00
barttorvik-2026-3402,Luka Toews,Boston College,Furman,,2026,False,Portal committed,2026-07-14T12:40:18+00:00
barttorvik-2026-3530,Lukas Walls,Radford,Texas A&M,,2026,False,Portal committed,2026-07-14T12:40:18+00:00
barttorvik-2026-81,Luke Almodovar,Southeast Missouri St.,Memphis,,2026,False,Portal committed,2026-07-14T12:40:18+00:00
barttorvik-2026-191,Luke Bamgboye,Texas Tech,TCU,,2026,False,Portal committed,2026-07-14T12:40:18+00:00
barttorvik-2026-1106,Luke Fennell,Syracuse,Saint Mary's,,2026,False,Portal committed,2026-07-14T12:40:18+00:00
barttorvik-2026-1367,Luke Haertle,South Dakota St.,Winona St.,,2026,False,Portal committed,2026-07-14T12:40:18+00:00
barttorvik-2026-1579,Luke Howard,Simon Fraser,San Jose St.,,2026,False,Portal committed,2026-07-14T12:40:18+00:00
barttorvik-2026-1597,Luke Hunger,George Washington,Boston College,,2026,False,Portal committed,2026-07-14T12:40:18+00:00
barttorvik-2026-1822,Luke Kearney,Utah St.,Portland St.,,2026,False,Portal committed,2026-07-14T12:40:18+00:00
barttorvik-2026-1852,Luke Kennevan,Lock Haven,Cornell,,2026,False,Portal committed,2026-07-14T12:40:18+00:00
barttorvik-2026-2231,Luke McEldon,Mount St. Mary's,Northwestern,,2026,False,Portal committed,2026-07-14T12:40:18+00:00
barttorvik-2026-2840,Luke Rasmussen,Tulane,Marshall,,2026,False,Portal committed,2026-07-14T12:40:18+00:00
barttorvik-2026-3188,Luke Soden,Regis CO,Bucknell,,2026,False,Portal committed,2026-07-14T12:40:18+00:00
barttorvik-2026-3604,Luke Wherley,Jamestown,Concordia St. Paul,,2026,False,Portal committed,2026-07-14T12:40:18+00:00
barttorvik-2026-3710,Luke Wilson,Appalachian St.,Syracuse,,2026,False,Portal committed,2026-07-14T12:40:18+00:00
barttorvik-2026-3721,Luke Winkel,St. Cloud State,North Dakota,,2026,False,Portal committed,2026-07-14T12:40:18+00:00
barttorvik-2026-3512,Lureon Walker,North Carolina A&T,Monmouth,,2026,False,Portal committed,2026-07-14T12:40:18+00:00
barttorvik-2026-693,MJ Collins,Utah St.,Cincinnati,,2026,False,Portal committed,2026-07-14T12:40:18+00:00
barttorvik-2026-2989,MJ Russell,Louisiana Monroe,Stephen F. Austin,,2026,False,Portal committed,2026-07-14T12:40:18+00:00
barttorvik-2026-3351,MJ Thomas,New Orleans,UNLV,,2026,False,Portal committed,2026-07-14T12:40:18+00:00
barttorvik-2026-3646,MJ Williams,Eastern Kentucky,Longwood,,2026,False,Portal committed,2026-07-14T12:40:18+00:00
barttorvik-2026-3317,Ma'Kye Taylor,Albany,Alcorn St.,,2026,False,Portal committed,2026-07-14T12:40:18+00:00
barttorvik-2026-1516,Ma'Shy Hill,Abilene Christian,Jacksonville St.,,2026,False,Portal committed,2026-07-14T12:40:18+00:00
barttorvik-2026-2392,MaCarhy Morris,Concordia Irvine,Idaho St.,,2026,False,Portal committed,2026-07-14T12:40:18+00:00
barttorvik-2026-1645,Maban Jabriel,Queens,Maryland,,2026,False,Portal committed,2026-07-14T12:40:18+00:00
barttorvik-2026-1829,Mack Keighran,Chadron St.,Alaska Anchorage,,2026,False,Portal committed,2026-07-14T12:40:18+00:00
barttorvik-2026-1041,Macon Emory,Delaware,Tulsa,,2026,False,Portal committed,2026-07-14T12:40:18+00:00
barttorvik-2026-1048,Magnus Entenmann,Kent St.,Stetson,,2026,False,Portal committed,2026-07-14T12:40:18+00:00
barttorvik-2026-1360,Magoon Gwath,San Diego St.,DePaul,,2026,False,Portal committed,2026-07-14T12:40:18+00:00
barttorvik-2026-2339,Maguire Mitchell,IU Indy,Indiana St.,,2026,False,Portal committed,2026-07-14T12:40:18+00:00
barttorvik-2026-3458,Makhai Valentine,Northern Illinois,George Mason,,2026,False,Portal committed,2026-07-14T12:40:18+00:00
barttorvik-2026-906,Makhan Diouf,Fresno St.,Lindenwood,,2026,False,Portal committed,2026-07-14T12:40:18+00:00
barttorvik-2026-2439,Makhi Myles,Southeastern Louisiana,Jackson St.,,2026,False,Portal committed,2026-07-14T12:40:18+00:00
barttorvik-2026-2081,Makoi Mabor Makoi,UNC Wilmington,Mercer,,2026,False,Portal committed,2026-07-14T12:40:18+00:00
barttorvik-2026-149,Malachi Arrington,NJIT,George Washington,,2026,False,Portal committed,2026-07-14T12:40:18+00:00
barttorvik-2026-428,Malachi Brown,Georgia St.,Western Carolina,,2026,False,Portal committed,2026-07-14T12:40:18+00:00
barttorvik-2026-1743,Malachi Johnson,Stanislaus St.,Idaho St.,,2026,False,Portal committed,2026-07-14T12:40:18+00:00
barttorvik-2026-2624,Malachi Palmer,Villanova,Minnesota,,2026,False,Portal committed,2026-07-14T12:40:18+00:00
barttorvik-2026-261,Malcolm Bell,Cal Poly Pomona,Cal St. Fullerton,,2026,False,Portal committed,2026-07-14T12:40:18+00:00
barttorvik-2026-1283,Malek Gomma,Weber St.,Utah,,2026,False,Portal committed,2026-07-14T12:40:18+00:00
barttorvik-2026-880,Malick Diallo,TCU,Loyola Chicago,,2026,False,Portal committed,2026-07-14T12:40:18+00:00
barttorvik-2026-1913,Malick Kordel,Michigan,Minnesota,,2026,False,Portal committed,2026-07-14T12:40:18+00:00
barttorvik-2026-1746,Malik Johnson,Stanislaus St.,Idaho St.,,2026,False,Portal committed,2026-07-14T12:40:18+00:00
barttorvik-2026-2088,Malik Mack,Georgetown,Providence,,2026,False,Portal committed,2026-07-14T12:40:18+00:00
barttorvik-2026-2558,Malik Olafioye,Eastern Illinois,Chicago St.,,2026,False,Portal committed,2026-07-14T12:40:18+00:00
barttorvik-2026-3226,"Manasseh Stackhouse, Jr.",Alabama A&M,IU Indy,,2026,False,Portal committed,2026-07-14T12:40:18+00:00
barttorvik-2026-1795,Manie Joses,Davidson,Hawaii,,2026,False,Portal committed,2026-07-14T12:40:18+00:00
barttorvik-2026-467,Marcel Bryant,Prairie View A&M,Chicago St.,,2026,False,Portal committed,2026-07-14T12:40:18+00:00
barttorvik-2026-1001,Marcellus Edwards,Concordia Irvine,Point Loma,,2026,False,Portal committed,2026-07-14T12:40:18+00:00
barttorvik-2026-27,Marcus Adams Jr.,Arizona St.,Hawaii,,2026,False,Portal committed,2026-07-14T12:40:18+00:00
barttorvik-2026-198,Marcus Banks,Shepherd,The Citadel,,2026,False,Portal committed,2026-07-14T12:40:18+00:00
barttorvik-2026-1655,Marcus Jackson,Siena,Mercyhurst,,2026,False,Portal committed,2026-07-14T12:40:18+00:00
barttorvik-2026-1837,Marcus Kell,Western Carolina,Furman,,2026,False,Portal committed,2026-07-14T12:40:18+00:00
barttorvik-2026-2603,Marcus Overstreet,San Jose St.,Southern Miss,,2026,False,Portal committed,2026-07-14T12:40:18+00:00
barttorvik-2026-3474,Marcus Vaughns,LSU,Arizona St.,,2026,False,Portal committed,2026-07-14T12:40:18+00:00
barttorvik-2026-3715,Marcus Wilson,UC Davis,Sacramento St.,,2026,False,Portal committed,2026-07-14T12:40:18+00:00
barttorvik-2026-951,Marino Dubravčić,Northern Iowa,Hawaii Pacific,,2026,False,Portal committed,2026-07-14T12:40:18+00:00
barttorvik-2026-3310,"Mario Tatum, Jr.",VMI,NJIT,,2026,False,Portal committed,2026-07-14T12:40:18+00:00
barttorvik-2026-439,Mark Brown,Valparaiso,Utah Tech,,2026,False,Portal committed,2026-07-14T12:40:18+00:00
barttorvik-2026-515,Mark Butler,Lafayette,Rider,,2026,False,Portal committed,2026-07-14T12:40:18+00:00
barttorvik-2026-1961,Mark Lavrenov,Sacramento St.,New Mexico St.,,2026,False,Portal committed,2026-07-14T12:40:18+00:00
barttorvik-2026-2038,Marko Ljubicic,Manhattan,Lamar,,2026,False,Portal committed,2026-07-14T12:40:18+00:00
barttorvik-2026-2626,Marko Pandiloski,Iona,Dominican (NY),,2026,False,Portal committed,2026-07-14T12:40:18+00:00
barttorvik-2026-2672,Marko Pavlović,Missouri Western,Oral Roberts,,2026,False,Portal committed,2026-07-14T12:40:18+00:00
barttorvik-2026-2825,Marko Radunovic,Boston College,Fairfield,,2026,False,Portal committed,2026-07-14T12:40:18+00:00
barttorvik-2026-3818,Marko Šarenac,Barry,Elon,,2026,False,Portal committed,2026-07-14T12:40:18+00:00
barttorvik-2026-506,Markus Burton,Notre Dame,Indiana,,2026,False,Portal committed,2026-07-14T12:40:18+00:00
barttorvik-2026-2456,Markus Navarra,Youngstown St.,Purdue Northwest,,2026,False,Portal committed,2026-07-14T12:40:18+00:00
barttorvik-2026-2653,Markus Pastorcic-Straun,Colorado School of Mines,IU Indy,,2026,False,Portal committed,2026-07-14T12:40:18+00:00
barttorvik-2026-776,Marley Curtis,North Dakota,James Madison,,2026,False,Portal committed,2026-07-14T12:40:18+00:00
barttorvik-2026-3799,Marley Zeller,Loyola Marymount,Cal St. Fullerton,,2026,False,Portal committed,2026-07-14T12:40:18+00:00
barttorvik-2026-3686,Marlon Williams,UIS,Davis & Elkins,,2026,False,Portal committed,2026-07-14T12:40:18+00:00
barttorvik-2026-3742,Marqui Worthy,UC Riverside,San Diego,,2026,False,Portal committed,2026-07-14T12:40:18+00:00
barttorvik-2026-2147,Marqus Marion,Wake Forest,East Tennessee St.,,2026,False,Portal committed,2026-07-14T12:40:18+00:00
barttorvik-2026-3174,Marshawn Smith,Northern St.,Alcorn St.,,2026,False,Portal committed,2026-07-14T12:40:18+00:00
barttorvik-2026-1861,Martin Kheil,Idaho St.,Iona,,2026,False,Portal committed,2026-07-14T12:40:18+00:00
barttorvik-2026-3192,Martin Somerville,Florida St.,West Virginia,,2026,False,Portal committed,2026-07-14T12:40:18+00:00
barttorvik-2026-7,Marzouq Abdur-Razaaq,Colorado Colorado Springs,CSU Pueblo,,2026,False,Portal committed,2026-07-14T12:40:18+00:00
barttorvik-2026-11,Mason Abittan,UNLV,Weber St.,,2026,False,Portal committed,2026-07-14T12:40:18+00:00
barttorvik-2026-266,Mason Bendinger,USC Upstate,Western Michigan,,2026,False,Portal committed,2026-07-14T12:40:18+00:00
barttorvik-2026-319,Mason Blackwood,Penn St.,St. Bonaventure,,2026,False,Portal committed,2026-07-14T12:40:18+00:00
barttorvik-2026-1369,Mason Hagedorn,VMI,Loyola MD,,2026,False,Portal committed,2026-07-14T12:40:18+00:00
barttorvik-2026-1555,Mason Honeyman,Colorado Mesa,Cal St. East Bay,,2026,False,Portal committed,2026-07-14T12:40:18+00:00
barttorvik-2026-2772,Mason Porter-Brown,LIU,Florida Atlantic,,2026,False,Portal committed,2026-07-14T12:40:18+00:00
barttorvik-2026-3663,Mason Williams,Iowa St.,Seattle,,2026,False,Portal committed,2026-07-14T12:40:18+00:00
barttorvik-2026-904,Massamba Diop,Arizona St.,Gonzaga,,2026,False,Portal committed,2026-07-14T12:40:18+00:00
barttorvik-2026-902,Matar Diop,Stetson,Lindenwood,,2026,False,Portal committed,2026-07-14T12:40:18+00:00
barttorvik-2026-867,Matas Deniusas,Tennessee Martin,Rhode Island,,2026,False,Portal committed,2026-07-14T12:40:18+00:00
barttorvik-2026-675,Matheo Coffi,UTSA,NJIT,,2026,False,Portal committed,2026-07-14T12:40:18+00:00
barttorvik-2026-1348,Mathieu Grujicic,Ohio St.,Radford,,2026,False,Portal committed,2026-07-14T12:40:18+00:00
barttorvik-2026-2112,Mathok Majok,New Orleans,Charleston Southern,,2026,False,Portal committed,2026-07-14T12:40:18+00:00
barttorvik-2026-3009,Matija Samar,Oregon St.,UMKC,,2026,False,Portal committed,2026-07-14T12:40:18+00:00
barttorvik-2026-12,Matt Able,N.C. State,North Carolina,,2026,False,Portal committed,2026-07-14T12:40:18+00:00
barttorvik-2026-1318,Matt Gray,Davis & Elkins,Missouri St.,,2026,False,Portal committed,2026-07-14T12:40:18+00:00
barttorvik-2026-2854,Matt Reed,Iona,Lamar,,2026,False,Portal committed,2026-07-14T12:40:18+00:00
barttorvik-2026-368,Matthew Bothun,North Dakota,Ky. Wesleyan,,2026,False,Portal committed,2026-07-14T12:40:18+00:00
barttorvik-2026-1259,Matthew Gilhool,LSU,Kansas St.,,2026,False,Portal committed,2026-07-14T12:40:18+00:00
barttorvik-2026-3089,Matthew Shelton,Charleston,Liberty,,2026,False,Portal committed,2026-07-14T12:40:18+00:00
barttorvik-2026-3637,Matthew Willenborg,Central Oklahoma,Cal St. Fullerton,,2026,False,Portal committed,2026-07-14T12:40:18+00:00
barttorvik-2026-3805,Matthew Zobrist,Bradley,Belmont,,2026,False,Portal committed,2026-07-14T12:40:18+00:00
barttorvik-2026-304,Matthieu Biembongo,Lincoln (MO),Western Illinois,,2026,False,Portal committed,2026-07-14T12:40:18+00:00
barttorvik-2026-3470,Maurice Vassel,Maryland Eastern Shore,North Carolina Central,,2026,False,Portal committed,2026-07-14T12:40:18+00:00
barttorvik-2026-62,Max Alexander,Northwestern Oklahoma State,Houston Christian,,2026,False,Portal committed,2026-07-14T12:40:18+00:00
barttorvik-2026-354,Max Booher,Quincy,Eastern Michigan,,2026,False,Portal committed,2026-07-14T12:40:18+00:00
barttorvik-2026-505,Max Burton,Western Michigan,Akron,,2026,False,Portal committed,2026-07-14T12:40:18+00:00
barttorvik-2026-1179,Max Frazier,Central Connecticut,Hampton,,2026,False,Portal committed,2026-07-14T12:40:18+00:00
barttorvik-2026-1324,Max Green,Northwestern,Charleston,,2026,False,Portal committed,2026-07-14T12:40:18+00:00
barttorvik-2026-1947,Max Langenfeld,Florida Atlantic,Evansville,,2026,False,Portal committed,2026-07-14T12:40:18+00:00
barttorvik-2026-2045,Maxim Logue,Florida Atlantic,North Carolina,,2026,False,Portal committed,2026-07-14T12:40:18+00:00
barttorvik-2026-2588,Maximo Ortega,Wofford,Loyola MD,,2026,False,Portal committed,2026-07-14T12:40:18+00:00
barttorvik-2026-3730,Mayar Wol,Bowling Green,Seton Hall,,2026,False,Portal committed,2026-07-14T12:40:18+00:00
barttorvik-2026-2398,Mazi Mosley,LSU,Loyola Marymount,,2026,False,Portal committed,2026-07-14T12:40:18+00:00
barttorvik-2026-3607,Meechie White,Eastern Illinois,Indiana St.,,2026,False,Portal committed,2026-07-14T12:40:18+00:00
barttorvik-2026-705,Mekhi Conner,Sacred Heart,Incarnate Word,,2026,False,Portal committed,2026-07-14T12:40:18+00:00
barttorvik-2026-715,Mekhi Cooper,Lindenwood,Louisiana,,2026,False,Portal committed,2026-07-14T12:40:18+00:00
barttorvik-2026-2162,Melian Martinez,Louisiana Tech,Bethune Cookman,,2026,False,Portal committed,2026-07-14T12:40:18+00:00
barttorvik-2026-178,Melo Baines,Norfolk St.,Virginia St.,,2026,False,Portal committed,2026-07-14T12:40:18+00:00
barttorvik-2026-3015,Melo Sanchez,Central Connecticut,South Dakota,,2026,False,Portal committed,2026-07-14T12:40:18+00:00
barttorvik-2026-257,Melvin Bell Jr.,San Jose St.,North Dakota St.,,2026,False,Portal committed,2026-07-14T12:40:18+00:00
barttorvik-2026-57,Merritt Alderink,Eastern Michigan,Ferris State,,2026,False,Portal committed,2026-07-14T12:40:18+00:00
barttorvik-2026-241,Micah Bays,Central St. (OH),Cleveland St.,,2026,False,Portal committed,2026-07-14T12:40:18+00:00
barttorvik-2026-778,Micah Curtis,North Dakota,Wyoming,,2026,False,Portal committed,2026-07-14T12:40:18+00:00
barttorvik-2026-815,Micah Davis,IU Indy,Winthrop,,2026,False,Portal committed,2026-07-14T12:40:18+00:00
barttorvik-2026-3427,Micah Tucker,Georgia St.,Grand Canyon,,2026,False,Portal committed,2026-07-14T12:40:18+00:00
barttorvik-2026-689,Michael Collins,Louisiana,Lamar,,2026,False,Portal committed,2026-07-14T12:40:18+00:00
barttorvik-2026-717,Michael Cooper,Wagner,West Alabama,,2026,False,Portal committed,2026-07-14T12:40:18+00:00
barttorvik-2026-1675,Michael James,Mississippi Valley St.,Alabama St.,,2026,False,Portal committed,2026-07-14T12:40:18+00:00
barttorvik-2026-2144,Michael Marcus Jr.,Appalachian St.,George Mason,,2026,False,Portal committed,2026-07-14T12:40:18+00:00
barttorvik-2026-2256,Michael McNair,Boston University,Maryland,,2026,False,Portal committed,2026-07-14T12:40:18+00:00
barttorvik-2026-2378,Michael Mora,Cal State Monterey Bay,Wyoming,,2026,False,Portal committed,2026-07-14T12:40:18+00:00
barttorvik-2026-2524,Michael Nwoko,LSU,Xavier,,2026,False,Portal committed,2026-07-14T12:40:18+00:00
barttorvik-2026-3708,Michael Wilson Jr.,Bellarmine,Canisius,,2026,False,Portal committed,2026-07-14T12:40:18+00:00
barttorvik-2026-2536,Michelangelo Oberti,Penn,Boston University,,2026,False,Portal committed,2026-07-14T12:40:18+00:00
barttorvik-2026-2629,Mier Panoam,Xavier,UT Arlington,,2026,False,Portal committed,2026-07-14T12:40:18+00:00
barttorvik-2026-2712,Mihailo Petrovic,Illinois,Seton Hall,,2026,False,Portal committed,2026-07-14T12:40:18+00:00
barttorvik-2026-189,Mikah Ballew,Portland,Cal St. Northridge,,2026,False,Portal committed,2026-07-14T12:40:18+00:00
barttorvik-2026-1076,Mike Evbagharu,Canisius,North Alabama,,2026,False,Portal committed,2026-07-14T12:40:18+00:00
barttorvik-2026-1680,Mike James,Vanderbilt,South Florida,,2026,False,Portal committed,2026-07-14T12:40:18+00:00
barttorvik-2026-2358,Mike Montano,Frostburg St.,Southern Miss,,2026,False,Portal committed,2026-07-14T12:40:18+00:00
barttorvik-2026-2794,Mike Price,Cal St. Bakersfield,Chicago St.,,2026,False,Portal committed,2026-07-14T12:40:18+00:00
barttorvik-2026-3670,Mike Williams III,Seton Hall,Tulsa,,2026,False,Portal committed,2026-07-14T12:40:18+00:00
barttorvik-2026-2000,Mikey Lewis,Saint Mary's,Texas,,2026,False,Portal committed,2026-07-14T12:40:18+00:00
barttorvik-2026-2758,Mikhail Pocknett,Buffalo,Gardner Webb,,2026,False,Portal committed,2026-07-14T12:40:18+00:00
barttorvik-2026-3445,Mikkel Tyne,Richmond,Buffalo,,2026,False,Portal committed,2026-07-14T12:40:18+00:00
barttorvik-2026-2353,Milan Momcilovic,Iowa St.,Kentucky,,2026,False,Portal committed,2026-07-14T12:40:18+00:00
barttorvik-2026-522,Miles Byrd,San Diego St.,Providence,,2026,False,Portal committed,2026-07-14T12:40:18+00:00
barttorvik-2026-1356,Miles Gurske,Montana St. Billings,N.M. Highlands,,2026,False,Portal committed,2026-07-14T12:40:18+00:00
barttorvik-2026-1485,Miles Heide,San Diego St.,Virginia Tech,,2026,False,Portal committed,2026-07-14T12:40:18+00:00
barttorvik-2026-2980,Miles Rubin,Loyola Chicago,Tennessee,,2026,False,Portal committed,2026-07-14T12:40:18+00:00
barttorvik-2026-3575,Miles Webb,Delaware St.,USC Upstate,,2026,False,Portal committed,2026-07-14T12:40:18+00:00
barttorvik-2026-3606,Miles White,Lipscomb,Lindenwood,,2026,False,Portal committed,2026-07-14T12:40:18+00:00
barttorvik-2026-605,Milhan Charles,Arkansas Pine Bluff,Florida Atlantic,,2026,False,Portal committed,2026-07-14T12:40:18+00:00
barttorvik-2026-2039,Miquel Llompart,Eckerd,Mount St. Mary's,,2026,False,Portal committed,2026-07-14T12:40:18+00:00
barttorvik-2026-846,Mister Dean,Charleston,UCF,,2026,False,Portal committed,2026-07-14T12:40:18+00:00
barttorvik-2026-1547,Mitchell Holmes,SMU,North Texas,,2026,False,Portal committed,2026-07-14T12:40:18+00:00
barttorvik-2026-1619,Moek Icke,Rhode Island,Ohio,,2026,False,Portal committed,2026-07-14T12:40:18+00:00
barttorvik-2026-3647,Money Williams,Montana,Boston College,,2026,False,Portal committed,2026-07-14T12:40:18+00:00
barttorvik-2026-3600,Montana Wheeler,Bradley,Kansas St.,,2026,False,Portal committed,2026-07-14T12:40:18+00:00
barttorvik-2026-709,Mookie Cook,San Francisco,San Jose St.,,2026,False,Portal committed,2026-07-14T12:40:18+00:00
barttorvik-2026-3451,Morris Ugusuk,West Virginia,Stony Brook,,2026,False,Portal committed,2026-07-14T12:40:18+00:00
barttorvik-2026-539,Mouhamed Camara,Louisville,Eastern Kentucky,,2026,False,Portal committed,2026-07-14T12:40:18+00:00
barttorvik-2026-905,Mouhamed Dioubate,Kentucky,LSU,,2026,False,Portal committed,2026-07-14T12:40:18+00:00
barttorvik-2026-3301,Mouhamed Sylla,Georgia Tech,West Virginia,,2026,False,Portal committed,2026-07-14T12:40:18+00:00
barttorvik-2026-540,Moussa Camara,Felician,New Haven,,2026,False,Portal committed,2026-07-14T12:40:18+00:00
barttorvik-2026-2061,Moustapha Loum,Northwestern St.,UNLV,,2026,False,Portal committed,2026-07-14T12:40:18+00:00
barttorvik-2026-3337,Moustapha Thiam,Cincinnati,Michigan,,2026,False,Portal committed,2026-07-14T12:40:18+00:00
barttorvik-2026-3001,Musa Sagnia,N.C. State,Virginia Tech,,2026,False,Portal committed,2026-07-14T12:40:18+00:00
barttorvik-2026-1641,Mykolaus Ivanauskas,Mercyhurst,Northern Illinois,,2026,False,Portal committed,2026-07-14T12:40:18+00:00
barttorvik-2026-616,Myles Che,UNLV,Saint Mary's,,2026,False,Portal committed,2026-07-14T12:40:18+00:00
barttorvik-2026-695,Myles Colvin,Wake Forest,Cincinnati,,2026,False,Portal committed,2026-07-14T12:40:18+00:00
barttorvik-2026-3380,Myles Thompson,SIU Edwardsville,South Dakota St.,,2026,False,Portal committed,2026-07-14T12:40:18+00:00
barttorvik-2026-1222,Máximo García,Florida St.,Incarnate Word,,2026,False,Portal committed,2026-07-14T12:40:18+00:00
barttorvik-2026-2486,N.J. Nganga,Mercer,LeMoyne-Owen,,2026,False,Portal committed,2026-07-14T12:40:18+00:00
barttorvik-2026-2049,NaVaughn Long,Portland,Cal St. East Bay,,2026,False,Portal committed,2026-07-14T12:40:18+00:00
barttorvik-2026-766,Naas Cunningham,UNLV,Jacksonville St.,,2026,False,Portal committed,2026-07-14T12:40:18+00:00
barttorvik-2026-1242,Naithan George,Syracuse,Pittsburgh,,2026,False,Portal committed,2026-07-14T12:40:18+00:00
barttorvik-2026-1526,Najai Hines,Seton Hall,Connecticut,,2026,False,Portal committed,2026-07-14T12:40:18+00:00
barttorvik-2026-1243,Najimi George,New Haven,Samford,,2026,False,Portal committed,2026-07-14T12:40:18+00:00
barttorvik-2026-1455,Nas Hart,La Salle,Quinnipiac,,2026,False,Portal committed,2026-07-14T12:40:18+00:00
barttorvik-2026-3621,Nasir Whitlock,Lehigh,Georgia Tech,,2026,False,Portal committed,2026-07-14T12:40:18+00:00
barttorvik-2026-852,Nate Deer,Oakland,Canisius,,2026,False,Portal committed,2026-07-14T12:40:18+00:00
barttorvik-2026-1163,Nate Fouts,Le Moyne,Canisius,,2026,False,Portal committed,2026-07-14T12:40:18+00:00
barttorvik-2026-1219,Nate Garcia,Cal Baptist,Arizona St.,,2026,False,Portal committed,2026-07-14T12:40:18+00:00
barttorvik-2026-1711,Nate Johnson,Detroit Mercy,Alabama A&M,,2026,False,Portal committed,2026-07-14T12:40:18+00:00
barttorvik-2026-1591,Ned Hull,Elon,Virginia Tech,,2026,False,Portal committed,2026-07-14T12:40:18+00:00
barttorvik-2026-2763,Nehemiah Pollard,Western Washington,Portland St.,,2026,False,Portal committed,2026-07-14T12:40:18+00:00
barttorvik-2026-3435,Nehemiah Turner,Minnesota,Jacksonville,,2026,False,Portal committed,2026-07-14T12:40:18+00:00
barttorvik-2026-164,Neoklis Avdalas,Virginia Tech,North Carolina,,2026,False,Portal committed,2026-07-14T12:40:18+00:00
barttorvik-2026-355,Nic Book,USC Upstate,Northern St.,,2026,False,Portal committed,2026-07-14T12:40:18+00:00
barttorvik-2026-672,Nic Codie,Texas,SMU,,2026,False,Portal committed,2026-07-14T12:40:18+00:00
barttorvik-2026-875,Nicco DiGiulio,Canisius,Point Park,,2026,False,Portal committed,2026-07-14T12:40:18+00:00
barttorvik-2026-2381,Niccolo Moretti,Florida Atlantic,Lamar,,2026,False,Portal committed,2026-07-14T12:40:18+00:00
barttorvik-2026-1056,Nicholas Errica,Western Michigan,Charleston Southern,,2026,False,Portal committed,2026-07-14T12:40:18+00:00
barttorvik-2026-113,Nick Anderson,Rice,San Diego St.,,2026,False,Portal committed,2026-07-14T12:40:18+00:00
barttorvik-2026-932,Nick Dorn,Indiana,Miami FL,,2026,False,Portal committed,2026-07-14T12:40:18+00:00
barttorvik-2026-1685,Nick Janowski,St. Thomas,Davidson,,2026,False,Portal committed,2026-07-14T12:40:18+00:00
barttorvik-2026-1757,Nick Jones,Wagner,New Orleans,,2026,False,Portal committed,2026-07-14T12:40:18+00:00
barttorvik-2026-2711,Nick Petronio,Boston College,Delaware,,2026,False,Portal committed,2026-07-14T12:40:18+00:00
barttorvik-2026-2888,Nick Richart,Charlotte,Cal Baptist,,2026,False,Portal committed,2026-07-14T12:40:18+00:00
barttorvik-2026-3352,Nigel Thomas,Kennesaw St.,Alcorn St.,,2026,False,Portal committed,2026-07-14T12:40:18+00:00
barttorvik-2026-3689,Nikk Williams,N.M. Highlands,Jackson St.,,2026,False,Portal committed,2026-07-14T12:40:18+00:00
barttorvik-2026-922,Nikola Djapa,Colorado St.,Wright St.,,2026,False,Portal committed,2026-07-14T12:40:18+00:00
barttorvik-2026-625,Nikolaos Chitikoudis,Robert Morris,Xavier,,2026,False,Portal committed,2026-07-14T12:40:18+00:00
barttorvik-2026-1860,Nikolas Khamenia,Duke,Connecticut,,2026,False,Portal committed,2026-07-14T12:40:18+00:00
barttorvik-2026-799,Nilavan Daniels,Providence,William & Mary,,2026,False,Portal committed,2026-07-14T12:40:18+00:00
barttorvik-2026-716,Nils Cooper,UC Davis,Loyola Marymount,,2026,False,Portal committed,2026-07-14T12:40:18+00:00
barttorvik-2026-2087,Nils Machowski,Wofford,Connecticut,,2026,False,Portal committed,2026-07-14T12:40:18+00:00
barttorvik-2026-584,Nino Carter-Smith,Lake Superior St.,Northern Illinois,,2026,False,Portal committed,2026-07-14T12:40:18+00:00
barttorvik-2026-100,Noah Amenhauser,Oregon St.,Long Beach St.,,2026,False,Portal committed,2026-07-14T12:40:18+00:00
barttorvik-2026-267,Noah Bendinger,Boise St.,Montana,,2026,False,Portal committed,2026-07-14T12:40:18+00:00
barttorvik-2026-277,Noah Benny,Sam Houston St.,Alabama St.,,2026,False,Portal committed,2026-07-14T12:40:18+00:00
barttorvik-2026-1099,Noah Feddersen,North Dakota St.,Colorado,,2026,False,Portal committed,2026-07-14T12:40:18+00:00
barttorvik-2026-2273,Noah Meeusen,Arizona St.,DePaul,,2026,False,Portal committed,2026-07-14T12:40:18+00:00
barttorvik-2026-2508,Noah Norgaard,UNC Greensboro,Western Kentucky,,2026,False,Portal committed,2026-07-14T12:40:18+00:00
barttorvik-2026-2618,Noah Pagotto,East Texas A&M,Northern Kentucky,,2026,False,Portal committed,2026-07-14T12:40:18+00:00
barttorvik-2026-1629,Nojus Indrusaitis,Pittsburgh,California,,2026,False,Portal committed,2026-07-14T12:40:18+00:00
barttorvik-2026-1347,Nolan Groves,Texas Tech,Minnesota,,2026,False,Portal committed,2026-07-14T12:40:18+00:00
barttorvik-2026-2328,Nolan Minessale,St. Thomas,Marquette,,2026,False,Portal committed,2026-07-14T12:40:18+00:00
barttorvik-2026-2828,Nyle Ralph-Beyer,Sacred Heart,VCU,,2026,False,Portal committed,2026-07-14T12:40:18+00:00
barttorvik-2026-2458,Ofri Naveh,Oral Roberts,Middle Tennessee,,2026,False,Portal committed,2026-07-14T12:40:18+00:00
barttorvik-2026-3229,Ognjen Stankovic,Akron,Manhattan,,2026,False,Portal committed,2026-07-14T12:40:18+00:00
barttorvik-2026-1100,Okku Federiko,Drake,Northwestern,,2026,False,Portal committed,2026-07-14T12:40:18+00:00
barttorvik-2026-3290,Olavi Suutela,Oregon St.,UC San Diego,,2026,False,Portal committed,2026-07-14T12:40:18+00:00
barttorvik-2026-1095,Oliver Faubert,Saint Mary's,Maine,,2026,False,Portal committed,2026-07-14T12:40:18+00:00
barttorvik-2026-2901,Olivier Rioux,Florida,UC Irvine,,2026,False,Portal committed,2026-07-14T12:40:18+00:00
barttorvik-2026-307,Omaha Biliew,Wake Forest,Grand Canyon,,2026,False,Portal committed,2026-07-14T12:40:18+00:00
barttorvik-2026-3278,Omar Suleiman,Lake Superior St.,Eastern Michigan,,2026,False,Portal committed,2026-07-14T12:40:18+00:00
barttorvik-2026-3729,Omari Witherspoon,Pittsburgh,George Washington,,2026,False,Portal committed,2026-07-14T12:40:18+00:00
barttorvik-2026-2503,Onyx Nnani,South Florida,Bryant,,2026,False,Portal committed,2026-07-14T12:40:18+00:00
barttorvik-2026-1306,Osiris Grady,UC Riverside,Sacramento St.,,2026,False,Portal committed,2026-07-14T12:40:18+00:00
barttorvik-2026-1262,Oskar Giltay,Stanford,Connecticut,,2026,False,Portal committed,2026-07-14T12:40:18+00:00
barttorvik-2026-1221,Osmar Garcia-Araujo,Anderson,Liberty,,2026,False,Portal committed,2026-07-14T12:40:18+00:00
barttorvik-2026-1053,Oswin Erhunmwunse,Providence,Creighton,,2026,False,Portal committed,2026-07-14T12:40:18+00:00
barttorvik-2026-1942,Otto Landrum,Boston University,Point Loma,,2026,False,Portal committed,2026-07-14T12:40:18+00:00
barttorvik-2026-420,"Owen Bronston, Jr.",South Carolina St.,Cleveland St.,,2026,False,Portal committed,2026-07-14T12:40:18+00:00
barttorvik-2026-1183,Owen Freeman,Creighton,Auburn,,2026,False,Portal committed,2026-07-14T12:40:18+00:00
barttorvik-2026-2673,Owen Pawlikowski,Saint Leo,Tampa,,2026,False,Portal committed,2026-07-14T12:40:18+00:00
barttorvik-2026-2507,P.J. Noles,Lincoln Memorial,California (PA),,2026,False,Portal committed,2026-07-14T12:40:18+00:00
barttorvik-2026-1370,PJ Haggerty,Kansas St.,Texas A&M,,2026,False,Portal committed,2026-07-14T12:40:18+00:00
barttorvik-2026-2457,Pablo Navarro,Saint Martin's,Florida Southern,,2026,False,Portal committed,2026-07-14T12:40:18+00:00
barttorvik-2026-2805,Pace Prosser,Gannon,Siena,,2026,False,Portal committed,2026-07-14T12:40:18+00:00
barttorvik-2026-93,Papa Amadou Kante,Pittsburgh,Little Rock,,2026,False,Portal committed,2026-07-14T12:40:18+00:00
barttorvik-2026-2443,Pape N'Diaye,Xavier,Kansas St.,,2026,False,Portal committed,2026-07-14T12:40:18+00:00
barttorvik-2026-1804,Parby Kabamba,Marist,Radford,,2026,False,Portal committed,2026-07-14T12:40:18+00:00
barttorvik-2026-2631,Paris Papadatos,Saint Francis,Grand Valley State,,2026,False,Portal committed,2026-07-14T12:40:18+00:00
barttorvik-2026-131,Parker Applegate,Central Arkansas,Gannon,,2026,False,Portal committed,2026-07-14T12:40:18+00:00
barttorvik-2026-1189,Parker Friedrichsen,Davidson,Washington,,2026,False,Portal committed,2026-07-14T12:40:18+00:00
barttorvik-2026-1245,Parker Gerrits,Washington St.,Wyoming,,2026,False,Portal committed,2026-07-14T12:40:18+00:00
barttorvik-2026-1974,Parker LePla,UIndy,Grand Valley State,,2026,False,Portal committed,2026-07-14T12:40:18+00:00
barttorvik-2026-2942,Parker Robison,Chattanooga,Auburn Montgomery,,2026,False,Portal committed,2026-07-14T12:40:18+00:00
barttorvik-2026-774,Pat Curtin,Bucknell,IU Indy,,2026,False,Portal committed,2026-07-14T12:40:18+00:00
barttorvik-2026-2253,Paul McMillan IV,Grambling St.,Alabama St.,,2026,False,Portal committed,2026-07-14T12:40:18+00:00
barttorvik-2026-2424,Paulius Murauskas,Saint Mary's,Arizona St.,,2026,False,Portal committed,2026-07-14T12:40:18+00:00
barttorvik-2026-3260,Pavle Stosic,Pepperdine,Fairleigh Dickinson,,2026,False,Portal committed,2026-07-14T12:40:18+00:00
barttorvik-2026-3033,Pedro Santos,Tennessee Martin,Albany,,2026,False,Portal committed,2026-07-14T12:40:18+00:00
barttorvik-2026-2113,Petar Majstorovic,Long Beach St.,Pepperdine,,2026,False,Portal committed,2026-07-14T12:40:18+00:00
barttorvik-2026-194,Peter Bandelj,Cal Poly,Nevada,,2026,False,Portal committed,2026-07-14T12:40:18+00:00
barttorvik-2026-2746,Peteris Pinnis,Providence,Oregon St.,,2026,False,Portal committed,2026-07-14T12:40:18+00:00
barttorvik-2026-2151,Peyton Marshall,Georgia Tech,Charlotte,,2026,False,Portal committed,2026-07-14T12:40:18+00:00
barttorvik-2026-701,Pharaoh Compton,San Diego St.,Oregon,,2026,False,Portal committed,2026-07-14T12:40:18+00:00
barttorvik-2026-1270,Phoenix Glassnor,Toledo,Saint Peter's,,2026,False,Portal committed,2026-07-14T12:40:18+00:00
barttorvik-2026-1676,Ponce James,Delaware St.,North Carolina A&T,,2026,False,Portal committed,2026-07-14T12:40:18+00:00
barttorvik-2026-1635,Pop Isaacs,Texas A&M,Oklahoma,,2026,False,Portal committed,2026-07-14T12:40:18+00:00
barttorvik-2026-1624,Porter Ihnen,South Dakota,Northern St.,,2026,False,Portal committed,2026-07-14T12:40:18+00:00
barttorvik-2026-1621,Precious Idiaru,Gannon,IU Indy,,2026,False,Portal committed,2026-07-14T12:40:18+00:00
barttorvik-2026-2993,Preist Ryan,Cleveland St.,Canisius,,2026,False,Portal committed,2026-07-14T12:40:18+00:00
barttorvik-2026-722,Preston Copeland,Ball St.,Miami OH,,2026,False,Portal committed,2026-07-14T12:40:18+00:00
barttorvik-2026-992,Preston Edmead,Hofstra,N.C. State,,2026,False,Portal committed,2026-07-14T12:40:18+00:00
barttorvik-2026-3436,Preston Turner,Eastern Illinois,UTSA,,2026,False,Portal committed,2026-07-14T12:40:18+00:00
barttorvik-2026-2155,Qadir Martin,Mercyhurst,Fairfield,,2026,False,Portal committed,2026-07-14T12:40:18+00:00
barttorvik-2026-230,Quadri Bashiru,Longwood,Davidson,,2026,False,Portal committed,2026-07-14T12:40:18+00:00
barttorvik-2026-1970,Quan Lax,Austin Peay,North Alabama,,2026,False,Portal committed,2026-07-14T12:40:18+00:00
barttorvik-2026-286,Quante Berry,Memphis,Lamar,,2026,False,Portal committed,2026-07-14T12:40:18+00:00
barttorvik-2026-2259,Quaran McPherson,UAB,Louisiana Monroe,,2026,False,Portal committed,2026-07-14T12:40:18+00:00
barttorvik-2026-1572,Quel'Ron House,Southern Illinois,Texas St.,,2026,False,Portal committed,2026-07-14T12:40:18+00:00
barttorvik-2026-2878,Quentin Rhymes,Nebraska,Fresno St.,,2026,False,Portal committed,2026-07-14T12:40:18+00:00
barttorvik-2026-280,Quin Berger,Bucknell,Miami FL,,2026,False,Portal committed,2026-07-14T12:40:18+00:00
barttorvik-2026-75,Quincy Allen,Bryant,Southeastern Louisiana,,2026,False,Portal committed,2026-07-14T12:40:18+00:00
barttorvik-2026-217,Quintero Barnett,Walsh,Middle Tennessee,,2026,False,Portal committed,2026-07-14T12:40:18+00:00
barttorvik-2026-719,Quintin Cooper,Hampton,Odessa College,,2026,False,Portal committed,2026-07-14T12:40:18+00:00
barttorvik-2026-3021,Quinton Sanders,Lamar,Angelina College,,2026,False,Portal committed,2026-07-14T12:40:18+00:00
barttorvik-2026-3638,Quion Williams,Abilene Christian,Arkansas Pine Bluff,,2026,False,Portal committed,2026-07-14T12:40:18+00:00
barttorvik-2026-1881,R'Chaun King,Alabama St.,Southern,,2026,False,Portal committed,2026-07-14T12:40:18+00:00
barttorvik-2026-1329,RJ Greer,Davidson,UNC Greensboro,,2026,False,Portal committed,2026-07-14T12:40:18+00:00
barttorvik-2026-1717,RJ Johnson,Kennesaw St.,Mississippi St.,,2026,False,Portal committed,2026-07-14T12:40:18+00:00
barttorvik-2026-1759,RJ Jones,TCU,Washington St.,,2026,False,Portal committed,2026-07-14T12:40:18+00:00
barttorvik-2026-1828,RJ Keene,Boise St.,N.C. State,,2026,False,Portal committed,2026-07-14T12:40:18+00:00
barttorvik-2026-3169,RJ Smith,DePaul,UC Santa Barbara,,2026,False,Portal committed,2026-07-14T12:40:18+00:00
barttorvik-2026-3314,RJ Taylor,Northern Iowa,Oakland,,2026,False,Portal committed,2026-07-14T12:40:18+00:00
barttorvik-2026-1772,RaSheed Jones,Coastal Carolina,Rutgers,,2026,False,Portal committed,2026-07-14T12:40:18+00:00
barttorvik-2026-219,Rahmir Barno,Florida Gulf Coast,UC San Diego,,2026,False,Portal committed,2026-07-14T12:40:18+00:00
barttorvik-2026-2168,Ralph Martino Jr.,Saint Francis,Florida A&M,,2026,False,Portal committed,2026-07-14T12:40:18+00:00
barttorvik-2026-291,Ramel Bethea,Green Bay,The Citadel,,2026,False,Portal committed,2026-07-14T12:40:18+00:00
barttorvik-2026-948,Ramere Draper,Claflin,Western Michigan,,2026,False,Portal committed,2026-07-14T12:40:18+00:00
barttorvik-2026-3064,Ramone Seals,Kennesaw St.,FIU,,2026,False,Portal committed,2026-07-14T12:40:18+00:00
barttorvik-2026-3682,Rashaad Williams,Seton Hill,Georgia Southern,,2026,False,Portal committed,2026-07-14T12:40:18+00:00
barttorvik-2026-1631,Rashawn Inglemon,Anderson,Campbell,,2026,False,Portal committed,2026-07-14T12:40:18+00:00
barttorvik-2026-1336,Rayvon Griffith,Kent St.,Cleveland St.,,2026,False,Portal committed,2026-07-14T12:40:18+00:00
barttorvik-2026-2821,Raúl Pérez,Mount Olive,Ohio Dominican,,2026,False,Portal committed,2026-07-14T12:40:18+00:00
barttorvik-2026-3488,Raúl Villar,Charlotte,Elon,,2026,False,Portal committed,2026-07-14T12:40:18+00:00
barttorvik-2026-1317,ReJuan Gray,District of Columbia,Frostburg St.,,2026,False,Portal committed,2026-07-14T12:40:18+00:00
barttorvik-2026-3374,Redd Thompson Jr.,Longwood,Mount St. Mary's,,2026,False,Portal committed,2026-07-14T12:40:18+00:00
barttorvik-2026-2310,Reese Miller,William & Mary,UTEP,,2026,False,Portal committed,2026-07-14T12:40:18+00:00
barttorvik-2026-589,Reid Cason,East Carolina,UTEP,,2026,False,Portal committed,2026-07-14T12:40:18+00:00
barttorvik-2026-3193,Renars Sondors,Louisiana Monroe,Wyoming,,2026,False,Portal committed,2026-07-14T12:40:18+00:00
barttorvik-2026-3256,Rex Stirling,Wofford,Jacksonville,,2026,False,Portal committed,2026-07-14T12:40:18+00:00
barttorvik-2026-3285,Rex Sunderland,Stonehill,Utah Tech,,2026,False,Portal committed,2026-07-14T12:40:18+00:00
barttorvik-2026-1333,Riccardo Greppi,Wisconsin,Sam Houston St.,,2026,False,Portal committed,2026-07-14T12:40:18+00:00
barttorvik-2026-226,Rich Barron,Providence,Toledo,,2026,False,Portal committed,2026-07-14T12:40:18+00:00
barttorvik-2026-412,Rich Brisco,Akron,Rider,,2026,False,Portal committed,2026-07-14T12:40:18+00:00
barttorvik-2026-2959,Rich Rolf,Youngstown St.,Miami OH,,2026,False,Portal committed,2026-07-14T12:40:18+00:00
barttorvik-2026-1296,Richard Goods,Stony Brook,South Florida,,2026,False,Portal committed,2026-07-14T12:40:18+00:00
barttorvik-2026-2244,Ricky McKenzie,Marist,Eastern Florida State College,,2026,False,Portal committed,2026-07-14T12:40:18+00:00
barttorvik-2026-3440,Ridvan Tutic,Stonehill,Sacramento St.,,2026,False,Portal committed,2026-07-14T12:40:18+00:00
barttorvik-2026-2455,Ries Naugle,Bloomsburg,USC Upstate,,2026,False,Portal committed,2026-07-14T12:40:18+00:00
barttorvik-2026-3475,Rihards Vavers,Washington St.,Memphis,,2026,False,Portal committed,2026-07-14T12:40:18+00:00
barttorvik-2026-79,Riley Allenspach,George Mason,Cincinnati,,2026,False,Portal committed,2026-07-14T12:40:18+00:00
barttorvik-2026-2529,Ring Nyeri,Northern Colorado,Wake Forest,,2026,False,Portal committed,2026-07-14T12:40:18+00:00
barttorvik-2026-885,Rob Diaz,Long Beach St.,North Dakota St.,,2026,False,Portal committed,2026-07-14T12:40:18+00:00
barttorvik-2026-1986,"Rob Lee, Jr.",Lamar,Western Michigan,,2026,False,Portal committed,2026-07-14T12:40:18+00:00
barttorvik-2026-737,Robert Cowherd,Southern Miss,Louisiana Monroe,,2026,False,Portal committed,2026-07-14T12:40:18+00:00
barttorvik-2026-818,Robert Davis Jr.,Old Dominion,Troy,,2026,False,Portal committed,2026-07-14T12:40:18+00:00
barttorvik-2026-1702,Robert Jennings,Oklahoma St.,Maryland,,2026,False,Portal committed,2026-07-14T12:40:18+00:00
barttorvik-2026-3456,Robert Vaihola,Minnesota,San Jose St.,,2026,False,Portal committed,2026-07-14T12:40:18+00:00
barttorvik-2026-335,Roberts Blums,Davidson,Penn St.,,2026,False,Portal committed,2026-07-14T12:40:18+00:00
barttorvik-2026-108,Roddie Anderson III,Xavier,Seton Hall,,2026,False,Portal committed,2026-07-14T12:40:18+00:00
barttorvik-2026-431,Rodney Brown Jr.,Loyola Marymount,Seton Hall,,2026,False,Portal committed,2026-07-14T12:40:18+00:00
barttorvik-2026-67,Rolyns Aligbe,Southern Illinois,Xavier,,2026,False,Portal committed,2026-07-14T12:40:18+00:00
barttorvik-2026-3139,Roman Siulepa,Pittsburgh,Mississippi,,2026,False,Portal committed,2026-07-14T12:40:18+00:00
barttorvik-2026-1705,Ronald Jessamy,Cal St. Bakersfield,Texas St.,,2026,False,Portal committed,2026-07-14T12:40:18+00:00
barttorvik-2026-1513,Rondae Hill,Southern,Henderson St.,,2026,False,Portal committed,2026-07-14T12:40:18+00:00
barttorvik-2026-1450,Ronnie Harrison,East Texas A&M,Washington St.,,2026,False,Portal committed,2026-07-14T12:40:18+00:00
barttorvik-2026-315,Rontavious Blackshear,Youngstown St.,Niagara,,2026,False,Portal committed,2026-07-14T12:40:18+00:00
barttorvik-2026-552,Ross Candelino,Lipscomb,Fresno St.,,2026,False,Portal committed,2026-07-14T12:40:18+00:00
barttorvik-2026-462,Rowan Brumbaugh,Tulane,SMU,,2026,False,Portal committed,2026-07-14T12:40:18+00:00
barttorvik-2026-1018,Rrezon Elezaj,Connecticut,Appalachian St.,,2026,False,Portal committed,2026-07-14T12:40:18+00:00
barttorvik-2026-362,Ruben Bos,Spring Hill,Cedarville,,2026,False,Portal committed,2026-07-14T12:40:18+00:00
barttorvik-2026-927,Ruben Dominguez,Texas A&M,Xavier,,2026,False,Portal committed,2026-07-14T12:40:18+00:00
barttorvik-2026-39,Ryan Agarwal,Stanford,Loyola Chicago,,2026,False,Portal committed,2026-07-14T12:40:18+00:00
barttorvik-2026-247,Ryan Beasley,San Francisco,Washington,,2026,False,Portal committed,2026-07-14T12:40:18+00:00
barttorvik-2026-333,Ryan Blount,Tampa,Tulane,,2026,False,Portal committed,2026-07-14T12:40:18+00:00
barttorvik-2026-1483,Ryan Heath,Daemen,St. Bonaventure,,2026,False,Portal committed,2026-07-14T12:40:18+00:00
barttorvik-2026-1667,"Ryan Jackson, Jr.",William & Mary,UTEP,,2026,False,Portal committed,2026-07-14T12:40:18+00:00
barttorvik-2026-1808,Ryan Kalambay,Detroit Mercy,St. Bonaventure,,2026,False,Portal committed,2026-07-14T12:40:18+00:00
barttorvik-2026-1933,Ryan Lafferty,St. Thomas,Idaho,,2026,False,Portal committed,2026-07-14T12:40:18+00:00
barttorvik-2026-2520,Ryan Nutter,Marshall,Lincoln Memorial,,2026,False,Portal committed,2026-07-14T12:40:18+00:00
barttorvik-2026-2715,Ryan Pettis,Fordham,Wagner,,2026,False,Portal committed,2026-07-14T12:40:18+00:00
barttorvik-2026-2787,Ryan Prather Jr.,Robert Morris,Iowa St.,,2026,False,Portal committed,2026-07-14T12:40:18+00:00
barttorvik-2026-2998,Ryan Sabol,Buffalo,Providence,,2026,False,Portal committed,2026-07-14T12:40:18+00:00
barttorvik-2026-3198,Ryan Soulis,Columbia,Northwestern,,2026,False,Portal committed,2026-07-14T12:40:18+00:00
barttorvik-2026-3792,Ryan Zan,Fairfield,New Hampshire,,2026,False,Portal committed,2026-07-14T12:40:18+00:00
barttorvik-2026-387,Ryder Bradley,St. Edward's,Oakland,,2026,False,Portal committed,2026-07-14T12:40:18+00:00
barttorvik-2026-1194,Ryder Frost,Notre Dame,George Washington,,2026,False,Portal committed,2026-07-14T12:40:18+00:00
barttorvik-2026-2710,Rytis Petraitis,California,New Mexico,,2026,False,Portal committed,2026-07-14T12:40:18+00:00
barttorvik-2026-1615,Sadiku Ibine Ayo,St. John's,Iona,,2026,False,Portal committed,2026-07-14T12:40:18+00:00
barttorvik-2026-89,Salih Altuntas,Miami FL,Saint Mary's,,2026,False,Portal committed,2026-07-14T12:40:18+00:00
barttorvik-2026-1742,Sam Johnson,Cedarville,Wright St.,,2026,False,Portal committed,2026-07-14T12:40:18+00:00
barttorvik-2026-2585,Sam Orme,Belmont,Nebraska,,2026,False,Portal committed,2026-07-14T12:40:18+00:00
barttorvik-2026-3533,Sam Walters,SMU,Troy,,2026,False,Portal committed,2026-07-14T12:40:18+00:00
barttorvik-2026-3775,Samet Yigitoglu,SMU,Indiana,,2026,False,Portal committed,2026-07-14T12:40:18+00:00
barttorvik-2026-533,Samis Calderon,Kansas,Butler,,2026,False,Portal committed,2026-07-14T12:40:18+00:00
barttorvik-2026-59,Samson Aletan,Yale,Providence,,2026,False,Portal committed,2026-07-14T12:40:18+00:00
barttorvik-2026-2872,Samson Reilly,Quinnipiac,Sacred Heart,,2026,False,Portal committed,2026-07-14T12:40:18+00:00
barttorvik-2026-1525,Samuel Hincapie,Le Moyne,North Dakota,,2026,False,Portal committed,2026-07-14T12:40:18+00:00
barttorvik-2026-2513,Samuel Nosakhare,Quinnipiac,Gardner Webb,,2026,False,Portal committed,2026-07-14T12:40:18+00:00
barttorvik-2026-1195,Sananda Fru,Louisville,Marquette,,2026,False,Portal committed,2026-07-14T12:40:18+00:00
barttorvik-2026-3421,Santiago Trouet,Arizona St.,Mississippi,,2026,False,Portal committed,2026-07-14T12:40:18+00:00
barttorvik-2026-636,Sasa Ciani,Penn St.,Sacramento St.,,2026,False,Portal committed,2026-07-14T12:40:18+00:00
barttorvik-2026-2296,Scotty Middleton,Tulane,San Jose St.,,2026,False,Portal committed,2026-07-14T12:40:18+00:00
barttorvik-2026-323,Sean Blake,Vermont,Ball St.,,2026,False,Portal committed,2026-07-14T12:40:18+00:00
barttorvik-2026-324,Sean Blakely Drummond,San Francisco,Oregon St.,,2026,False,Portal committed,2026-07-14T12:40:18+00:00
barttorvik-2026-1021,Sean Elkinton,Louisiana,St. Edward's,,2026,False,Portal committed,2026-07-14T12:40:18+00:00
barttorvik-2026-1761,Sean Jones,Marquette,Toledo,,2026,False,Portal committed,2026-07-14T12:40:18+00:00
barttorvik-2026-2044,Sean Logan,Davidson,Saint Joseph's,,2026,False,Portal committed,2026-07-14T12:40:18+00:00
barttorvik-2026-2778,Sean Pouedet,Dayton,Cal St. Bakersfield,,2026,False,Portal committed,2026-07-14T12:40:18+00:00
barttorvik-2026-3460,Sean Van Dorn Jr.,Georgia Southern,Southern,,2026,False,Portal committed,2026-07-14T12:40:18+00:00
barttorvik-2026-48,Sebastian Akins,Wake Forest,Washington St.,,2026,False,Portal committed,2026-07-14T12:40:18+00:00
barttorvik-2026-1458,Sebastian Hartmann,Chattanooga,UMKC,,2026,False,Portal committed,2026-07-14T12:40:18+00:00
barttorvik-2026-2089,Sebastian Mack,Missouri,UNLV,,2026,False,Portal committed,2026-07-14T12:40:18+00:00
barttorvik-2026-2832,Sebastian Rancik,Colorado,Florida St.,,2026,False,Portal committed,2026-07-14T12:40:18+00:00
barttorvik-2026-2932,Sebastian Robinson,NJIT,Texas A&M Corpus Chris,,2026,False,Portal committed,2026-07-14T12:40:18+00:00
barttorvik-2026-3389,Sebastian Tidor,Portland St.,Prairie View A&M,,2026,False,Portal committed,2026-07-14T12:40:18+00:00
barttorvik-2026-3697,Sebastian Williams-Adams,Auburn,Vanderbilt,,2026,False,Portal committed,2026-07-14T12:40:18+00:00
barttorvik-2026-1910,Sekou Konneh,Milwaukee,San Diego,,2026,False,Portal committed,2026-07-14T12:40:18+00:00
barttorvik-2026-293,Semaj Bethea,Bloomfield,Holy Family,,2026,False,Portal committed,2026-07-14T12:40:18+00:00
barttorvik-2026-2376,Sentinel Moore,Anderson,Campbell,,2026,False,Portal committed,2026-07-14T12:40:18+00:00
barttorvik-2026-2093,Sergej Macura,Mississippi St.,UCLA,,2026,False,Portal committed,2026-07-14T12:40:18+00:00
barttorvik-2026-451,Seth Brown,Fresno Pacific,Gardner Webb,,2026,False,Portal committed,2026-07-14T12:40:18+00:00
barttorvik-2026-1583,Seth Hubbard,Milwaukee,Hampton,,2026,False,Portal committed,2026-07-14T12:40:18+00:00
barttorvik-2026-2471,Seth Ned,Northwestern St.,Lake St.,,2026,False,Portal committed,2026-07-14T12:40:18+00:00
barttorvik-2026-3414,Seydou Traore,Utah,West Virginia,,2026,False,Portal committed,2026-07-14T12:40:18+00:00
barttorvik-2026-1957,Shadrak Lasu,LIU,Eastern Kentucky,,2026,False,Portal committed,2026-07-14T12:40:18+00:00
barttorvik-2026-1589,Shamarrie Hugie,Marshall,Austin Peay,,2026,False,Portal committed,2026-07-14T12:40:18+00:00
barttorvik-2026-325,Shane Blakeney,Drexel,South Carolina,,2026,False,Portal committed,2026-07-14T12:40:18+00:00
barttorvik-2026-1939,Shane Lancaster,Alcorn St.,North Carolina A&T,,2026,False,Portal committed,2026-07-14T12:40:18+00:00
barttorvik-2026-3243,Shane Stevensen,Roosevelt,Life (GA),,2026,False,Portal committed,2026-07-14T12:40:18+00:00
barttorvik-2026-3781,Sharron Young,Akron,Western Kentucky,,2026,False,Portal committed,2026-07-14T12:40:18+00:00
barttorvik-2026-147,Shaun Arnold,UIndy,Tennessee Tech,,2026,False,Portal committed,2026-07-14T12:40:18+00:00
barttorvik-2026-2686,Sheek Pearson,Marquette,Saint Louis,,2026,False,Portal committed,2026-07-14T12:40:18+00:00
barttorvik-2026-1500,Shelton Henton,Colorado School of Mines,Lafayette,,2026,False,Portal committed,2026-07-14T12:40:18+00:00
barttorvik-2026-986,Shey Eberwein,South Dakota,UTSA,,2026,False,Portal committed,2026-07-14T12:40:18+00:00
barttorvik-2026-2,Shon Abaev,Cincinnati,Florida St.,,2026,False,Portal committed,2026-07-14T12:40:18+00:00
barttorvik-2026-3431,Shon Tupuola,Valparaiso,Murray St.,,2026,False,Portal committed,2026-07-14T12:40:18+00:00
barttorvik-2026-1352,Sidi Gueye,Arizona,Santa Clara,,2026,False,Portal committed,2026-07-14T12:40:18+00:00
barttorvik-2026-3630,Simeon Wilcher,Texas,Seton Hall,,2026,False,Portal committed,2026-07-14T12:40:18+00:00
barttorvik-2026-2995,Simm Saadi,Wyoming,Central Arkansas,,2026,False,Portal committed,2026-07-14T12:40:18+00:00
barttorvik-2026-2111,Simon Majok,Memphis,Nevada,,2026,False,Portal committed,2026-07-14T12:40:18+00:00
barttorvik-2026-1640,Sir Issac Herron,Louisiana Tech,Temple,,2026,False,Portal committed,2026-07-14T12:40:18+00:00
barttorvik-2026-2148,Sir Marius Jones,New Mexico,Weber St.,,2026,False,Portal committed,2026-07-14T12:40:18+00:00
barttorvik-2026-2350,Sir Mohammed,Notre Dame,Penn,,2026,False,Portal committed,2026-07-14T12:40:18+00:00
barttorvik-2026-535,Solomon Callaghan,Wright St.,Utah St.,,2026,False,Portal committed,2026-07-14T12:40:18+00:00
barttorvik-2026-781,Somto Cyril,Georgia,Miami FL,,2026,False,Portal committed,2026-07-14T12:40:18+00:00
barttorvik-2026-3709,Sonny Wilson,Toledo,South Florida,,2026,False,Portal committed,2026-07-14T12:40:18+00:00
barttorvik-2026-3124,Spence Sims,Gardner Webb,Winthrop,,2026,False,Portal committed,2026-07-14T12:40:18+00:00
barttorvik-2026-3597,Spence Wewe,Quinnipiac,Hofstra,,2026,False,Portal committed,2026-07-14T12:40:18+00:00
barttorvik-2026-1025,Spencer Elliott,Charlotte,UNC Wilmington,,2026,False,Portal committed,2026-07-14T12:40:18+00:00
barttorvik-2026-2107,Spencer Mahoney,Temple,Denver,,2026,False,Portal committed,2026-07-14T12:40:18+00:00
barttorvik-2026-3140,Stas Sivka,George Mason,William & Mary,,2026,False,Portal committed,2026-07-14T12:40:18+00:00
barttorvik-2026-2275,Steele Meister,Findlay,Mount Vernon Nazarene University,,2026,False,Portal committed,2026-07-14T12:40:18+00:00
barttorvik-2026-3478,Steele Venters,Gonzaga,Washington,,2026,False,Portal committed,2026-07-14T12:40:18+00:00
barttorvik-2026-3815,Stef van Bussel,Duquesne,South Dakota,,2026,False,Portal committed,2026-07-14T12:40:18+00:00
barttorvik-2026-637,Stefan Cicic,Pepperdine,Mississippi,,2026,False,Portal committed,2026-07-14T12:40:18+00:00
barttorvik-2026-3454,Stefan Vaaks,Providence,Illinois,,2026,False,Portal committed,2026-07-14T12:40:18+00:00
barttorvik-2026-3516,Stephaun Walker,Old Dominion,Alabama A&M,,2026,False,Portal committed,2026-07-14T12:40:18+00:00
barttorvik-2026-2570,Stephen Olowoniyi,Oregon St.,Duquesne,,2026,False,Portal committed,2026-07-14T12:40:18+00:00
barttorvik-2026-3189,Steven Solano,Saint Joseph's,Delaware,,2026,False,Portal committed,2026-07-14T12:40:18+00:00
barttorvik-2026-1013,Stevie Elam,Milwaukee,Miami OH,,2026,False,Portal committed,2026-07-14T12:40:18+00:00
barttorvik-2026-1051,Stewart Erhart,Fort Lewis,Green Bay,,2026,False,Portal committed,2026-07-14T12:40:18+00:00
barttorvik-2026-2730,Styles Phipps,Pepperdine,Nevada,,2026,False,Portal committed,2026-07-14T12:40:18+00:00
barttorvik-2026-1997,T.J. Lewis,USC Upstate,Francis Marion,,2026,False,Portal committed,2026-07-14T12:40:18+00:00
barttorvik-2026-222,T.O. Barrett,Missouri,Vanderbilt,,2026,False,Portal committed,2026-07-14T12:40:18+00:00
barttorvik-2026-493,TJ Burch,Wright St.,Utah,,2026,False,Portal committed,2026-07-14T12:40:18+00:00
barttorvik-2026-534,TJ Caldwell,Arkansas St.,UAB,,2026,False,Portal committed,2026-07-14T12:40:18+00:00
barttorvik-2026-2445,TJ Nadeau,Detroit Mercy,Tulane,,2026,False,Portal committed,2026-07-14T12:40:18+00:00
barttorvik-2026-2929,TJ Robinson,Saint Peter's,Longwood,,2026,False,Portal committed,2026-07-14T12:40:18+00:00
barttorvik-2026-3232,Tahj Staveskie,Incarnate Word,Akron,,2026,False,Portal committed,2026-07-14T12:40:18+00:00
barttorvik-2026-2716,Tahlan Pettway,Western Carolina,UNC Wilmington,,2026,False,Portal committed,2026-07-14T12:40:18+00:00
barttorvik-2026-609,Taison Chatman,Ohio St.,Utah,,2026,False,Portal committed,2026-07-14T12:40:18+00:00
barttorvik-2026-469,Taj Bryant,Sacred Heart,Wagner,,2026,False,Portal committed,2026-07-14T12:40:18+00:00
barttorvik-2026-845,Taj DeGourville,San Diego St.,Nebraska,,2026,False,Portal committed,2026-07-14T12:40:18+00:00
barttorvik-2026-2138,Taj Manning,Kansas St.,Iowa St.,,2026,False,Portal committed,2026-07-14T12:40:18+00:00
barttorvik-2026-3532,Taj Walters,Northern Illinois,Little Rock,,2026,False,Portal committed,2026-07-14T12:40:18+00:00
barttorvik-2026-1760,Tajae Jones,Siena,Wagner,,2026,False,Portal committed,2026-07-14T12:40:18+00:00
barttorvik-2026-3118,Tajuan Simpkins,Seton Hall,Mississippi St.,,2026,False,Portal committed,2026-07-14T12:40:18+00:00
barttorvik-2026-1109,Tameron Ferguson,Augustana,Arkansas St.,,2026,False,Portal committed,2026-07-14T12:40:18+00:00
barttorvik-2026-3776,Tan Yildizoglu,VMI,Siena,,2026,False,Portal committed,2026-07-14T12:40:18+00:00
barttorvik-2026-822,Tanner Davis,Utah Tech,Utah Valley,,2026,False,Portal committed,2026-07-14T12:40:18+00:00
barttorvik-2026-1475,Tanner Hayhurst,Southern Utah,Western Michigan,,2026,False,Portal committed,2026-07-14T12:40:18+00:00
barttorvik-2026-3342,Tanner Thomas,Loyola Marymount,Hofstra,,2026,False,Portal committed,2026-07-14T12:40:18+00:00
barttorvik-2026-1295,Tasman Goodrick,Siena,Syracuse,,2026,False,Portal committed,2026-07-14T12:40:18+00:00
barttorvik-2026-2224,Tate McCubbin,Austin Peay,Northern Iowa,,2026,False,Portal committed,2026-07-14T12:40:18+00:00
barttorvik-2026-721,Tavaj Cope,New Orleans,Tarleton St.,,2026,False,Portal committed,2026-07-14T12:40:18+00:00
barttorvik-2026-2373,Taye Moore,Mo.-St. Louis,Western Illinois,,2026,False,Portal committed,2026-07-14T12:40:18+00:00
barttorvik-2026-770,Tayeshawn Cunningham-Pemberton,Assumption,Quinnipiac,,2026,False,Portal committed,2026-07-14T12:40:18+00:00
barttorvik-2026-342,Taylor Bol Bowen,Alabama,Oregon,,2026,False,Portal committed,2026-07-14T12:40:18+00:00
barttorvik-2026-1448,"Tee Harris, Jr.",Wheeling,Winthrop,,2026,False,Portal committed,2026-07-14T12:40:18+00:00
barttorvik-2026-2827,Tennessee Rainwater,Le Moyne,Mercyhurst,,2026,False,Portal committed,2026-07-14T12:40:18+00:00
barttorvik-2026-135,Terrance Arceneaux,N.C. State,George Washington,,2026,False,Portal committed,2026-07-14T12:40:18+00:00
barttorvik-2026-916,Terrance Dixon Jr.,Southern,Georgia St.,,2026,False,Portal committed,2026-07-14T12:40:18+00:00
barttorvik-2026-1152,"Terrance Ford, Jr.",Tulsa,UNLV,,2026,False,Portal committed,2026-07-14T12:40:18+00:00
barttorvik-2026-3747,Terrell Wright,Newman,Central Oklahoma,,2026,False,Portal committed,2026-07-14T12:40:18+00:00
barttorvik-2026-436,Terrence Brown,Utah,North Carolina,,2026,False,Portal committed,2026-07-14T12:40:18+00:00
barttorvik-2026-1515,Terrence Hill Jr.,VCU,Tennessee,,2026,False,Portal committed,2026-07-14T12:40:18+00:00
barttorvik-2026-702,"Terry Coner, Jr.",Okla. Baptist,Cal Baptist,,2026,False,Portal committed,2026-07-14T12:40:18+00:00
barttorvik-2026-2255,Terry McMorris,Eastern Illinois,San Diego,,2026,False,Portal committed,2026-07-14T12:40:18+00:00
barttorvik-2026-3273,Thiago Sucatzky,FIU,Stetson,,2026,False,Portal committed,2026-07-14T12:40:18+00:00
barttorvik-2026-71,Thomas Allard,Alabama Huntsville,Penn St.,,2026,False,Portal committed,2026-07-14T12:40:18+00:00
barttorvik-2026-236,Thomas Bassong,Florida St.,Mississippi St.,,2026,False,Portal committed,2026-07-14T12:40:18+00:00
barttorvik-2026-893,Thomas Diew,Jamestown,Minnesota State,,2026,False,Portal committed,2026-07-14T12:40:18+00:00
barttorvik-2026-944,Thomas Dowd,Troy,Auburn,,2026,False,Portal committed,2026-07-14T12:40:18+00:00
barttorvik-2026-2463,Thomas Ndong,Cal Baptist,Saint Mary's,,2026,False,Portal committed,2026-07-14T12:40:18+00:00
barttorvik-2026-883,Tiefing Diawara,Syracuse,South Florida,,2026,False,Portal committed,2026-07-14T12:40:18+00:00
barttorvik-2026-3268,Tiernan Stynes,Quincy,Cal St. Fullerton,,2026,False,Portal committed,2026-07-14T12:40:18+00:00
barttorvik-2026-2537,Tim Oboh,Buffalo,Penn St.,,2026,False,Portal committed,2026-07-14T12:40:18+00:00
barttorvik-2026-2765,Timeo Pons,New Mexico,Abilene Christian,,2026,False,Portal committed,2026-07-14T12:40:18+00:00
barttorvik-2026-2983,Timofei Rudovskii,Bryant,Pittsburgh,,2026,False,Portal committed,2026-07-14T12:40:18+00:00
barttorvik-2026-2125,Timotej Malovec,Miami FL,Kansas St.,,2026,False,Portal committed,2026-07-14T12:40:18+00:00
barttorvik-2026-863,Tito Deng,Jacksonville,Charleston Southern,,2026,False,Portal committed,2026-07-14T12:40:18+00:00
barttorvik-2026-3013,Tolu Samuels,Southern Indiana,Northern Illinois,,2026,False,Portal committed,2026-07-14T12:40:18+00:00
barttorvik-2026-3385,Tomas Thrastarson,Washington St.,Seattle,,2026,False,Portal committed,2026-07-14T12:40:18+00:00
barttorvik-2026-485,Tomislav Buljan,New Mexico,Maryland,,2026,False,Portal committed,2026-07-14T12:40:18+00:00
barttorvik-2026-952,Tony Duckett,Saint Mary's,UC Riverside,,2026,False,Portal committed,2026-07-14T12:40:18+00:00
barttorvik-2026-86,Torey Alston,Middle Tennessee,VCU,,2026,False,Portal committed,2026-07-14T12:40:18+00:00
barttorvik-2026-3773,Tounde Yessoufou,Baylor,St. John's,,2026,False,Portal committed,2026-07-14T12:40:18+00:00
barttorvik-2026-3373,Trajan Thompson,Denver,West Florida,,2026,False,Portal committed,2026-07-14T12:40:18+00:00
barttorvik-2026-1727,Trap Johnson,UC San Diego,VMI,,2026,False,Portal committed,2026-07-14T12:40:18+00:00
barttorvik-2026-473,Travelle Bryson,Howard,Western Carolina,,2026,False,Portal committed,2026-07-14T12:40:18+00:00
barttorvik-2026-2704,Travis Perry,Mississippi,Dayton,,2026,False,Portal committed,2026-07-14T12:40:18+00:00
barttorvik-2026-3407,Travis Torain,Austin Peay,Fairleigh Dickinson,,2026,False,Portal committed,2026-07-14T12:40:18+00:00
barttorvik-2026-1468,Tre Hawkins,Goldey-Beacom,Delaware St.,,2026,False,Portal committed,2026-07-14T12:40:18+00:00
barttorvik-2026-2248,Tre McKinnon,Appalachian St.,Saint Leo,,2026,False,Portal committed,2026-07-14T12:40:18+00:00
barttorvik-2026-2509,Tre Norman,Marquette,Milwaukee,,2026,False,Portal committed,2026-07-14T12:40:18+00:00
barttorvik-2026-2784,Tre Powell,Goldey-Beacom,Chattanooga,,2026,False,Portal committed,2026-07-14T12:40:18+00:00
barttorvik-2026-3130,Tre Singleton,Northwestern,Iowa St.,,2026,False,Portal committed,2026-07-14T12:40:18+00:00
barttorvik-2026-3091,Tre'shawn Sheppard,LIU,Clark Atlanta,,2026,False,Portal committed,2026-07-14T12:40:18+00:00
barttorvik-2026-2297,Trent Middleton Jr.,North Carolina A&T,Louisiana,,2026,False,Portal committed,2026-07-14T12:40:18+00:00
barttorvik-2026-2399,Trent Mosquera,Le Moyne,Tennessee Tech,,2026,False,Portal committed,2026-07-14T12:40:18+00:00
barttorvik-2026-1991,Trevan Leonhardt,Utah Valley,Nebraska,,2026,False,Portal committed,2026-07-14T12:40:18+00:00
barttorvik-2026-576,Trevian Carson,North Dakota St.,Cincinnati,,2026,False,Portal committed,2026-07-14T12:40:18+00:00
barttorvik-2026-1931,Trevion LaBeaux,East Carolina,Western Kentucky,,2026,False,Portal committed,2026-07-14T12:40:18+00:00
barttorvik-2026-329,Trevon Blassingame,Idaho,William & Mary,,2026,False,Portal committed,2026-07-14T12:40:18+00:00
barttorvik-2026-2682,Trevon Payton,Arkansas Pine Bluff,Bradley,,2026,False,Portal committed,2026-07-14T12:40:18+00:00
barttorvik-2026-289,Trevor Best,Arizona St.,East Carolina,,2026,False,Portal committed,2026-07-14T12:40:18+00:00
barttorvik-2026-1174,Trevor Frank,Dallas Baptist,Portland St.,,2026,False,Portal committed,2026-07-14T12:40:18+00:00
barttorvik-2026-1495,Trevor Hennig,Weber St.,East Tennessee St.,,2026,False,Portal committed,2026-07-14T12:40:18+00:00
barttorvik-2026-2760,Trevor Polite,Northern Michigan,Northern Illinois,,2026,False,Portal committed,2026-07-14T12:40:18+00:00
barttorvik-2026-163,Trey Autry,George Washington,Wisconsin,,2026,False,Portal committed,2026-07-14T12:40:18+00:00
barttorvik-2026-433,Trey Brown,Maryland Eastern Shore,North Carolina Central,,2026,False,Portal committed,2026-07-14T12:40:18+00:00
barttorvik-2026-529,Trey Cady,North Florida,Denver,,2026,False,Portal committed,2026-07-14T12:40:18+00:00
barttorvik-2026-1566,Trey Horton,UTEP,Lincoln Memorial,,2026,False,Portal committed,2026-07-14T12:40:18+00:00
barttorvik-2026-1892,Trey Kleitz,Roberts Wesleyan,Houghton,,2026,False,Portal committed,2026-07-14T12:40:18+00:00
barttorvik-2026-2003,Trey Lewis,Western Michigan,Ball St.,,2026,False,Portal committed,2026-07-14T12:40:18+00:00
barttorvik-2026-2400,Trey Moss,George Washington,La Salle,,2026,False,Portal committed,2026-07-14T12:40:18+00:00
barttorvik-2026-2659,Trey Patterson,Rice,Saint Peter's,,2026,False,Portal committed,2026-07-14T12:40:18+00:00
barttorvik-2026-2702,Trey Perry,Miami OH,Coastal Carolina,,2026,False,Portal committed,2026-07-14T12:40:18+00:00
barttorvik-2026-2714,Trey Pettigrew,Johnson C. Smith,Morgan St.,,2026,False,Portal committed,2026-07-14T12:40:18+00:00
barttorvik-2026-3056,Trey Scott III,Georgia St.,Charleston,,2026,False,Portal committed,2026-07-14T12:40:18+00:00
barttorvik-2026-3114,Trey Simmons,Frostburg St.,Bowling Green,,2026,False,Portal committed,2026-07-14T12:40:18+00:00
barttorvik-2026-109,Treyson Anderson,North Dakota St.,Butler,,2026,False,Portal committed,2026-07-14T12:40:18+00:00
barttorvik-2026-2095,Treyvon Maddox,Miami FL,UNC Wilmington,,2026,False,Portal committed,2026-07-14T12:40:18+00:00
barttorvik-2026-251,Tristan Beckford,South Florida,Bowling Green,,2026,False,Portal committed,2026-07-14T12:40:18+00:00
barttorvik-2026-1344,Tristan Gross,Mercer,Radford,,2026,False,Portal committed,2026-07-14T12:40:18+00:00
barttorvik-2026-1151,Tristian Ford,Murray St.,Dayton,,2026,False,Portal committed,2026-07-14T12:40:18+00:00
barttorvik-2026-3555,Tru Washington,Miami FL,Xavier,,2026,False,Portal committed,2026-07-14T12:40:18+00:00
barttorvik-2026-527,Truman Byrne,Central Arkansas,Lipscomb,,2026,False,Portal committed,2026-07-14T12:40:18+00:00
barttorvik-2026-662,Truman Claytor IV,Little Rock,Georgia Southern,,2026,False,Portal committed,2026-07-14T12:40:18+00:00
barttorvik-2026-114,Tucker Anderson,Utah St.,Central Arkansas,,2026,False,Portal committed,2026-07-14T12:40:18+00:00
barttorvik-2026-3408,Tucker Tornatta,Valparaiso,Bellarmine,,2026,False,Portal committed,2026-07-14T12:40:18+00:00
barttorvik-2026-3455,Tunde Vahlberg Fasasi,William & Mary,New Mexico,,2026,False,Portal committed,2026-07-14T12:40:18+00:00
barttorvik-2026-298,Ty Bevins,George Washington,Rider,,2026,False,Portal committed,2026-07-14T12:40:18+00:00
barttorvik-2026-824,Ty Davis,Creighton,Samford,,2026,False,Portal committed,2026-07-14T12:40:18+00:00
barttorvik-2026-1170,Ty Francis,Northeastern,Le Moyne,,2026,False,Portal committed,2026-07-14T12:40:18+00:00
barttorvik-2026-2690,Ty Pence,Illinois St.,Akron,,2026,False,Portal committed,2026-07-14T12:40:18+00:00
barttorvik-2026-2947,Ty Rodgers,Illinois,Boise St.,,2026,False,Portal committed,2026-07-14T12:40:18+00:00
barttorvik-2026-3489,Ty Virgil,Pepperdine,Idaho St.,,2026,False,Portal committed,2026-07-14T12:40:18+00:00
barttorvik-2026-683,Ty'Reek Coleman,Illinois St.,Iowa,,2026,False,Portal committed,2026-07-14T12:40:18+00:00
barttorvik-2026-174,Tybo Bailey,East Carolina,Southeastern Louisiana,,2026,False,Portal committed,2026-07-14T12:40:18+00:00
barttorvik-2026-2226,Tycen McDaniels,Alcorn St.,UT Arlington,,2026,False,Portal committed,2026-07-14T12:40:18+00:00
barttorvik-2026-1998,Tylan Lewis,Abilene Christian,Trevecca Nazarene,,2026,False,Portal committed,2026-07-14T12:40:18+00:00
barttorvik-2026-2899,Tylen Riley,Tulsa,Cincinnati,,2026,False,Portal committed,2026-07-14T12:40:18+00:00
barttorvik-2026-253,Tyler Behrend,Tulsa,Grand Canyon,,2026,False,Portal committed,2026-07-14T12:40:18+00:00
barttorvik-2026-295,Tyler Betsey,Syracuse,BYU,,2026,False,Portal committed,2026-07-14T12:40:18+00:00
barttorvik-2026-366,Tyler Boston,Holy Cross,Seattle,,2026,False,Portal committed,2026-07-14T12:40:18+00:00
barttorvik-2026-1346,Tyler Grove,Indiana (PA),Walsh,,2026,False,Portal committed,2026-07-14T12:40:18+00:00
barttorvik-2026-1428,Tyler Harris,Vanderbilt,UNLV,,2026,False,Portal committed,2026-07-14T12:40:18+00:00
barttorvik-2026-1493,Tyler Hendricks,Utah Valley,Oklahoma,,2026,False,Portal committed,2026-07-14T12:40:18+00:00
barttorvik-2026-1574,Tyler Houser,Delaware,Chattanooga,,2026,False,Portal committed,2026-07-14T12:40:18+00:00
barttorvik-2026-1636,Tyler Isaak,Montana,Concordia Irvine,,2026,False,Portal committed,2026-07-14T12:40:18+00:00
barttorvik-2026-1654,Tyler Jackson,Eastern Kentucky,Hampton,,2026,False,Portal committed,2026-07-14T12:40:18+00:00
barttorvik-2026-1920,Tyler Kropp,Northwestern,Washington St.,,2026,False,Portal committed,2026-07-14T12:40:18+00:00
barttorvik-2026-1978,Tyler Lee,Central Arkansas,Lincoln Memorial,,2026,False,Portal committed,2026-07-14T12:40:18+00:00
barttorvik-2026-2079,Tyler Lundblade,Belmont,Tennessee,,2026,False,Portal committed,2026-07-14T12:40:18+00:00
barttorvik-2026-2247,Tyler McKinley,Cincinnati,Charlotte,,2026,False,Portal committed,2026-07-14T12:40:18+00:00
barttorvik-2026-2408,Tyler Mrus,BYU,The Citadel,,2026,False,Portal committed,2026-07-14T12:40:18+00:00
barttorvik-2026-2647,Tyler Parrish,UIndy,Winthrop,,2026,False,Portal committed,2026-07-14T12:40:18+00:00
barttorvik-2026-2960,Tyler Rolison,Nevada,Southeastern Louisiana,,2026,False,Portal committed,2026-07-14T12:40:18+00:00
barttorvik-2026-3327,Tyler Tejada,Towson,Cincinnati,,2026,False,Portal committed,2026-07-14T12:40:18+00:00
barttorvik-2026-3503,Tyler Wagner,Austin Peay,North Dakota,,2026,False,Portal committed,2026-07-14T12:40:18+00:00
barttorvik-2026-3580,Tylik Weeks,Southern Miss,Memphis,,2026,False,Portal committed,2026-07-14T12:40:18+00:00
barttorvik-2026-1787,Tylis Jordan,Mississippi,Georgia Tech,,2026,False,Portal committed,2026-07-14T12:40:18+00:00
barttorvik-2026-610,Tylon Chatman,Lee,UNC Asheville,,2026,False,Portal committed,2026-07-14T12:40:18+00:00
barttorvik-2026-1094,Tyonne Farrell,Morehead St.,Nicholls St.,,2026,False,Portal committed,2026-07-14T12:40:18+00:00
barttorvik-2026-2172,Tyran Mason,UT Arlington,East Tennessee St.,,2026,False,Portal committed,2026-07-14T12:40:18+00:00
barttorvik-2026-1026,Tyrese Elliott,West Alabama,Mississippi Valley St.,,2026,False,Portal committed,2026-07-14T12:40:18+00:00
barttorvik-2026-2898,Tyrone Riley IV,San Francisco,Oregon,,2026,False,Portal committed,2026-07-14T12:40:18+00:00
barttorvik-2026-137,Tyshawn Archie,McNeese St.,Texas A&M,,2026,False,Portal committed,2026-07-14T12:40:18+00:00
barttorvik-2026-3075,Tyson Sexton,Montevallo,Auburn Montgomery,,2026,False,Portal committed,2026-07-14T12:40:18+00:00
barttorvik-2026-2648,Tyus Parrish-Tillman,Biola,UC Riverside,,2026,False,Portal committed,2026-07-14T12:40:18+00:00
barttorvik-2026-442,T’Johnn Brown,McNeese St.,UT Rio Grande Valley,,2026,False,Portal committed,2026-07-14T12:40:18+00:00
barttorvik-2026-1688,Ugnius Jarusevicius,Nebraska,Arizona,,2026,False,Portal committed,2026-07-14T12:40:18+00:00
barttorvik-2026-491,Uzziah Buntyn,South Dakota,Northern Illinois,,2026,False,Portal committed,2026-07-14T12:40:18+00:00
barttorvik-2026-3808,Vangelis Zougris,Louisville,Saint Mary's,,2026,False,Portal committed,2026-07-14T12:40:18+00:00
barttorvik-2026-80,Vasean Allette,UTSA,LIU,,2026,False,Portal committed,2026-07-14T12:40:18+00:00
barttorvik-2026-13,Veniamin Abosi,San Francisco,UC Davis,,2026,False,Portal committed,2026-07-14T12:40:18+00:00
barttorvik-2026-127,Vere Anthony,New Haven,Jefferson,,2026,False,Portal committed,2026-07-14T12:40:18+00:00
barttorvik-2026-692,Vernon Collins,Western Carolina,UNC Greensboro,,2026,False,Portal committed,2026-07-14T12:40:18+00:00
barttorvik-2026-3793,Vice Zanki,Niagara,La Salle,,2026,False,Portal committed,2026-07-14T12:40:18+00:00
barttorvik-2026-2678,Victor Payne,Saint Francis,Central Connecticut,,2026,False,Portal committed,2026-07-14T12:40:18+00:00
barttorvik-2026-3457,Victor Valdes,Troy,Georgia Tech,,2026,False,Portal committed,2026-07-14T12:40:18+00:00
barttorvik-2026-2577,Victory Onuetu,Hofstra,Wisconsin,,2026,False,Portal committed,2026-07-14T12:40:18+00:00
barttorvik-2026-3468,Viljami Vartiainen,Weber St.,UC Santa Barbara,,2026,False,Portal committed,2026-07-14T12:40:18+00:00
barttorvik-2026-1217,Villiam Garcia Adsten,Drexel,Maine,,2026,False,Portal committed,2026-07-14T12:40:18+00:00
barttorvik-2026-2480,Vincent Neugebauer,Florida Atlantic,Belmont,,2026,False,Portal committed,2026-07-14T12:40:18+00:00
barttorvik-2026-614,Vinny Chaudhri,George Washington,Wake Forest,,2026,False,Portal committed,2026-07-14T12:40:18+00:00
barttorvik-2026-3106,Vinny Sigona,East Texas A&M,Canisius,,2026,False,Portal committed,2026-07-14T12:40:18+00:00
barttorvik-2026-2700,Vito Perkovic,East Carolina,Portland,,2026,False,Portal committed,2026-07-14T12:40:18+00:00
barttorvik-2026-363,Vuk Boskovic,San Diego,Bethune Cookman,,2026,False,Portal committed,2026-07-14T12:40:18+00:00
barttorvik-2026-3401,Vukasin Todorovic,Green Bay,Niagara,,2026,False,Portal committed,2026-07-14T12:40:18+00:00
barttorvik-2026-158,Walker Asp,Northern Colorado,Colorado Mesa,,2026,False,Portal committed,2026-07-14T12:40:18+00:00
barttorvik-2026-3396,Walker Timme,Northern Arizona,Alaska Anchorage,,2026,False,Portal committed,2026-07-14T12:40:18+00:00
barttorvik-2026-549,Walter Campbell,Lincoln Memorial,New Orleans,,2026,False,Portal committed,2026-07-14T12:40:18+00:00
barttorvik-2026-3334,Waqo Tessema,Cleveland St.,USC Upstate,,2026,False,Portal committed,2026-07-14T12:40:18+00:00
barttorvik-2026-1045,Wes Enis,South Florida,Creighton,,2026,False,Portal committed,2026-07-14T12:40:18+00:00
barttorvik-2026-1798,Wilguens Jr. Exacte,Drake,Mount St. Mary's,,2026,False,Portal committed,2026-07-14T12:40:18+00:00
barttorvik-2026-70,Will Aljancic,Holy Cross,Flagler,,2026,False,Portal committed,2026-07-14T12:40:18+00:00
barttorvik-2026-814,Will Davies,Saint Anselm,Vermont,,2026,False,Portal committed,2026-07-14T12:40:18+00:00
barttorvik-2026-914,Will Dixion III,Northern Colorado,CarolinaU,,2026,False,Portal committed,2026-07-14T12:40:18+00:00
barttorvik-2026-1164,Will Fowler,Converse,Canisius,,2026,False,Portal committed,2026-07-14T12:40:18+00:00
barttorvik-2026-1563,Will Hornseth,Northern Iowa,Utah St.,,2026,False,Portal committed,2026-07-14T12:40:18+00:00
barttorvik-2026-1929,Will Kuykendall,Baylor,Alaska Anchorage,,2026,False,Portal committed,2026-07-14T12:40:18+00:00
barttorvik-2026-2067,Will Lovings-Watts,Union (NY),Chicago St.,,2026,False,Portal committed,2026-07-14T12:40:18+00:00
barttorvik-2026-2213,Will McClendon,North Texas,Pepperdine,,2026,False,Portal committed,2026-07-14T12:40:18+00:00
barttorvik-2026-3101,Will Shortt,Niagara,Northern Kentucky,,2026,False,Portal committed,2026-07-14T12:40:18+00:00
barttorvik-2026-1286,William Gonzalez,Bethune Cookman,Seminole State College,,2026,False,Portal committed,2026-07-14T12:40:18+00:00
barttorvik-2026-1594,William Humer,Northern Colorado,Barry,,2026,False,Portal committed,2026-07-14T12:40:18+00:00
barttorvik-2026-1858,William Kermoury,Northeastern,UNC Wilmington,,2026,False,Portal committed,2026-07-14T12:40:18+00:00
barttorvik-2026-2660,William Patterson,New Orleans,Wagner,,2026,False,Portal committed,2026-07-14T12:40:18+00:00
barttorvik-2026-3298,William Sydnor,Manhattan,Rutgers,,2026,False,Portal committed,2026-07-14T12:40:18+00:00
barttorvik-2026-1671,Wilson Jacques,Fresno St.,DePaul,,2026,False,Portal committed,2026-07-14T12:40:18+00:00
barttorvik-2026-2313,Win Miller,Belmont,Samford,,2026,False,Portal committed,2026-07-14T12:40:18+00:00
barttorvik-2026-1307,Winters Grady,Michigan,Minnesota,,2026,False,Portal committed,2026-07-14T12:40:18+00:00
barttorvik-2026-3417,Wyatt Triestman,Eckerd,Maine,,2026,False,Portal committed,2026-07-14T12:40:18+00:00
barttorvik-2026-858,Wylee Delorme,North Dakota,Jamestown,,2026,False,Portal committed,2026-07-14T12:40:18+00:00
barttorvik-2026-54,Xander Alarie,Northeastern,Bradley,,2026,False,Portal committed,2026-07-14T12:40:18+00:00
barttorvik-2026-2747,Xander Pintelon,Florida Atlantic,Wake Forest,,2026,False,Portal committed,2026-07-14T12:40:18+00:00
barttorvik-2026-3579,Xander Wedlow,St. Bonaventure,Texas Southern,,2026,False,Portal committed,2026-07-14T12:40:18+00:00
barttorvik-2026-18,Xavier Abreu,Northeastern,Charleston,,2026,False,Portal committed,2026-07-14T12:40:18+00:00
barttorvik-2026-429,Xavier Brown,South Florida,UNC Wilmington,,2026,False,Portal committed,2026-07-14T12:40:18+00:00
barttorvik-2026-3213,Xavier Spencer,UMass Lowell,Lindenwood,,2026,False,Portal committed,2026-07-14T12:40:18+00:00
barttorvik-2026-3367,Xavier Thomas,Saginaw Valley,Lindenwood,,2026,False,Portal committed,2026-07-14T12:40:18+00:00
barttorvik-2026-3231,Xavion Staton,BYU,Oregon St.,,2026,False,Portal committed,2026-07-14T12:40:18+00:00
barttorvik-2026-3758,Yaak Yaak,Oregon St.,Oklahoma,,2026,False,Portal committed,2026-07-14T12:40:18+00:00
barttorvik-2026-851,Yel Deeng,Norfolk St.,Angelo St.,,2026,False,Portal committed,2026-07-14T12:40:18+00:00
barttorvik-2026-3547,Yesan Warren,Cal St. Fullerton,Southern Indiana,,2026,False,Portal committed,2026-07-14T12:40:18+00:00
barttorvik-2026-282,Yoav Berman,Queens,Duquesne,,2026,False,Portal committed,2026-07-14T12:40:18+00:00
barttorvik-2026-3138,Yohann Sissoko,Florida Atlantic,Long Beach St.,,2026,False,Portal committed,2026-07-14T12:40:18+00:00
barttorvik-2026-1995,Yonatan Levy,Pepperdine,Chattanooga,,2026,False,Portal committed,2026-07-14T12:40:18+00:00
barttorvik-2026-881,Yoro Diallo,UVA Wise,Notre Dame,,2026,False,Portal committed,2026-07-14T12:40:18+00:00
barttorvik-2026-1193,Youri Fritz,Northeastern,Pepperdine,,2026,False,Portal committed,2026-07-14T12:40:18+00:00
barttorvik-2026-3761,Yuto Yamanouchi-Williams,Oral Roberts,Southern Indiana,,2026,False,Portal committed,2026-07-14T12:40:18+00:00
barttorvik-2026-1580,Zach Howell,Drury,Bowling Green,,2026,False,Portal committed,2026-07-14T12:40:18+00:00
barttorvik-2026-2721,Zach Philipkoski,Daemen,St. Bonaventure,,2026,False,Portal committed,2026-07-14T12:40:18+00:00
barttorvik-2026-1734,Zachary Johnson,UCF,USC Upstate,,2026,False,Portal committed,2026-07-14T12:40:18+00:00
barttorvik-2026-641,Zachiah Clark,UC Santa Barbara,William & Mary,,2026,False,Portal committed,2026-07-14T12:40:18+00:00
barttorvik-2026-812,Zack Davidson,Northern Arizona,Hawaii,,2026,False,Portal committed,2026-07-14T12:40:18+00:00
barttorvik-2026-2072,Zaide Lowery,Marquette,Dayton,,2026,False,Portal committed,2026-07-14T12:40:18+00:00
barttorvik-2026-3586,Zamoku Weluche-Ume,North Carolina A&T,Old Dominion,,2026,False,Portal committed,2026-07-14T12:40:18+00:00
barttorvik-2026-1133,Zavier Fitch,Wagner,UNC Greensboro,,2026,False,Portal committed,2026-07-14T12:40:18+00:00
barttorvik-2026-1879,Zaxton King,Missouri St.,Illinois St.,,2026,False,Portal committed,2026-07-14T12:40:18+00:00
barttorvik-2026-1509,Zayden High,North Carolina,South Florida,,2026,False,Portal committed,2026-07-14T12:40:18+00:00
barttorvik-2026-989,Zine Eddine Bedri,Columbia,San Jose St.,,2026,False,Portal committed,2026-07-14T12:40:18+00:00
barttorvik-2026-3071,Zion Sensley,UC Santa Barbara,Loyola Marymount,,2026,False,Portal committed,2026-07-14T12:40:18+00:00
barttorvik-2026-3228,Zion Stanford,Villanova,Towson,,2026,False,Portal committed,2026-07-14T12:40:18+00:00
barttorvik-2026-3629,Zion Wilburn,Samford,Georgia St.,,2026,False,Portal committed,2026-07-14T12:40:18+00:00
barttorvik-2026-879,Zoom Diallo,Washington,Kentucky,,2026,False,Portal committed,2026-07-14T12:40:18+00:00
barttorvik-2026-1660,Zundrá Jackson,Coker,UIndy,,2026,False,Portal committed,2026-07-14T12:40:18+00:00
